order_id,order_ts,order_dt_local,customer_id,store_id,channel,payment_method,coupon_code,shipping_fee,currency
1,2023-12-08T13:46:52Z,2023-12-08,51073,3741,Franchise,Credit Card,COUPON044,6.59,USD
2,2023-06-07T21:17:50Z,2023-06-07,70796,2738,Franchise,Credit Card,COUPON012,41.13,EUR
3,2023-01-12T23:11:04Z,2023-01-12,9177,3344,Retail,Cash,COUPON038,41.88,AUD
4,2023-01-17T11:49:25Z,2023-01-17,10021,1025,Retail,Cash,COUPON021,9.59,AUD
5,2024-06-10T17:12:55Z,2024-06-10,45100,2854,Retail,Cash,COUPON003,37.31,USD
6,2024-04-21T23:21:42Z,2024-04-21,8214,870,Online,Afterpay,COUPON025,4.63,AUD
7,2024-08-28T10:19:02Z,2024-08-28,52926,185,Retail,Cash,COUPON004,32.02,EUR
8,2024-05-06T04:51:37Z,2024-05-06,63487,961,Franchise,Cash,COUPON009,5.35,AUD
9,2023-10-16T18:20:31Z,2023-10-16,30670,404,Online,Credit Card,COUPON049,15.25,USD
10,2024-04-26T19:05:28Z,2024-04-26,21531,3310,Franchise,Credit Card,COUPON023,12.16,USD
11,2024-05-02T04:52:59Z,2024-05-02,46535,2825,Online,Gift Card,COUPON012,47.60,USD
12,2024-05-30T12:51:00Z,2024-05-30,77721,2408,Retail,Cash,COUPON006,18.45,AUD
13,2023-05-25T11:36:52Z,2023-05-25,54420,3520,Online,Afterpay,COUPON034,6.16,EUR
14,2024-03-21T23:32:38Z,2024-03-21,25864,3398,Retail,Cash,COUPON044,13.60,USD
15,2023-06-01T04:53:11Z,2023-06-01,3776,3538,Online,PayPal,COUPON045,35.30,EUR
16,2023-08-12T08:34:33Z,2023-08-12,27731,2581,Retail,PayPal,COUPON038,34.28,USD
17,2023-08-19T00:56:23Z,2023-08-19,22344,1765,Retail,Cash,COUPON048,16.74,AUD
18,2024-04-23T04:46:57Z,2024-04-23,700,903,Retail,Gift Card,COUPON032,25.89,AUD
19,2024-05-17T19:10:12Z,2024-05-17,14289,4719,Retail,Gift Card,COUPON010,46.43,EUR
20,2024-07-04T14:49:51Z,2024-07-04,88165,5556,Online,Afterpay,COUPON010,26.11,USD
21,2024-03-29T10:36:45Z,2024-03-29,10042,2174,Retail,Afterpay,COUPON025,8.13,EUR
22,2023-05-08T02:12:08Z,2023-05-08,16730,4018,Online,Afterpay,COUPON007,8.05,USD
23,2024-07-04T20:59:24Z,2024-07-04,42812,354,Franchise,Credit Card,COUPON015,32.74,USD
24,2024-02-18T17:53:58Z,2024-02-18,34485,1556,Franchise,PayPal,COUPON028,12.73,EUR
25,2024-01-26T10:43:53Z,2024-01-26,12016,3093,Franchise,Cash,COUPON012,16.16,USD
26,2024-04-18T16:42:08Z,2024-04-18,61701,2644,Franchise,PayPal,COUPON005,39.22,AUD
27,2024-06-28T04:24:31Z,2024-06-28,71698,150,Retail,Credit Card,COUPON034,38.58,EUR
28,2024-01-09T05:38:43Z,2024-01-09,76590,3066,Retail,PayPal,,6.10,AUD
29,2023-02-26T17:22:10Z,2023-02-26,29572,1207,Franchise,PayPal,COUPON039,15.40,EUR
30,2024-01-12T14:40:45Z,2024-01-12,14688,2096,Retail,Afterpay,COUPON015,2.23,EUR
31,2023-07-12T12:43:23Z,2023-07-12,46963,4605,Online,Gift Card,COUPON014,33.47,USD
32,2023-02-03T23:32:57Z,2023-02-03,71411,2341,Franchise,Cash,COUPON031,44.68,AUD
33,2023-02-09T10:36:30Z,2023-02-09,5753,1598,Franchise,Credit Card,COUPON043,24.87,EUR
34,2023-12-11T02:21:20Z,2023-12-11,48804,4769,Online,Afterpay,COUPON014,36.86,AUD
35,2024-03-23T22:46:39Z,2024-03-23,8167,3072,Online,Afterpay,COUPON039,14.42,EUR
36,2023-01-17T00:03:10Z,2023-01-17,79592,4521,Retail,Cash,COUPON038,18.91,EUR
37,2024-03-05T13:16:44Z,2024-03-05,76313,1161,Retail,Afterpay,COUPON032,16.75,USD
38,2024-03-16T07:44:01Z,2024-03-16,78152,438,Retail,Credit Card,COUPON010,1.78,AUD
39,2024-04-22T04:11:00Z,2024-04-22,71959,1674,Online,PayPal,COUPON036,41.93,EUR
40,2023-05-18T06:11:28Z,2023-05-18,486,4915,Retail,Cash,COUPON049,10.74,EUR
41,2023-06-06T05:41:00Z,2023-06-06,75494,984,Franchise,Credit Card,COUPON023,4.35,AUD
42,2023-03-30T14:44:51Z,2023-03-30,36061,2402,Franchise,PayPal,COUPON003,34.90,AUD
43,2024-04-13T06:18:39Z,2024-04-13,32012,1102,Franchise,Afterpay,COUPON041,5.98,EUR
44,2024-06-06T23:33:25Z,2024-06-06,38334,3661,Retail,PayPal,COUPON003,39.91,AUD
45,2023-07-05T01:30:25Z,2023-07-05,61890,34,Franchise,Credit Card,COUPON032,3.73,USD
46,2024-02-13T04:14:32Z,2024-02-13,52348,1476,Retail,Cash,COUPON025,41.86,USD
47,2024-07-27T05:50:07Z,2024-07-27,74653,4140,Online,Gift Card,COUPON002,6.95,USD
48,2023-02-09T20:22:48Z,2023-02-09,60419,1109,Retail,Gift Card,COUPON009,9.86,USD
49,2023-10-03T12:22:51Z,2023-10-03,43527,1122,Franchise,Gift Card,COUPON005,13.26,AUD
50,2024-09-05T13:11:33Z,2024-09-05,929,2582,Franchise,Credit Card,COUPON015,5.13,AUD
51,2023-02-06T04:15:03Z,2023-02-06,22492,4670,Retail,PayPal,COUPON030,22.63,USD
52,2023-04-29T13:57:59Z,2023-04-29,20341,1618,Franchise,PayPal,COUPON031,46.91,AUD
53,2024-09-15T20:14:25Z,2024-09-15,6907,2106,Franchise,Credit Card,COUPON038,7.59,AUD
54,2023-12-06T01:04:32Z,2023-12-06,58275,4473,Retail,PayPal,COUPON007,45.16,EUR
55,2024-05-23T17:05:06Z,2024-05-23,28524,1039,Online,PayPal,COUPON003,22.20,EUR
56,2023-07-15T22:02:16Z,2023-07-15,11163,2833,Franchise,PayPal,COUPON041,26.35,EUR
57,2024-01-16T04:57:26Z,2024-01-16,36444,2507,Online,Afterpay,COUPON041,11.85,USD
58,2023-12-01T07:00:37Z,2023-12-01,85242,5113,Online,Credit Card,COUPON028,20.96,USD
59,2023-09-05T19:54:01Z,2023-09-05,61244,2311,Retail,Cash,COUPON043,47.27,AUD
60,2023-07-02T06:45:31Z,2023-07-02,71083,4133,Retail,Gift Card,COUPON030,24.19,EUR
61,2023-07-08T00:04:53Z,2023-07-08,44538,1267,Franchise,PayPal,,22.15,USD
62,2023-01-25T03:04:12Z,2023-01-25,59345,4360,Retail,PayPal,COUPON029,0.54,AUD
63,2023-04-14T10:47:01Z,2023-04-14,47989,1584,Online,Credit Card,COUPON044,15.12,AUD
64,2024-07-01T02:55:47Z,2024-07-01,40597,1848,Online,Credit Card,COUPON029,20.79,EUR
65,2023-04-29T11:07:00Z,2023-04-29,27818,1573,Online,Credit Card,COUPON018,32.09,USD
66,2023-12-19T01:16:39Z,2023-12-19,24245,2572,Retail,Credit Card,COUPON041,27.37,USD
67,2023-02-09T20:27:32Z,2023-02-09,55241,3319,Online,PayPal,COUPON031,30.11,USD
68,2024-04-22T13:24:24Z,2024-04-22,14012,2299,Retail,PayPal,COUPON019,42.19,USD
69,2024-03-06T21:08:24Z,2024-03-06,26047,4330,Online,Afterpay,COUPON034,3.19,AUD
70,2023-04-04T20:58:49Z,2023-04-04,40628,284,Franchise,Cash,COUPON029,5.84,AUD
71,2023-01-24T00:29:19Z,2023-01-24,9790,3832,Franchise,PayPal,COUPON048,48.59,USD
72,2023-01-05T18:53:49Z,2023-01-05,89283,5488,Franchise,Gift Card,COUPON042,48.29,AUD
73,2023-11-10T19:48:40Z,2023-11-10,73410,497,Online,Gift Card,COUPON025,36.78,AUD
74,2024-09-29T14:53:52Z,2024-09-29,53779,2043,Retail,Credit Card,COUPON044,4.16,EUR
75,2023-04-29T15:57:59Z,2023-04-29,3555,1491,Retail,Gift Card,COUPON040,31.00,EUR
76,2024-03-11T22:22:13Z,2024-03-11,48894,4699,Franchise,PayPal,COUPON010,37.08,EUR
77,2024-08-03T17:20:18Z,2024-08-03,19030,4066,Online,Cash,COUPON008,20.45,EUR
78,2023-01-29T20:02:01Z,2023-01-29,68821,2606,Retail,Cash,COUPON020,15.47,USD
79,2024-05-06T04:01:45Z,2024-05-06,39169,3122,Retail,Gift Card,COUPON034,10.05,EUR
80,2024-09-19T20:15:16Z,2024-09-19,72392,2760,Franchise,Cash,COUPON035,34.70,AUD
81,2023-10-02T08:40:59Z,2023-10-02,24830,2829,Franchise,Cash,COUPON032,33.27,AUD
82,2024-05-29T08:07:45Z,2024-05-29,47329,110,Franchise,PayPal,COUPON011,38.19,EUR
83,2024-08-02T19:48:53Z,2024-08-02,69545,3210,Retail,PayPal,COUPON004,4.42,EUR
84,2023-09-04T01:30:02Z,2023-09-04,55307,1214,Franchise,Afterpay,COUPON011,8.11,EUR
85,2023-12-08T01:46:50Z,2023-12-08,10643,3475,Retail,Cash,COUPON033,1.79,EUR
86,2023-09-26T14:54:28Z,2023-09-26,64388,2651,Online,Cash,COUPON049,48.89,EUR
87,2023-11-14T01:04:10Z,2023-11-14,42782,4986,Retail,Credit Card,COUPON002,14.26,EUR
88,2024-05-09T20:26:11Z,2024-05-09,53787,160,Franchise,Cash,COUPON045,42.82,USD
89,2023-12-07T21:08:46Z,2023-12-07,56789,3484,Franchise,PayPal,COUPON025,46.38,EUR
90,2023-12-27T13:28:15Z,2023-12-27,43706,4762,Online,Cash,COUPON025,40.31,AUD
91,2024-04-29T16:03:39Z,2024-04-29,35327,3646,Online,Cash,COUPON048,37.14,EUR
92,2023-03-30T00:33:51Z,2023-03-30,49492,2929,Franchise,Cash,COUPON046,28.72,EUR
93,2024-10-01T11:55:31Z,2024-10-01,26590,2531,Online,Credit Card,COUPON031,12.93,AUD
94,2024-03-07T23:24:07Z,2024-03-07,27638,3626,Retail,Credit Card,COUPON029,18.50,USD
95,2023-04-11T08:33:23Z,2023-04-11,34859,699,Online,PayPal,COUPON039,5.95,EUR
96,2023-06-17T05:04:44Z,2023-06-17,20573,869,Franchise,Gift Card,COUPON011,21.26,AUD
97,2023-08-03T02:25:06Z,2023-08-03,26206,3673,Online,Cash,COUPON028,21.75,EUR
98,2023-06-06T14:30:37Z,2023-06-06,42581,4122,Franchise,Gift Card,COUPON021,22.79,AUD
99,2023-03-07T07:20:46Z,2023-03-07,19635,3970,Online,PayPal,COUPON027,42.69,USD
100,2024-04-05T08:35:41Z,2024-04-05,59549,824,Online,Afterpay,COUPON037,19.91,EUR
101,2024-09-25T20:06:25Z,2024-09-25,3487,2507,Franchise,Gift Card,COUPON023,32.65,EUR
102,2023-02-22T01:07:15Z,2023-02-22,73889,2941,Retail,Cash,COUPON021,35.40,EUR
103,2024-08-05T08:54:34Z,2024-08-05,48625,4373,Online,Afterpay,COUPON003,31.95,EUR
104,2023-06-18T06:20:42Z,2023-06-18,32872,4096,Franchise,Gift Card,COUPON042,12.69,EUR
105,2024-07-27T06:11:21Z,2024-07-27,46289,272,Online,Credit Card,COUPON045,15.00,EUR
106,2023-09-12T17:32:26Z,2023-09-12,10279,1921,Retail,Credit Card,COUPON035,14.94,USD
107,2024-06-20T02:44:14Z,2024-06-20,16649,2015,Franchise,Gift Card,COUPON039,32.73,USD
108,2023-06-28T03:18:14Z,2023-06-28,22036,4275,Online,Gift Card,COUPON009,32.84,USD
109,2024-07-14T05:39:10Z,2024-07-14,21664,2911,Online,Cash,COUPON002,28.82,AUD
110,2024-03-03T08:22:21Z,2024-03-03,79053,797,Online,Credit Card,COUPON033,48.53,EUR
111,2024-06-22T21:24:36Z,2024-06-22,65695,3591,Franchise,PayPal,COUPON015,34.65,USD
112,2023-12-10T10:53:31Z,2023-12-10,76870,2097,Retail,Credit Card,COUPON015,35.65,AUD
113,2024-03-15T01:44:06Z,2024-03-15,26386,1362,Online,PayPal,COUPON039,11.10,USD
114,2024-02-17T02:16:48Z,2024-02-17,52384,3164,Franchise,PayPal,COUPON048,18.95,AUD
115,2023-10-15T06:58:00Z,2023-10-15,23085,3493,Franchise,Gift Card,COUPON031,35.70,AUD
116,2024-05-21T11:34:13Z,2024-05-21,60811,3781,Retail,Cash,COUPON020,12.67,EUR
117,2023-01-31T00:28:58Z,2023-01-31,68509,1315,Franchise,PayPal,COUPON007,23.91,USD
118,2023-07-31T23:46:48Z,2023-07-31,42914,2339,Franchise,PayPal,COUPON028,1.37,EUR
119,2024-03-02T07:15:23Z,2024-03-02,60819,4836,Online,Credit Card,COUPON045,9.17,USD
120,2023-05-13T00:11:24Z,2023-05-13,6280,3014,Retail,Cash,COUPON007,2.20,EUR
121,2023-12-03T03:55:33Z,2023-12-03,51522,3027,Online,Cash,COUPON046,34.91,EUR
122,2024-07-26T16:26:28Z,2024-07-26,75666,4353,Online,Credit Card,COUPON003,14.38,USD
123,2024-09-08T16:23:58Z,2024-09-08,37790,754,Retail,PayPal,COUPON006,10.47,USD
124,2024-09-21T14:22:02Z,2024-09-21,14619,3148,Online,Afterpay,COUPON045,32.53,EUR
125,2023-04-04T06:25:56Z,2023-04-04,85287,5169,Online,Credit Card,COUPON010,44.18,EUR
126,2024-06-12T03:10:58Z,2024-06-12,48766,3248,Franchise,Cash,COUPON036,41.62,USD
127,2023-10-11T18:24:31Z,2023-10-11,30352,1232,Retail,Credit Card,COUPON033,33.04,EUR
128,2024-04-22T08:07:07Z,2024-04-22,49320,4519,Franchise,PayPal,COUPON040,11.53,USD
129,2023-06-22T19:36:57Z,2023-06-22,1038,3731,Online,Credit Card,COUPON028,18.06,USD
130,2023-10-23T13:11:52Z,2023-10-23,37540,2532,Retail,PayPal,COUPON035,49.73,EUR
131,2024-09-15T18:27:31Z,2024-09-15,54600,3880,Retail,Credit Card,,4.44,USD
132,2024-07-28T13:02:14Z,2024-07-28,44682,3948,Retail,Afterpay,COUPON024,9.08,AUD
133,2024-03-12T14:19:37Z,2024-03-12,48572,3787,Online,Cash,COUPON035,24.25,USD
134,2023-04-24T20:36:03Z,2023-04-24,76672,733,Online,Afterpay,COUPON024,45.87,AUD
135,2023-02-19T11:21:27Z,2023-02-19,6275,3787,Retail,Gift Card,COUPON018,44.11,AUD
136,2024-09-27T03:10:39Z,2024-09-27,33138,3978,Franchise,PayPal,COUPON012,10.81,USD
137,2023-09-27T01:08:13Z,2023-09-27,4939,3893,Retail,Cash,COUPON006,1.83,EUR
138,2023-07-24T13:17:09Z,2023-07-24,49887,3966,Franchise,PayPal,COUPON016,31.28,USD
139,2023-01-03T15:05:39Z,2023-01-03,46416,2534,Franchise,PayPal,COUPON043,13.74,USD
140,2023-09-26T02:39:20Z,2023-09-26,50373,3733,Online,Credit Card,COUPON047,32.80,USD
141,2024-06-25T06:32:10Z,2024-06-25,16235,898,Online,Credit Card,COUPON034,29.11,EUR
142,2024-03-09T16:15:42Z,2024-03-09,71860,2457,Online,Credit Card,COUPON005,3.58,USD
143,2023-03-14T18:18:57Z,2023-03-14,21591,4711,Retail,Afterpay,COUPON030,24.14,USD
144,2023-05-23T16:21:16Z,2023-05-23,59678,279,Retail,PayPal,COUPON041,28.02,AUD
145,2023-04-19T20:04:50Z,2023-04-19,15471,3130,Retail,Gift Card,COUPON030,45.64,EUR
146,2023-12-05T10:45:18Z,2023-12-05,60481,4566,Online,Credit Card,COUPON034,9.10,AUD
147,2023-01-11T17:48:25Z,2023-01-11,69730,1399,Online,Credit Card,COUPON005,19.92,AUD
148,2023-06-02T02:24:05Z,2023-06-02,53278,2725,Franchise,Credit Card,COUPON006,43.64,AUD
149,2023-04-22T14:17:29Z,2023-04-22,60621,2828,Online,PayPal,COUPON023,42.14,USD
150,2024-03-06T21:01:12Z,2024-03-06,56671,2118,Online,Cash,COUPON010,44.02,AUD
151,2024-01-05T19:32:08Z,2024-01-05,31450,920,Retail,Gift Card,COUPON036,26.12,EUR
152,2024-03-22T15:04:46Z,2024-03-22,16803,4907,Franchise,Credit Card,COUPON049,40.33,USD
153,2023-10-10T00:08:45Z,2023-10-10,43772,1205,Retail,PayPal,COUPON026,44.69,AUD
154,2024-03-22T20:02:46Z,2024-03-22,74103,4159,Online,Cash,COUPON045,10.67,AUD
155,2024-06-08T18:26:02Z,2024-06-08,57923,2233,Franchise,Credit Card,COUPON018,20.76,AUD
156,2023-04-19T15:40:19Z,2023-04-19,15105,1808,Online,Cash,,8.50,USD
157,2023-05-31T02:35:01Z,2023-05-31,1931,2087,Franchise,Credit Card,COUPON030,16.80,AUD
158,2023-10-29T00:17:27Z,2023-10-29,25062,4961,Online,Cash,COUPON018,40.30,EUR
159,2023-09-30T17:28:37Z,2023-09-30,51679,2456,Franchise,Afterpay,COUPON047,8.41,AUD
160,2024-08-06T01:03:10Z,2024-08-06,21308,764,Online,Cash,COUPON042,4.07,EUR
161,2024-09-21T23:51:29Z,2024-09-21,61639,283,Retail,PayPal,COUPON002,14.78,USD
162,2024-06-20T15:33:05Z,2024-06-20,67293,575,Franchise,Cash,COUPON030,5.94,USD
163,2024-01-13T14:17:55Z,2024-01-13,67407,404,Franchise,Gift Card,COUPON017,24.06,AUD
164,2023-03-08T10:42:47Z,2023-03-08,25064,970,Online,PayPal,COUPON023,44.91,AUD
165,2024-06-22T07:10:58Z,2024-06-22,72742,3085,Retail,Gift Card,COUPON045,13.31,AUD
166,2024-08-25T17:02:26Z,2024-08-25,16119,3462,Online,PayPal,COUPON048,5.54,AUD
167,2024-09-02T18:23:34Z,2024-09-02,46976,540,Retail,Cash,COUPON019,0.54,AUD
168,2024-08-10T20:33:37Z,2024-08-10,9378,21,Franchise,Gift Card,COUPON030,33.77,USD
169,2024-01-14T03:49:39Z,2024-01-14,61762,1780,Online,Credit Card,COUPON048,22.46,EUR
170,2023-08-04T23:51:32Z,2023-08-04,8119,567,Online,Credit Card,COUPON034,49.67,EUR
171,2024-09-03T18:19:37Z,2024-09-03,78819,2530,Online,Afterpay,COUPON032,14.68,AUD
172,2024-01-19T19:59:33Z,2024-01-19,77704,4,Franchise,PayPal,COUPON037,45.81,AUD
173,2023-08-02T04:11:28Z,2023-08-02,36768,2325,Retail,Credit Card,COUPON049,8.58,EUR
174,2023-04-04T00:39:25Z,2023-04-04,15883,2193,Retail,Afterpay,COUPON039,40.22,EUR
175,2023-09-27T16:43:37Z,2023-09-27,77631,4034,Retail,PayPal,COUPON013,40.16,AUD
176,2024-07-12T17:53:38Z,2024-07-12,25552,1801,Online,Afterpay,COUPON024,12.72,EUR
177,2023-02-04T08:53:27Z,2023-02-04,19570,1034,Online,Gift Card,COUPON027,48.18,AUD
178,2024-09-01T12:56:44Z,2024-09-01,57824,337,Retail,Credit Card,COUPON013,49.77,AUD
179,2024-05-28T21:34:45Z,2024-05-28,17799,1503,Online,Afterpay,COUPON026,19.70,EUR
180,2023-03-25T13:40:42Z,2023-03-25,43513,263,Franchise,Cash,COUPON013,18.64,USD
181,2024-03-05T01:57:06Z,2024-03-05,45388,1311,Franchise,Gift Card,COUPON045,2.03,EUR
182,2023-08-16T15:58:35Z,2023-08-16,72590,2602,Retail,Credit Card,COUPON027,21.19,AUD
183,2023-10-27T03:36:20Z,2023-10-27,51242,4031,Franchise,Gift Card,COUPON003,9.83,AUD
184,2023-01-28T07:40:22Z,2023-01-28,71918,4124,Retail,PayPal,COUPON013,6.45,USD
185,2023-06-11T23:11:13Z,2023-06-11,43613,1670,Retail,PayPal,COUPON031,7.81,AUD
186,2023-02-11T04:36:53Z,2023-02-11,33394,801,Franchise,Gift Card,COUPON021,19.48,EUR
187,2024-07-12T10:31:37Z,2024-07-12,52468,1108,Retail,Cash,COUPON049,19.04,EUR
188,2024-04-11T16:40:10Z,2024-04-11,61750,858,Online,Gift Card,COUPON026,7.27,AUD
189,2023-06-29T10:54:09Z,2023-06-29,45902,3488,Franchise,Credit Card,COUPON042,14.06,EUR
190,2023-08-29T21:20:34Z,2023-08-29,15217,531,Online,Cash,COUPON017,21.23,EUR
191,2024-03-22T05:33:40Z,2024-03-22,66830,3846,Online,Credit Card,COUPON020,47.66,AUD
192,2024-02-21T06:49:02Z,2024-02-21,28219,4994,Online,Cash,COUPON025,27.23,AUD
193,2024-06-07T20:17:26Z,2024-06-07,57204,4504,Franchise,Cash,COUPON033,21.24,AUD
194,2024-02-03T08:40:40Z,2024-02-03,68774,3041,Retail,PayPal,COUPON004,6.88,AUD
195,2024-05-24T08:18:38Z,2024-05-24,5632,3923,Online,PayPal,COUPON021,2.78,USD
196,2024-06-02T04:38:25Z,2024-06-02,59871,2159,Retail,Cash,COUPON035,23.29,AUD
197,2024-08-05T15:15:52Z,2024-08-05,26261,2239,Retail,Afterpay,COUPON021,32.70,AUD
198,2024-08-19T13:56:25Z,2024-08-19,1438,2295,Franchise,Credit Card,COUPON013,21.67,EUR
199,2023-09-17T04:53:37Z,2023-09-17,76669,585,Retail,PayPal,COUPON026,38.24,EUR
200,2023-03-24T12:46:35Z,2023-03-24,70245,3861,Retail,Gift Card,COUPON037,2.39,AUD
201,2024-03-01T09:11:28Z,2024-03-01,58727,4394,Online,Afterpay,COUPON048,12.47,AUD
202,2023-03-31T00:55:16Z,2023-03-31,63678,3677,Online,Cash,COUPON018,40.87,USD
203,2024-03-12T11:14:03Z,2024-03-12,84005,5403,Retail,Credit Card,COUPON027,26.95,AUD
204,2024-06-23T07:23:04Z,2024-06-23,72678,2511,Retail,Cash,COUPON050,6.67,EUR
205,2024-05-06T11:26:11Z,2024-05-06,22705,1649,Franchise,PayPal,COUPON045,45.24,EUR
206,2023-10-14T22:45:30Z,2023-10-14,45482,1196,Online,PayPal,,23.40,EUR
207,2024-04-25T21:47:35Z,2024-04-25,31502,4697,Retail,Afterpay,COUPON003,25.20,USD
208,2024-01-26T21:49:08Z,2024-01-26,30427,36,Online,Credit Card,COUPON045,15.58,AUD
209,2024-05-19T17:48:23Z,2024-05-19,46618,1742,Retail,Afterpay,COUPON029,12.38,EUR
210,2023-03-29T13:26:29Z,2023-03-29,65825,1646,Online,Cash,COUPON040,24.91,EUR
211,2023-04-25T01:00:31Z,2023-04-25,12734,793,Online,Cash,COUPON026,34.06,AUD
212,2024-08-12T22:37:45Z,2024-08-12,14581,92,Franchise,Afterpay,COUPON030,48.66,EUR
213,2023-02-09T22:59:31Z,2023-02-09,6146,4921,Retail,PayPal,COUPON025,42.64,AUD
214,2024-08-09T16:33:03Z,2024-08-09,73952,677,Franchise,Cash,COUPON025,34.61,EUR
215,2024-05-31T04:48:40Z,2024-05-31,15256,1806,Retail,Cash,COUPON028,48.50,AUD
216,2024-05-11T01:50:43Z,2024-05-11,7015,2675,Online,Afterpay,COUPON022,43.80,AUD
217,2023-04-16T23:48:32Z,2023-04-16,69810,4270,Retail,Gift Card,COUPON015,11.43,EUR
218,2023-12-02T18:02:36Z,2023-12-02,2311,4936,Online,Afterpay,COUPON043,45.36,USD
219,2023-09-06T23:10:53Z,2023-09-06,55611,1136,Retail,PayPal,COUPON026,31.05,EUR
220,2023-10-07T10:21:49Z,2023-10-07,69860,3852,Online,Afterpay,COUPON037,27.49,AUD
221,2024-03-07T15:46:15Z,2024-03-07,1625,253,Retail,Credit Card,COUPON014,6.30,AUD
222,2023-05-09T00:18:47Z,2023-05-09,78946,2280,Franchise,Gift Card,COUPON049,39.90,AUD
223,2023-03-14T03:18:44Z,2023-03-14,72300,4127,Franchise,Credit Card,COUPON021,31.98,AUD
224,2023-12-04T15:46:59Z,2023-12-04,31584,3341,Online,Cash,COUPON011,29.53,USD
225,2023-04-13T08:01:39Z,2023-04-13,43284,1110,Retail,Cash,COUPON045,20.57,AUD
226,2023-12-25T16:11:06Z,2023-12-25,69393,1301,Retail,PayPal,COUPON007,12.16,USD
227,2023-06-23T13:27:42Z,2023-06-23,79588,2351,Online,Afterpay,COUPON036,22.32,USD
228,2023-08-17T00:51:50Z,2023-08-17,19294,862,Online,Afterpay,COUPON008,7.55,AUD
229,2024-04-23T17:32:26Z,2024-04-23,78613,3676,Franchise,Gift Card,COUPON024,6.94,AUD
230,2023-05-20T03:37:05Z,2023-05-20,76937,579,Retail,Credit Card,COUPON019,15.09,AUD
231,2024-08-08T20:24:48Z,2024-08-08,57775,4034,Retail,PayPal,COUPON039,12.24,USD
232,2023-03-03T23:21:53Z,2023-03-03,35506,4644,Retail,Cash,COUPON045,45.38,AUD
233,2023-01-22T03:22:22Z,2023-01-22,71226,3766,Franchise,Credit Card,COUPON043,9.47,AUD
234,2023-04-12T04:18:51Z,2023-04-12,27499,4961,Online,Afterpay,COUPON044,41.01,USD
235,2023-12-07T14:34:13Z,2023-12-07,64645,50,Franchise,PayPal,COUPON019,35.28,USD
236,2023-03-05T23:54:32Z,2023-03-05,13286,4486,Online,Afterpay,COUPON010,31.37,USD
237,2024-04-30T13:14:38Z,2024-04-30,50775,1026,Franchise,Gift Card,COUPON046,44.35,EUR
238,2023-06-12T10:10:46Z,2023-06-12,21133,3872,Retail,Credit Card,COUPON021,15.91,USD
239,2024-03-19T00:42:31Z,2024-03-19,17453,4717,Online,PayPal,COUPON010,49.73,AUD
240,2024-02-12T09:10:49Z,2024-02-12,33072,1281,Retail,Afterpay,COUPON050,26.70,AUD
241,2024-06-24T08:49:57Z,2024-06-24,67647,1184,Retail,PayPal,COUPON042,7.29,USD
242,2023-12-11T04:34:50Z,2023-12-11,16034,4000,Franchise,Afterpay,COUPON041,4.99,USD
243,2023-09-15T15:17:59Z,2023-09-15,37760,3445,Retail,Gift Card,COUPON049,28.55,USD
244,2024-07-19T03:24:26Z,2024-07-19,49904,2327,Online,Credit Card,COUPON018,3.70,AUD
245,2023-02-05T14:25:09Z,2023-02-05,15356,3482,Retail,Gift Card,COUPON001,23.05,EUR
246,2024-01-15T02:50:16Z,2024-01-15,22894,4713,Franchise,Gift Card,COUPON017,36.40,AUD
247,2023-02-14T09:54:52Z,2023-02-14,66529,3443,Online,Credit Card,COUPON009,3.04,AUD
248,2024-07-09T17:52:06Z,2024-07-09,24050,4460,Online,Gift Card,COUPON044,30.14,USD
249,2023-02-05T22:50:43Z,2023-02-05,10198,1188,Franchise,Gift Card,COUPON031,15.89,USD
250,2023-01-23T10:45:53Z,2023-01-23,44395,3820,Franchise,Credit Card,COUPON016,42.27,EUR
251,2023-05-19T18:04:41Z,2023-05-19,53486,4069,Online,Cash,COUPON010,48.65,USD
252,2024-07-06T16:01:59Z,2024-07-06,31642,4295,Online,Gift Card,COUPON034,40.51,AUD
253,2024-01-19T12:28:41Z,2024-01-19,6642,3181,Retail,Afterpay,COUPON007,48.74,USD
254,2023-09-28T01:32:17Z,2023-09-28,10959,3144,Franchise,Afterpay,COUPON035,16.63,EUR
255,2023-01-06T22:24:39Z,2023-01-06,78147,1779,Retail,Afterpay,COUPON040,45.00,AUD
256,2023-07-20T10:06:06Z,2023-07-20,3192,4447,Retail,Credit Card,COUPON031,43.28,AUD
257,2023-01-02T03:21:13Z,2023-01-02,69721,3244,Retail,PayPal,COUPON033,35.83,EUR
258,2024-05-22T22:11:31Z,2024-05-22,2981,649,Franchise,Gift Card,COUPON030,23.64,USD
259,2023-12-01T14:41:31Z,2023-12-01,29893,3704,Franchise,Cash,COUPON032,46.75,AUD
260,2023-03-18T09:06:57Z,2023-03-18,55753,3558,Online,PayPal,COUPON035,48.22,EUR
261,2023-12-19T06:29:47Z,2023-12-19,23252,4014,Franchise,Cash,COUPON003,8.49,USD
262,2024-01-23T22:58:06Z,2024-01-23,64827,4766,Retail,PayPal,COUPON040,11.83,EUR
263,2023-08-10T15:11:58Z,2023-08-10,4398,721,Retail,Cash,COUPON034,47.71,USD
264,2023-11-07T23:16:59Z,2023-11-07,26466,960,Franchise,Cash,COUPON034,10.17,EUR
265,2023-08-21T06:46:59Z,2023-08-21,28870,1820,Retail,Gift Card,COUPON043,36.59,AUD
266,2024-06-23T16:34:42Z,2024-06-23,2920,3932,Online,Credit Card,COUPON024,49.26,USD
267,2024-01-10T10:20:31Z,2024-01-10,39943,4654,Franchise,PayPal,COUPON019,24.10,AUD
268,2024-08-18T06:42:29Z,2024-08-18,57156,625,Online,Credit Card,COUPON006,16.89,EUR
269,2023-03-20T22:36:58Z,2023-03-20,67281,3044,Franchise,Gift Card,COUPON046,4.27,AUD
270,2023-04-05T18:27:49Z,2023-04-05,48945,3200,Franchise,Credit Card,COUPON015,35.48,EUR
271,2024-08-26T17:24:50Z,2024-08-26,71579,930,Online,Afterpay,COUPON044,5.99,EUR
272,2023-04-11T21:56:24Z,2023-04-11,27199,86,Franchise,PayPal,COUPON010,43.72,USD
273,2023-10-26T01:53:50Z,2023-10-26,51910,3760,Franchise,Cash,COUPON046,20.21,USD
274,2023-09-02T11:49:38Z,2023-09-02,45695,4597,Online,Cash,COUPON044,27.38,USD
275,2023-12-06T00:33:50Z,2023-12-06,55313,3422,Online,PayPal,COUPON018,32.45,EUR
276,2024-09-26T21:06:58Z,2024-09-26,16873,4823,Online,Gift Card,COUPON030,45.13,EUR
277,2023-07-13T09:43:54Z,2023-07-13,79866,3658,Franchise,Afterpay,COUPON011,29.20,USD
278,2023-01-26T12:05:25Z,2023-01-26,3588,3030,Retail,Credit Card,,15.08,AUD
279,2024-05-18T10:01:29Z,2024-05-18,68077,1833,Retail,Credit Card,COUPON012,21.14,AUD
280,2023-12-18T11:05:55Z,2023-12-18,46995,338,Retail,Afterpay,COUPON020,21.35,EUR
281,2023-05-24T07:47:23Z,2023-05-24,71492,396,Franchise,Credit Card,COUPON021,5.78,USD
282,2023-06-29T05:36:02Z,2023-06-29,45960,567,Retail,Credit Card,COUPON007,30.64,EUR
283,2024-02-19T04:54:21Z,2024-02-19,25236,2346,Franchise,PayPal,COUPON011,42.33,AUD
284,2023-05-20T00:41:44Z,2023-05-20,46741,2156,Retail,Gift Card,COUPON034,21.11,EUR
285,2024-07-25T15:23:51Z,2024-07-25,77581,208,Online,Afterpay,COUPON030,39.13,USD
286,2023-08-11T18:58:22Z,2023-08-11,58092,3092,Retail,PayPal,COUPON048,21.00,USD
287,2023-12-25T01:09:09Z,2023-12-25,64707,2288,Retail,PayPal,COUPON049,1.69,USD
288,2024-02-10T14:16:55Z,2024-02-10,36886,4181,Franchise,Credit Card,COUPON038,13.21,AUD
289,2023-05-04T15:27:28Z,2023-05-04,79302,1883,Online,Afterpay,COUPON030,40.46,AUD
290,2023-05-01T10:23:36Z,2023-05-01,69645,4520,Online,Cash,COUPON002,10.78,EUR
291,2024-05-21T06:50:00Z,2024-05-21,18441,2357,Online,Credit Card,COUPON032,44.85,EUR
292,2024-04-05T21:14:50Z,2024-04-05,39860,4472,Franchise,PayPal,COUPON047,12.44,AUD
293,2024-03-08T15:59:50Z,2024-03-08,35721,1633,Franchise,PayPal,COUPON004,29.89,AUD
294,2023-12-11T04:25:07Z,2023-12-11,9139,1144,Franchise,Afterpay,COUPON025,33.68,EUR
295,2024-08-01T03:33:11Z,2024-08-01,48005,2061,Franchise,Cash,COUPON044,38.16,AUD
296,2024-08-18T04:51:14Z,2024-08-18,31348,2227,Franchise,PayPal,COUPON042,27.62,AUD
297,2024-01-01T17:19:34Z,2024-01-01,73400,1472,Retail,Cash,COUPON003,2.86,AUD
298,2023-12-26T17:30:09Z,2023-12-26,46145,1680,Online,Credit Card,COUPON044,11.87,AUD
299,2024-09-27T06:43:01Z,2024-09-27,75251,4850,Online,PayPal,COUPON006,11.77,EUR
300,2023-02-09T09:56:47Z,2023-02-09,45750,1410,Retail,Cash,COUPON024,49.86,AUD
301,2024-06-20T17:49:43Z,2024-06-20,44800,4459,Franchise,Credit Card,COUPON003,46.16,EUR
302,2024-09-20T15:17:10Z,2024-09-20,47468,867,Online,Credit Card,COUPON003,3.95,AUD
303,2024-04-28T05:10:28Z,2024-04-28,55302,4720,Franchise,PayPal,COUPON020,49.29,USD
304,2023-09-09T15:30:57Z,2023-09-09,4624,1062,Retail,Afterpay,COUPON005,11.95,USD
305,2023-07-05T19:56:46Z,2023-07-05,54470,1119,Online,PayPal,COUPON010,36.93,EUR
306,2023-12-18T23:37:01Z,2023-12-18,11629,1449,Franchise,Afterpay,COUPON036,16.10,EUR
307,2024-03-24T04:20:04Z,2024-03-24,47028,4929,Franchise,Credit Card,COUPON038,18.01,AUD
308,2023-09-19T05:35:39Z,2023-09-19,61629,494,Retail,Afterpay,COUPON015,33.73,AUD
309,2023-11-08T01:10:55Z,2023-11-08,48541,1385,Online,Credit Card,COUPON030,0.10,USD
310,2024-07-13T05:58:56Z,2024-07-13,65415,232,Franchise,PayPal,COUPON043,38.18,USD
311,2024-07-19T01:45:38Z,2024-07-19,62151,2807,Retail,PayPal,COUPON017,39.78,USD
312,2023-11-30T00:17:55Z,2023-11-30,13654,2835,Retail,Afterpay,COUPON030,5.26,EUR
313,2023-05-16T13:19:53Z,2023-05-16,24282,1476,Franchise,Gift Card,COUPON033,21.10,USD
314,2023-09-02T15:18:49Z,2023-09-02,51666,4809,Online,PayPal,COUPON007,21.18,EUR
315,2023-10-09T05:10:02Z,2023-10-09,8957,3460,Retail,PayPal,COUPON012,41.28,USD
316,2023-02-23T04:23:23Z,2023-02-23,35567,4792,Online,Gift Card,COUPON025,36.08,AUD
317,2024-04-29T06:43:23Z,2024-04-29,29765,765,Online,Cash,COUPON009,1.86,AUD
318,2023-01-15T03:01:11Z,2023-01-15,3025,3780,Retail,PayPal,COUPON016,36.89,EUR
319,2024-01-03T01:54:40Z,2024-01-03,4133,1848,Online,Afterpay,COUPON042,41.20,AUD
320,2024-02-12T18:52:58Z,2024-02-12,13102,3076,Retail,PayPal,COUPON015,12.69,USD
321,2024-08-02T22:12:59Z,2024-08-02,26165,20,Online,PayPal,COUPON023,10.94,USD
322,2023-05-27T23:27:19Z,2023-05-27,40071,4086,Franchise,Cash,COUPON039,30.29,USD
323,2024-05-05T05:02:08Z,2024-05-05,27975,3888,Franchise,Credit Card,COUPON031,10.60,AUD
324,2024-07-10T00:39:55Z,2024-07-10,34492,4672,Online,PayPal,COUPON028,10.37,EUR
325,2024-06-08T07:10:23Z,2024-06-08,9210,20,Online,Credit Card,COUPON042,37.36,USD
326,2024-06-26T17:38:42Z,2024-06-26,60213,1309,Retail,Afterpay,COUPON013,33.24,USD
327,2023-02-18T16:10:44Z,2023-02-18,14191,1577,Franchise,Cash,COUPON008,35.28,USD
328,2023-07-23T01:07:57Z,2023-07-23,12706,2792,Online,Afterpay,COUPON022,40.23,AUD
329,2023-02-05T01:10:17Z,2023-02-05,79614,2850,Retail,Credit Card,COUPON016,4.50,EUR
330,2024-06-20T05:03:32Z,2024-06-20,2293,754,Retail,PayPal,COUPON017,36.49,AUD
331,2024-06-24T23:37:57Z,2024-06-24,53696,4612,Retail,Credit Card,COUPON003,35.07,USD
332,2024-04-12T07:55:32Z,2024-04-12,57279,2775,Retail,PayPal,,10.95,EUR
333,2024-08-19T12:51:42Z,2024-08-19,55541,1984,Franchise,Afterpay,,34.03,USD
334,2024-08-27T15:28:58Z,2024-08-27,23424,2225,Retail,Cash,COUPON044,27.41,EUR
335,2023-11-09T10:02:40Z,2023-11-09,39812,1954,Franchise,Afterpay,COUPON014,15.34,EUR
336,2024-04-01T00:53:25Z,2024-04-01,37483,3088,Retail,Gift Card,COUPON014,3.79,AUD
337,2024-09-28T01:15:07Z,2024-09-28,48070,2406,Online,PayPal,COUPON034,39.33,USD
338,2023-12-08T22:58:46Z,2023-12-08,23522,3821,Franchise,Gift Card,COUPON011,17.65,EUR
339,2023-08-29T15:59:51Z,2023-08-29,51769,3234,Online,Cash,COUPON026,32.45,USD
340,2023-01-07T02:51:44Z,2023-01-07,22215,1818,Retail,Credit Card,COUPON024,29.83,USD
341,2023-06-17T07:44:36Z,2023-06-17,75917,4955,Franchise,PayPal,COUPON048,3.59,EUR
342,2024-08-28T23:46:36Z,2024-08-28,40331,2752,Franchise,Afterpay,COUPON036,46.63,USD
343,2024-06-26T13:19:10Z,2024-06-26,27250,4922,Franchise,Afterpay,COUPON033,7.90,USD
344,2023-08-05T02:32:23Z,2023-08-05,44045,4410,Online,PayPal,COUPON035,29.13,AUD
345,2023-09-02T06:50:34Z,2023-09-02,62930,4004,Franchise,PayPal,COUPON047,17.91,EUR
346,2024-05-21T12:08:38Z,2024-05-21,15863,4114,Online,Gift Card,COUPON016,7.35,EUR
347,2024-06-12T16:23:54Z,2024-06-12,30819,3397,Online,Cash,COUPON017,11.01,EUR
348,2024-07-01T02:24:04Z,2024-07-01,34948,894,Retail,Afterpay,COUPON009,22.91,EUR
349,2023-10-20T15:41:05Z,2023-10-20,74575,3751,Online,PayPal,COUPON030,10.19,EUR
350,2023-07-29T18:50:25Z,2023-07-29,36605,3126,Retail,PayPal,COUPON048,30.97,USD
351,2023-01-29T16:53:43Z,2023-01-29,62510,341,Online,Gift Card,COUPON027,19.88,AUD
352,2024-06-11T01:15:30Z,2024-06-11,64827,4897,Retail,Afterpay,COUPON006,18.33,AUD
353,2023-11-12T00:03:25Z,2023-11-12,8046,945,Retail,Afterpay,COUPON017,22.28,AUD
354,2024-03-27T01:06:03Z,2024-03-27,77437,1044,Online,Afterpay,COUPON005,11.97,EUR
355,2024-05-09T11:46:41Z,2024-05-09,29125,1030,Online,Cash,COUPON048,38.90,USD
356,2024-06-16T11:39:15Z,2024-06-16,59937,472,Franchise,Afterpay,COUPON032,21.46,USD
357,2023-11-01T04:04:16Z,2023-11-01,52002,1188,Retail,Afterpay,COUPON025,6.90,AUD
358,2024-08-16T17:05:42Z,2024-08-16,69871,1782,Franchise,Cash,COUPON040,47.26,AUD
359,2023-02-22T07:15:09Z,2023-02-22,15738,1789,Online,Credit Card,COUPON018,23.62,USD
360,2024-02-20T09:45:45Z,2024-02-20,14607,2252,Online,Gift Card,COUPON041,44.64,USD
361,2024-04-07T12:14:44Z,2024-04-07,23918,4181,Online,PayPal,COUPON030,45.92,EUR
362,2023-04-07T08:28:44Z,2023-04-07,83391,5712,Franchise,Afterpay,COUPON030,26.53,EUR
363,2023-01-01T05:08:18Z,2023-01-01,39782,2596,Online,Cash,COUPON050,18.40,EUR
364,2023-10-13T16:59:48Z,2023-10-13,12638,2871,Franchise,Credit Card,COUPON010,27.02,AUD
365,2024-05-09T02:15:31Z,2024-05-09,71203,3897,Online,Cash,COUPON028,47.11,USD
366,2023-01-26T02:46:00Z,2023-01-26,28534,1668,Online,Afterpay,COUPON026,13.35,EUR
367,2023-12-02T18:36:18Z,2023-12-02,53576,2004,Online,Gift Card,COUPON048,1.43,USD
368,2024-01-03T18:48:44Z,2024-01-03,18413,491,Retail,Afterpay,COUPON027,45.38,EUR
369,2023-12-25T05:20:14Z,2023-12-25,24540,4663,Retail,Cash,COUPON029,48.40,EUR
370,2023-03-31T21:20:17Z,2023-03-31,34236,253,Online,Gift Card,COUPON007,27.14,AUD
371,2024-05-02T08:24:14Z,2024-05-02,16595,4324,Franchise,Afterpay,COUPON048,43.30,EUR
372,2023-02-28T23:29:46Z,2023-02-28,22869,4577,Online,Cash,COUPON045,22.07,EUR
373,2024-03-09T03:34:43Z,2024-03-09,34560,2452,Retail,Cash,COUPON031,40.59,EUR
374,2024-03-16T12:07:39Z,2024-03-16,2489,1823,Online,Gift Card,COUPON011,44.64,AUD
375,2024-01-26T14:04:19Z,2024-01-26,40985,3527,Online,Afterpay,COUPON049,32.37,AUD
376,2023-06-30T05:56:28Z,2023-06-30,22765,1902,Retail,PayPal,COUPON045,46.87,AUD
377,2024-06-19T00:41:38Z,2024-06-19,65880,44,Online,Credit Card,COUPON015,18.10,USD
378,2023-10-17T06:05:25Z,2023-10-17,53514,2368,Online,PayPal,COUPON031,40.83,USD
379,2024-09-20T02:48:21Z,2024-09-20,76342,3412,Retail,Gift Card,COUPON011,45.22,EUR
380,2023-12-30T01:57:37Z,2023-12-30,63086,4542,Retail,Gift Card,COUPON021,1.83,USD
381,2024-08-04T03:24:32Z,2024-08-04,62718,1579,Online,Credit Card,COUPON033,15.48,USD
382,2023-11-05T13:32:27Z,2023-11-05,31501,1450,Online,Credit Card,COUPON004,29.90,AUD
383,2024-03-07T11:12:05Z,2024-03-07,26260,930,Online,Gift Card,COUPON038,0.44,AUD
384,2023-12-03T22:52:33Z,2023-12-03,36762,1753,Franchise,Cash,COUPON032,6.25,AUD
385,2023-02-09T09:33:54Z,2023-02-09,67682,3689,Franchise,Afterpay,COUPON008,32.59,EUR
386,2024-02-02T19:01:56Z,2024-02-02,22722,3503,Retail,PayPal,COUPON022,9.40,AUD
387,2024-03-04T08:29:26Z,2024-03-04,52529,3705,Retail,PayPal,COUPON019,41.59,USD
388,2024-06-16T15:51:35Z,2024-06-16,1807,2962,Retail,Gift Card,COUPON007,40.50,EUR
389,2023-08-06T16:40:48Z,2023-08-06,69853,2376,Online,Gift Card,COUPON046,44.91,EUR
390,2023-08-10T00:35:59Z,2023-08-10,75851,880,Online,Afterpay,COUPON004,19.93,EUR
391,2023-06-19T20:59:21Z,2023-06-19,67996,1901,Franchise,Gift Card,COUPON005,46.77,EUR
392,2023-02-09T18:29:00Z,2023-02-09,39998,4594,Online,PayPal,COUPON047,24.03,EUR
393,2024-05-07T11:12:46Z,2024-05-07,79505,1364,Franchise,Gift Card,COUPON038,13.72,EUR
394,2023-04-16T02:42:16Z,2023-04-16,28852,853,Online,Afterpay,COUPON013,33.38,EUR
395,2023-12-02T12:40:41Z,2023-12-02,51288,4060,Franchise,PayPal,COUPON007,18.83,AUD
396,2023-11-27T05:22:16Z,2023-11-27,87226,5142,Franchise,Gift Card,COUPON024,14.60,EUR
397,2024-04-10T06:10:30Z,2024-04-10,60617,2626,Online,PayPal,COUPON033,20.89,USD
398,2024-09-12T14:07:44Z,2024-09-12,32798,11,Retail,Cash,COUPON024,47.21,EUR
399,2024-07-23T09:58:27Z,2024-07-23,73690,125,Online,Gift Card,COUPON039,20.15,AUD
400,2024-05-08T13:41:57Z,2024-05-08,35599,636,Online,Gift Card,COUPON022,10.55,AUD
401,2023-05-12T10:23:12Z,2023-05-12,66961,1645,Online,Credit Card,COUPON009,41.47,EUR
402,2023-03-14T07:35:33Z,2023-03-14,70487,1660,Retail,PayPal,COUPON049,27.44,USD
403,2024-06-27T01:15:06Z,2024-06-27,71591,1495,Franchise,Gift Card,COUPON038,49.30,EUR
404,2023-05-01T01:44:22Z,2023-05-01,76153,1343,Retail,PayPal,COUPON013,0.82,USD
405,2024-02-16T06:18:43Z,2024-02-16,45299,1719,Franchise,Afterpay,COUPON015,3.25,AUD
406,2023-07-20T15:17:15Z,2023-07-20,73017,4801,Online,Cash,COUPON015,16.05,EUR
407,2024-04-30T08:49:11Z,2024-04-30,38228,2420,Retail,PayPal,COUPON008,40.67,AUD
408,2023-07-01T10:25:45Z,2023-07-01,31772,385,Retail,Credit Card,COUPON007,6.19,AUD
409,2023-11-07T03:50:23Z,2023-11-07,44605,1855,Retail,Gift Card,COUPON015,15.01,AUD
410,2023-08-08T22:11:34Z,2023-08-08,18409,385,Online,Afterpay,COUPON049,8.97,USD
411,2024-09-16T06:29:49Z,2024-09-16,44501,1595,Online,Afterpay,COUPON024,15.10,USD
412,2023-03-01T17:16:00Z,2023-03-01,17788,2293,Franchise,Cash,COUPON003,9.02,EUR
413,2023-11-11T13:03:41Z,2023-11-11,9859,3456,Franchise,PayPal,COUPON035,13.93,EUR
414,2024-07-11T05:09:55Z,2024-07-11,26088,1482,Retail,Gift Card,COUPON019,46.34,USD
415,2023-09-06T02:48:15Z,2023-09-06,2027,1645,Online,Afterpay,COUPON009,18.38,USD
416,2023-06-27T20:06:14Z,2023-06-27,69965,1220,Franchise,Afterpay,COUPON049,24.75,USD
417,2024-07-31T23:02:16Z,2024-07-31,9755,4420,Franchise,PayPal,COUPON045,11.17,EUR
418,2024-03-31T04:47:52Z,2024-03-31,26537,3564,Franchise,Cash,COUPON017,45.51,AUD
419,2023-12-06T15:38:45Z,2023-12-06,50890,1931,Franchise,PayPal,COUPON038,39.22,AUD
420,2024-01-02T16:05:53Z,2024-01-02,71725,4152,Retail,Credit Card,COUPON049,13.36,AUD
421,2023-08-19T10:07:28Z,2023-08-19,49475,3297,Franchise,Credit Card,COUPON008,24.72,USD
422,2024-07-07T06:54:45Z,2024-07-07,10439,1991,Franchise,Credit Card,COUPON023,33.49,AUD
423,2023-10-07T11:43:38Z,2023-10-07,696,4272,Franchise,Afterpay,COUPON015,7.65,EUR
424,2024-01-09T00:33:32Z,2024-01-09,14733,4211,Online,Gift Card,COUPON012,14.86,EUR
425,2023-02-07T16:34:22Z,2023-02-07,24232,2885,Retail,Credit Card,COUPON010,10.62,USD
426,2024-01-20T09:16:06Z,2024-01-20,17234,1508,Franchise,Cash,COUPON026,27.80,EUR
427,2023-03-04T14:49:41Z,2023-03-04,9224,965,Online,PayPal,COUPON043,43.97,AUD
428,2024-04-11T05:05:05Z,2024-04-11,66307,81,Retail,Gift Card,COUPON034,30.35,USD
429,2023-03-11T11:33:55Z,2023-03-11,65998,175,Retail,Afterpay,COUPON035,37.59,EUR
430,2024-03-16T19:29:15Z,2024-03-16,69143,194,Franchise,Cash,COUPON041,42.04,AUD
431,2024-05-28T20:25:38Z,2024-05-28,39130,1688,Retail,Credit Card,COUPON023,23.38,USD
432,2024-09-05T05:12:06Z,2024-09-05,34620,1739,Online,PayPal,COUPON012,45.69,AUD
433,2024-05-15T21:59:51Z,2024-05-15,10562,2804,Retail,Credit Card,COUPON039,36.72,USD
434,2023-12-10T18:30:30Z,2023-12-10,82670,5497,Franchise,Cash,COUPON025,29.97,AUD
435,2023-10-23T17:59:56Z,2023-10-23,17954,1251,Online,Afterpay,COUPON016,5.20,USD
436,2024-01-10T10:05:43Z,2024-01-10,77413,1443,Online,Credit Card,COUPON042,0.03,USD
437,2023-05-02T08:43:00Z,2023-05-02,16434,3133,Online,Cash,COUPON041,17.21,EUR
438,2023-10-11T08:22:33Z,2023-10-11,52904,1749,Retail,Afterpay,,35.43,USD
439,2024-04-01T12:36:58Z,2024-04-01,64060,4957,Retail,Cash,COUPON001,17.66,EUR
440,2024-05-08T00:55:00Z,2024-05-08,42569,4376,Retail,Afterpay,COUPON011,25.43,EUR
441,2024-03-12T21:17:12Z,2024-03-12,55464,3362,Franchise,Gift Card,COUPON049,9.11,AUD
442,2023-06-20T20:16:10Z,2023-06-20,7381,368,Franchise,Cash,COUPON028,48.64,USD
443,2023-07-24T06:25:58Z,2023-07-24,19380,3560,Retail,Gift Card,COUPON033,18.35,EUR
444,2024-06-27T21:53:20Z,2024-06-27,28194,2162,Franchise,Gift Card,COUPON030,40.28,USD
445,2023-01-02T13:39:50Z,2023-01-02,77157,2698,Online,PayPal,COUPON041,47.80,AUD
446,2023-02-24T09:26:23Z,2023-02-24,442,675,Franchise,Credit Card,COUPON015,46.21,EUR
447,2023-02-09T20:52:34Z,2023-02-09,15490,4625,Retail,Cash,COUPON001,2.80,EUR
448,2023-05-08T18:09:17Z,2023-05-08,24779,4982,Retail,PayPal,COUPON046,48.07,USD
449,2023-09-13T16:21:18Z,2023-09-13,50236,824,Retail,PayPal,COUPON014,34.80,EUR
450,2023-11-24T21:54:41Z,2023-11-24,51007,2007,Retail,Afterpay,COUPON048,8.37,EUR
451,2023-11-11T16:45:25Z,2023-11-11,62210,823,Retail,Credit Card,COUPON007,29.41,EUR
452,2023-10-17T11:34:31Z,2023-10-17,44410,3801,Online,Credit Card,COUPON020,6.96,EUR
453,2023-05-09T06:25:05Z,2023-05-09,1981,88,Retail,Credit Card,COUPON034,16.34,EUR
454,2024-05-08T09:29:56Z,2024-05-08,35539,2255,Online,PayPal,COUPON026,13.43,USD
455,2023-12-11T16:25:50Z,2023-12-11,51542,965,Franchise,Credit Card,COUPON047,25.86,USD
456,2024-02-11T21:36:43Z,2024-02-11,5590,1958,Online,Gift Card,COUPON029,48.26,USD
457,2024-02-05T02:14:03Z,2024-02-05,53509,4513,Retail,Cash,COUPON004,30.68,AUD
458,2023-03-23T18:03:26Z,2023-03-23,35981,3935,Online,PayPal,COUPON016,15.61,AUD
459,2024-05-23T03:48:01Z,2024-05-23,76107,4704,Retail,PayPal,COUPON050,10.77,EUR
460,2024-03-02T14:59:15Z,2024-03-02,33036,1249,Franchise,Afterpay,,11.84,EUR
461,2024-02-29T19:23:46Z,2024-02-29,25959,2057,Franchise,Afterpay,COUPON045,6.54,EUR
462,2023-06-19T07:37:18Z,2023-06-19,31086,1057,Online,Gift Card,COUPON004,7.23,AUD
463,2024-05-05T05:00:46Z,2024-05-05,13704,2698,Retail,Gift Card,COUPON022,13.13,EUR
464,2023-10-09T07:00:25Z,2023-10-09,33620,2559,Retail,Cash,COUPON002,35.25,USD
465,2023-07-18T02:00:43Z,2023-07-18,47142,4844,Franchise,PayPal,COUPON007,23.85,EUR
466,2023-04-25T11:09:25Z,2023-04-25,39421,2231,Retail,PayPal,COUPON020,30.26,EUR
467,2023-06-05T14:17:21Z,2023-06-05,75166,29,Retail,PayPal,COUPON018,11.79,USD
468,2023-01-12T11:49:45Z,2023-01-12,259,4335,Online,Credit Card,COUPON003,5.71,USD
469,2023-10-08T12:31:01Z,2023-10-08,53632,3642,Retail,Credit Card,COUPON046,45.66,AUD
470,2023-01-11T04:51:26Z,2023-01-11,2310,3512,Online,Credit Card,COUPON002,13.26,EUR
471,2023-12-27T07:09:51Z,2023-12-27,11143,1219,Franchise,PayPal,COUPON026,46.18,AUD
472,2024-06-29T01:13:47Z,2024-06-29,3078,2145,Online,Credit Card,COUPON034,33.74,EUR
473,2023-12-01T07:23:45Z,2023-12-01,5976,4106,Franchise,Gift Card,COUPON040,43.33,EUR
474,2024-04-01T10:30:02Z,2024-04-01,788,3452,Online,PayPal,COUPON038,10.23,AUD
475,2024-05-23T04:16:30Z,2024-05-23,71325,2572,Franchise,PayPal,COUPON023,48.75,USD
476,2023-06-07T14:31:04Z,2023-06-07,53570,236,Online,Afterpay,COUPON024,16.35,EUR
477,2024-03-24T03:53:42Z,2024-03-24,71868,2756,Franchise,PayPal,COUPON004,35.01,EUR
478,2024-07-04T07:53:43Z,2024-07-04,75668,743,Retail,Cash,COUPON041,40.68,USD
479,2023-05-13T18:14:00Z,2023-05-13,53108,82,Online,Gift Card,COUPON048,39.11,USD
480,2024-09-26T03:06:53Z,2024-09-26,56021,1762,Retail,Credit Card,COUPON017,28.21,USD
481,2023-06-05T03:27:23Z,2023-06-05,4742,2757,Franchise,Afterpay,COUPON026,6.67,USD
482,2024-06-20T13:09:00Z,2024-06-20,4377,4854,Online,Credit Card,COUPON035,48.38,AUD
483,2023-03-19T16:16:30Z,2023-03-19,70111,3816,Franchise,Cash,COUPON049,37.14,AUD
484,2024-01-15T11:41:30Z,2024-01-15,76682,4292,Online,Cash,COUPON003,49.64,EUR
485,2023-06-13T10:20:17Z,2023-06-13,71195,1411,Online,Gift Card,COUPON024,46.45,USD
486,2023-08-03T23:29:24Z,2023-08-03,79755,3434,Franchise,Gift Card,COUPON028,46.04,USD
487,2023-04-17T16:52:50Z,2023-04-17,733,840,Online,Afterpay,COUPON021,2.04,AUD
488,2024-06-21T03:01:57Z,2024-06-21,29540,3221,Retail,Credit Card,COUPON014,21.02,EUR
489,2024-04-10T20:51:34Z,2024-04-10,61506,615,Franchise,Afterpay,COUPON008,7.66,EUR
490,2024-08-22T00:02:37Z,2024-08-22,25422,4535,Franchise,PayPal,COUPON015,40.28,USD
491,2023-02-07T18:13:07Z,2023-02-07,69060,2026,Retail,Credit Card,COUPON005,23.73,AUD
492,2024-02-17T02:16:47Z,2024-02-17,41191,4818,Retail,Cash,COUPON031,20.79,AUD
493,2023-10-31T02:15:20Z,2023-10-31,54126,2666,Retail,Gift Card,COUPON047,38.48,USD
494,2023-11-30T05:49:59Z,2023-11-30,4391,2747,Retail,Credit Card,COUPON014,41.83,USD
495,2024-10-01T03:05:55Z,2024-10-01,67156,2928,Retail,Gift Card,COUPON001,39.80,AUD
496,2024-04-28T10:34:32Z,2024-04-28,17885,1457,Online,Gift Card,COUPON049,16.27,USD
497,2023-04-08T12:48:28Z,2023-04-08,47221,1126,Online,Cash,COUPON019,40.14,USD
498,2023-01-19T21:36:02Z,2023-01-19,68121,1659,Retail,Afterpay,COUPON048,29.02,USD
499,2023-10-17T16:11:46Z,2023-10-17,79213,4289,Retail,Gift Card,COUPON050,40.07,AUD
500,2024-02-09T21:15:10Z,2024-02-09,24977,1237,Retail,Gift Card,COUPON012,45.88,EUR
501,2023-12-31T09:16:34Z,2023-12-31,65298,3637,Franchise,Credit Card,COUPON038,19.86,USD
502,2024-06-21T12:24:14Z,2024-06-21,19060,3587,Online,PayPal,COUPON004,36.46,USD
503,2023-01-24T03:03:22Z,2023-01-24,17340,116,Franchise,Credit Card,COUPON034,9.33,AUD
504,2024-06-11T03:40:16Z,2024-06-11,7164,275,Franchise,Gift Card,COUPON036,27.53,EUR
505,2024-05-24T05:15:13Z,2024-05-24,6651,3291,Online,Afterpay,COUPON012,1.99,AUD
506,2024-08-20T15:19:51Z,2024-08-20,47586,4109,Franchise,Gift Card,COUPON020,2.42,USD
507,2024-04-19T14:07:16Z,2024-04-19,70774,2384,Retail,Afterpay,COUPON005,48.11,USD
508,2023-08-06T06:50:04Z,2023-08-06,3162,3343,Retail,PayPal,COUPON024,1.05,USD
509,2023-11-16T11:50:06Z,2023-11-16,25442,1707,Franchise,Cash,COUPON004,26.87,USD
510,2023-04-24T05:12:37Z,2023-04-24,38529,2571,Franchise,Credit Card,COUPON044,43.72,USD
511,2024-04-28T11:46:04Z,2024-04-28,12529,993,Online,Cash,COUPON007,18.25,USD
512,2023-08-24T05:37:07Z,2023-08-24,72019,418,Online,PayPal,COUPON018,9.35,EUR
513,2024-08-14T21:49:59Z,2024-08-14,41117,1311,Franchise,Gift Card,COUPON002,11.25,USD
514,2024-06-26T14:58:29Z,2024-06-26,30693,1364,Franchise,Gift Card,COUPON011,1.33,EUR
515,2023-08-18T15:49:45Z,2023-08-18,76552,777,Retail,Gift Card,COUPON009,7.44,EUR
516,2023-02-28T21:00:46Z,2023-02-28,69577,1011,Retail,Gift Card,COUPON047,49.93,EUR
517,2024-08-29T17:11:40Z,2024-08-29,16423,3080,Retail,Cash,COUPON035,47.50,EUR
518,2024-09-15T23:11:58Z,2024-09-15,39549,666,Online,Gift Card,COUPON039,24.89,AUD
519,2024-03-10T09:09:29Z,2024-03-10,45315,159,Online,Credit Card,COUPON044,18.58,EUR
520,2024-09-29T01:07:36Z,2024-09-29,17300,1498,Online,Gift Card,COUPON007,23.62,EUR
521,2023-08-24T23:36:51Z,2023-08-24,54065,3143,Franchise,PayPal,COUPON047,20.49,USD
522,2023-04-14T01:26:45Z,2023-04-14,8753,1645,Retail,Cash,COUPON006,0.33,AUD
523,2023-04-20T19:12:16Z,2023-04-20,53261,4115,Retail,Credit Card,COUPON014,2.95,EUR
524,2023-01-22T01:58:47Z,2023-01-22,20606,449,Retail,Credit Card,COUPON010,32.01,USD
525,2023-05-23T22:48:30Z,2023-05-23,14072,3885,Retail,Afterpay,COUPON024,26.69,AUD
526,2024-03-24T01:39:54Z,2024-03-24,56239,2617,Retail,Cash,COUPON037,30.29,USD
527,2023-03-25T22:53:06Z,2023-03-25,42780,247,Franchise,PayPal,COUPON034,46.21,EUR
528,2023-06-03T01:31:13Z,2023-06-03,78884,670,Franchise,Cash,COUPON037,1.02,AUD
529,2024-01-01T03:02:38Z,2024-01-01,8379,2543,Franchise,Cash,COUPON025,5.02,AUD
530,2023-01-26T22:31:22Z,2023-01-26,30614,3493,Franchise,Credit Card,COUPON005,38.15,USD
531,2024-05-08T18:56:44Z,2024-05-08,52940,4893,Online,Afterpay,COUPON034,32.59,EUR
532,2023-08-26T06:00:47Z,2023-08-26,5286,4658,Online,Gift Card,COUPON044,16.00,EUR
533,2023-03-19T01:36:30Z,2023-03-19,74506,2684,Online,PayPal,COUPON037,10.05,USD
534,2024-03-03T23:24:31Z,2024-03-03,11883,2998,Retail,Afterpay,COUPON041,47.68,USD
535,2023-03-12T01:35:09Z,2023-03-12,51895,3061,Online,Gift Card,COUPON038,43.04,EUR
536,2023-06-26T09:08:44Z,2023-06-26,60610,2075,Retail,PayPal,COUPON025,3.55,USD
537,2024-07-09T22:23:03Z,2024-07-09,14039,527,Franchise,Cash,COUPON021,22.57,AUD
538,2023-03-27T09:47:42Z,2023-03-27,33668,4620,Retail,Gift Card,COUPON049,48.18,USD
539,2024-09-17T10:16:31Z,2024-09-17,62308,2487,Retail,PayPal,COUPON040,39.55,AUD
540,2024-02-15T10:15:37Z,2024-02-15,65865,2653,Retail,Afterpay,COUPON010,2.56,EUR
541,2023-04-26T15:25:31Z,2023-04-26,69264,2596,Franchise,Gift Card,COUPON004,14.79,EUR
542,2023-11-06T18:43:41Z,2023-11-06,36052,4933,Online,PayPal,COUPON047,49.03,AUD
543,2023-05-07T06:37:21Z,2023-05-07,23348,1025,Franchise,Credit Card,COUPON039,39.58,EUR
544,2023-06-24T20:15:06Z,2023-06-24,42899,730,Retail,Gift Card,COUPON041,16.22,AUD
545,2024-06-15T11:55:18Z,2024-06-15,22830,481,Franchise,Cash,COUPON009,45.73,USD
546,2024-01-31T22:26:46Z,2024-01-31,64668,4508,Retail,Afterpay,COUPON034,9.93,EUR
547,2023-02-21T11:29:53Z,2023-02-21,21336,2672,Online,Credit Card,COUPON023,29.02,EUR
548,2024-05-27T11:27:42Z,2024-05-27,30998,1011,Franchise,PayPal,COUPON046,33.24,AUD
549,2024-07-07T22:20:26Z,2024-07-07,62348,3328,Online,Afterpay,COUPON014,1.62,USD
550,2024-09-23T02:24:37Z,2024-09-23,18650,2388,Online,Gift Card,COUPON019,16.74,EUR
551,2024-04-14T12:27:37Z,2024-04-14,44207,1953,Retail,PayPal,COUPON022,20.84,EUR
552,2023-08-08T18:44:51Z,2023-08-08,69455,3823,Retail,PayPal,COUPON005,41.51,AUD
553,2023-01-14T07:02:05Z,2023-01-14,38578,241,Retail,Cash,COUPON002,34.54,EUR
554,2023-04-20T10:07:56Z,2023-04-20,53155,4587,Online,PayPal,COUPON037,34.91,USD
555,2024-02-18T03:24:31Z,2024-02-18,26162,2235,Retail,Gift Card,COUPON020,30.84,EUR
556,2024-07-17T18:00:30Z,2024-07-17,63804,1360,Retail,PayPal,COUPON013,37.18,USD
557,2024-08-05T05:27:32Z,2024-08-05,61906,3723,Retail,Cash,COUPON030,47.20,EUR
558,2023-06-19T07:43:23Z,2023-06-19,37030,3298,Online,PayPal,COUPON030,5.54,AUD
559,2024-05-13T14:13:50Z,2024-05-13,17478,4456,Online,Credit Card,COUPON039,3.27,EUR
560,2023-03-05T19:40:22Z,2023-03-05,7618,2281,Franchise,Gift Card,COUPON027,24.00,AUD
561,2023-07-18T06:46:22Z,2023-07-18,56183,594,Franchise,Cash,COUPON032,29.09,USD
562,2023-02-27T14:29:30Z,2023-02-27,65790,4898,Online,PayPal,COUPON008,3.24,EUR
563,2023-05-31T19:44:39Z,2023-05-31,20911,841,Franchise,Gift Card,COUPON046,29.38,EUR
564,2023-11-05T11:51:48Z,2023-11-05,37584,3141,Retail,Gift Card,COUPON035,14.05,EUR
565,2023-08-13T22:11:48Z,2023-08-13,73898,2010,Online,Gift Card,COUPON046,39.11,AUD
566,2023-12-01T05:39:15Z,2023-12-01,63252,4100,Franchise,Credit Card,COUPON027,7.80,EUR
567,2024-07-07T00:27:37Z,2024-07-07,18799,1819,Online,Cash,COUPON004,31.04,AUD
568,2023-03-12T15:11:13Z,2023-03-12,50534,3068,Online,Credit Card,COUPON033,1.00,EUR
569,2023-10-16T16:33:53Z,2023-10-16,69398,3176,Retail,Cash,COUPON023,22.44,AUD
570,2024-09-23T15:45:50Z,2024-09-23,74196,1696,Franchise,Afterpay,COUPON016,25.40,USD
571,2023-04-29T15:54:51Z,2023-04-29,51319,196,Franchise,Credit Card,COUPON023,29.06,USD
572,2024-02-17T20:54:11Z,2024-02-17,75214,254,Retail,Cash,COUPON028,7.68,EUR
573,2024-08-14T20:07:52Z,2024-08-14,5126,3539,Online,Gift Card,COUPON050,7.66,AUD
574,2024-05-11T22:04:29Z,2024-05-11,50325,3127,Franchise,PayPal,COUPON008,36.81,USD
575,2023-06-02T02:09:57Z,2023-06-02,41021,3769,Franchise,Gift Card,COUPON045,46.01,AUD
576,2023-07-06T06:50:11Z,2023-07-06,33278,2104,Online,Afterpay,COUPON009,15.22,USD
577,2023-09-28T15:22:57Z,2023-09-28,21535,3677,Retail,Afterpay,COUPON013,36.74,USD
578,2023-06-14T03:04:45Z,2023-06-14,74255,102,Retail,Cash,COUPON032,43.50,AUD
579,2023-08-16T03:03:59Z,2023-08-16,28652,3130,Retail,PayPal,COUPON034,38.03,EUR
580,2024-03-05T08:55:26Z,2024-03-05,7381,1271,Retail,Cash,COUPON045,20.53,USD
581,2023-09-01T01:49:05Z,2023-09-01,35291,3194,Online,Gift Card,COUPON008,23.41,USD
582,2024-06-25T02:38:53Z,2024-06-25,56004,2428,Franchise,PayPal,COUPON019,43.35,EUR
583,2024-02-28T20:36:02Z,2024-02-28,65590,1449,Retail,Cash,COUPON015,9.31,AUD
584,2023-08-27T05:10:15Z,2023-08-27,86254,5326,Online,Cash,COUPON045,1.85,USD
585,2024-07-12T22:31:47Z,2024-07-12,47644,333,Online,Credit Card,COUPON031,2.63,AUD
586,2023-02-28T03:31:24Z,2023-02-28,8325,2396,Franchise,Cash,COUPON006,48.22,USD
587,2023-02-16T23:58:32Z,2023-02-16,23884,4965,Retail,Gift Card,COUPON033,30.34,AUD
588,2023-02-23T04:40:16Z,2023-02-23,78328,1702,Retail,Credit Card,COUPON038,6.68,EUR
589,2023-03-25T15:41:47Z,2023-03-25,67571,4711,Franchise,Afterpay,COUPON014,7.66,EUR
590,2023-07-14T02:10:08Z,2023-07-14,41531,2981,Franchise,Credit Card,COUPON021,29.40,AUD
591,2024-02-04T23:54:49Z,2024-02-04,39722,3099,Franchise,Cash,COUPON014,21.08,USD
592,2024-03-18T23:37:57Z,2024-03-18,9401,4866,Franchise,Cash,COUPON004,34.08,EUR
593,2024-06-28T04:09:00Z,2024-06-28,32353,912,Franchise,Credit Card,COUPON012,22.83,AUD
594,2023-05-23T11:36:51Z,2023-05-23,16496,3786,Retail,Credit Card,COUPON019,33.21,USD
595,2023-03-21T20:11:39Z,2023-03-21,61224,876,Online,Cash,COUPON041,17.29,AUD
596,2024-07-03T22:43:55Z,2024-07-03,39300,4519,Online,PayPal,COUPON035,8.06,USD
597,2023-09-26T15:12:07Z,2023-09-26,78956,4131,Franchise,PayPal,COUPON032,30.12,EUR
598,2024-06-16T01:35:37Z,2024-06-16,53655,555,Retail,Afterpay,COUPON047,43.50,USD
599,2023-07-05T12:31:45Z,2023-07-05,24899,519,Online,Cash,,12.98,USD
600,2023-03-19T06:51:24Z,2023-03-19,46422,595,Retail,PayPal,COUPON036,15.72,AUD
601,2023-03-30T08:35:09Z,2023-03-30,40358,4730,Retail,Afterpay,COUPON049,23.98,AUD
602,2023-03-25T18:53:42Z,2023-03-25,71825,3757,Online,Credit Card,COUPON033,24.71,EUR
603,2023-05-20T06:02:51Z,2023-05-20,18079,2135,Franchise,Afterpay,COUPON001,41.30,USD
604,2023-01-09T17:12:33Z,2023-01-09,17315,1489,Retail,Gift Card,COUPON001,36.84,EUR
605,2023-03-17T10:25:43Z,2023-03-17,54099,1579,Retail,Credit Card,COUPON014,41.48,USD
606,2024-01-06T02:41:47Z,2024-01-06,8623,1644,Retail,Afterpay,COUPON020,11.22,EUR
607,2024-08-28T13:15:25Z,2024-08-28,53685,367,Retail,Credit Card,COUPON012,12.44,EUR
608,2023-03-20T07:07:57Z,2023-03-20,4581,2574,Online,Afterpay,COUPON002,31.78,EUR
609,2023-08-19T09:04:51Z,2023-08-19,74456,2623,Online,Afterpay,COUPON036,32.48,EUR
610,2024-07-30T11:30:11Z,2024-07-30,26188,1205,Franchise,PayPal,COUPON032,36.17,USD
611,2023-04-27T11:43:04Z,2023-04-27,27299,1099,Franchise,Credit Card,,47.02,EUR
612,2023-09-28T21:53:12Z,2023-09-28,17508,899,Franchise,PayPal,COUPON007,23.35,USD
613,2023-05-12T19:20:43Z,2023-05-12,19725,1282,Franchise,Gift Card,COUPON031,21.34,EUR
614,2023-12-20T03:22:20Z,2023-12-20,41209,1336,Franchise,Credit Card,COUPON021,9.74,USD
615,2024-04-08T20:16:08Z,2024-04-08,6700,4232,Online,Cash,COUPON035,49.39,EUR
616,2023-12-19T04:13:52Z,2023-12-19,32308,4709,Online,Cash,COUPON018,0.51,USD
617,2023-02-15T23:37:36Z,2023-02-15,54047,1737,Online,Credit Card,COUPON023,15.68,AUD
618,2023-04-17T16:02:21Z,2023-04-17,49281,2978,Online,Cash,COUPON039,15.18,USD
619,2023-01-29T06:32:24Z,2023-01-29,11180,1252,Retail,Credit Card,COUPON013,12.48,USD
620,2024-02-13T23:10:54Z,2024-02-13,77853,2968,Online,Credit Card,COUPON015,25.42,AUD
621,2024-04-09T03:40:06Z,2024-04-09,46793,1122,Franchise,Credit Card,COUPON001,25.89,USD
622,2023-06-14T23:05:19Z,2023-06-14,14094,357,Franchise,Gift Card,COUPON016,11.96,USD
623,2023-08-29T06:36:32Z,2023-08-29,66511,1597,Franchise,Gift Card,COUPON007,26.87,USD
624,2023-12-26T06:06:00Z,2023-12-26,23532,973,Retail,Credit Card,COUPON017,44.83,AUD
625,2023-01-19T22:55:17Z,2023-01-19,12149,2525,Retail,PayPal,COUPON026,11.53,USD
626,2023-05-15T04:12:25Z,2023-05-15,30556,1415,Retail,Cash,COUPON035,5.91,USD
627,2023-06-19T07:04:21Z,2023-06-19,60276,2283,Online,Afterpay,COUPON036,44.37,EUR
628,2023-01-16T18:10:07Z,2023-01-16,63642,4165,Online,Cash,COUPON013,23.73,USD
629,2024-07-10T18:19:07Z,2024-07-10,76883,1401,Franchise,Gift Card,COUPON007,42.26,EUR
630,2023-03-31T11:52:02Z,2023-03-31,79837,4164,Online,Afterpay,COUPON031,19.94,AUD
631,2023-10-12T20:15:04Z,2023-10-12,62186,3528,Online,Afterpay,COUPON030,48.76,EUR
632,2023-09-19T19:25:23Z,2023-09-19,47891,1014,Retail,PayPal,COUPON049,34.86,AUD
633,2024-02-09T22:27:44Z,2024-02-09,44002,3820,Online,Cash,COUPON007,9.98,USD
634,2023-07-08T11:29:18Z,2023-07-08,73620,244,Franchise,Cash,COUPON019,35.58,AUD
635,2024-02-17T19:29:59Z,2024-02-17,46101,3212,Franchise,Cash,COUPON026,39.32,AUD
636,2023-11-25T16:49:05Z,2023-11-25,65691,3864,Franchise,Credit Card,COUPON021,23.25,USD
637,2024-05-27T05:44:26Z,2024-05-27,88118,5983,Online,PayPal,COUPON001,46.39,USD
638,2024-03-31T07:02:42Z,2024-03-31,44843,2678,Franchise,Credit Card,COUPON045,24.77,AUD
639,2023-01-06T02:15:10Z,2023-01-06,37928,1604,Online,Credit Card,COUPON019,39.93,EUR
640,2023-11-01T20:27:24Z,2023-11-01,5418,1858,Retail,PayPal,COUPON041,19.18,AUD
641,2023-10-19T00:42:46Z,2023-10-19,73420,60,Online,Afterpay,COUPON042,23.39,AUD
642,2023-01-31T13:38:14Z,2023-01-31,44127,4821,Franchise,Cash,COUPON045,7.06,AUD
643,2024-05-14T04:18:22Z,2024-05-14,41020,374,Franchise,Gift Card,COUPON027,46.84,USD
644,2024-05-19T18:47:03Z,2024-05-19,14387,1392,Retail,Afterpay,COUPON033,42.23,AUD
645,2023-09-17T10:58:28Z,2023-09-17,39237,576,Retail,Gift Card,COUPON038,23.98,EUR
646,2023-09-15T16:26:19Z,2023-09-15,18653,1786,Franchise,Cash,COUPON041,7.06,USD
647,2023-09-02T22:37:57Z,2023-09-02,39704,301,Franchise,Gift Card,COUPON035,43.25,AUD
648,2024-04-20T02:45:43Z,2024-04-20,10478,2637,Franchise,Cash,COUPON005,0.64,USD
649,2023-04-12T04:05:38Z,2023-04-12,37819,1804,Franchise,Credit Card,COUPON038,0.93,AUD
650,2024-05-10T22:46:16Z,2024-05-10,29707,3850,Retail,PayPal,COUPON035,40.66,EUR
651,2024-09-06T15:36:49Z,2024-09-06,38149,401,Franchise,Gift Card,COUPON016,31.86,USD
652,2023-05-31T16:08:26Z,2023-05-31,5092,946,Retail,Gift Card,COUPON014,20.78,USD
653,2023-07-23T06:55:51Z,2023-07-23,9624,3333,Online,Gift Card,COUPON031,47.29,AUD
654,2023-07-03T08:52:56Z,2023-07-03,40799,1185,Online,Gift Card,COUPON009,27.09,AUD
655,2024-02-13T04:24:43Z,2024-02-13,47928,3017,Franchise,Credit Card,COUPON033,16.32,AUD
656,2023-02-08T18:07:15Z,2023-02-08,60230,2168,Franchise,PayPal,COUPON028,27.76,EUR
657,2023-07-05T02:12:05Z,2023-07-05,51261,3545,Online,Gift Card,COUPON043,14.71,EUR
658,2023-01-11T13:19:39Z,2023-01-11,66864,2685,Retail,Credit Card,,43.14,EUR
659,2024-05-10T11:19:26Z,2024-05-10,62241,1411,Online,Afterpay,COUPON002,6.82,USD
660,2024-08-18T21:36:32Z,2024-08-18,45624,44,Franchise,Credit Card,COUPON050,29.88,USD
661,2024-09-15T16:18:06Z,2024-09-15,60761,2692,Online,Gift Card,COUPON009,35.72,EUR
662,2024-02-27T21:12:06Z,2024-02-27,78323,336,Franchise,Gift Card,COUPON034,32.90,USD
663,2023-12-18T04:55:47Z,2023-12-18,27143,4976,Online,Credit Card,COUPON002,27.88,AUD
664,2024-09-13T04:36:00Z,2024-09-13,62225,3939,Retail,Credit Card,COUPON046,8.92,AUD
665,2023-12-16T00:41:55Z,2023-12-16,65574,384,Online,PayPal,COUPON006,32.00,USD
666,2024-04-20T04:35:38Z,2024-04-20,75210,2581,Online,Credit Card,COUPON031,18.77,AUD
667,2024-02-15T06:31:38Z,2024-02-15,62328,2547,Retail,Afterpay,COUPON011,39.09,EUR
668,2023-12-20T04:31:49Z,2023-12-20,53027,417,Online,Gift Card,COUPON029,33.97,EUR
669,2023-12-01T12:08:09Z,2023-12-01,7922,1077,Online,PayPal,COUPON002,46.73,AUD
670,2023-05-17T20:47:06Z,2023-05-17,53162,935,Online,Cash,COUPON016,23.60,EUR
671,2024-03-14T09:55:20Z,2024-03-14,79696,3926,Retail,Cash,COUPON015,14.16,USD
672,2024-06-16T20:05:37Z,2024-06-16,14281,2748,Online,Credit Card,COUPON014,1.80,EUR
673,2024-06-26T23:24:23Z,2024-06-26,18210,3286,Online,Credit Card,COUPON005,49.96,USD
674,2024-09-23T14:54:30Z,2024-09-23,6530,2971,Franchise,Cash,COUPON032,24.51,EUR
675,2023-02-02T07:22:01Z,2023-02-02,33624,4175,Franchise,PayPal,COUPON041,11.42,EUR
676,2024-07-21T06:31:35Z,2024-07-21,10816,3055,Franchise,Afterpay,COUPON050,34.73,USD
677,2023-10-07T06:21:01Z,2023-10-07,19491,3190,Franchise,Credit Card,COUPON044,49.02,AUD
678,2024-07-13T12:45:12Z,2024-07-13,51590,1691,Franchise,PayPal,COUPON026,1.29,EUR
679,2024-08-10T09:44:20Z,2024-08-10,33521,101,Retail,Credit Card,COUPON040,9.18,USD
680,2023-01-25T22:18:08Z,2023-01-25,35481,3412,Franchise,Afterpay,COUPON023,9.56,AUD
681,2023-12-04T07:42:35Z,2023-12-04,6813,779,Franchise,Afterpay,COUPON035,25.89,EUR
682,2023-12-24T14:47:57Z,2023-12-24,75920,3843,Franchise,Afterpay,COUPON034,36.50,USD
683,2024-09-26T03:05:13Z,2024-09-26,24989,3074,Retail,Afterpay,COUPON041,20.21,USD
684,2023-06-29T18:30:47Z,2023-06-29,29056,2864,Retail,PayPal,COUPON045,7.84,EUR
685,2024-09-04T06:53:47Z,2024-09-04,23350,3262,Retail,PayPal,COUPON047,45.31,AUD
686,2024-02-12T17:12:30Z,2024-02-12,35462,1699,Online,Cash,COUPON027,19.86,EUR
687,2023-04-04T09:46:20Z,2023-04-04,61174,4571,Franchise,Afterpay,COUPON035,33.13,AUD
688,2023-01-12T04:20:49Z,2023-01-12,45468,3342,Franchise,Cash,,34.03,AUD
689,2023-03-19T05:11:20Z,2023-03-19,60527,612,Franchise,Cash,COUPON033,49.82,AUD
690,2023-03-13T17:35:14Z,2023-03-13,60861,4765,Online,Cash,COUPON029,39.07,EUR
691,2024-08-13T16:29:54Z,2024-08-13,38278,3829,Retail,PayPal,COUPON028,8.16,AUD
692,2023-06-13T17:34:50Z,2023-06-13,22247,418,Online,Gift Card,COUPON013,16.73,EUR
693,2024-02-17T07:07:58Z,2024-02-17,67334,674,Franchise,Afterpay,COUPON001,32.03,AUD
694,2024-04-17T00:16:03Z,2024-04-17,79783,2964,Online,Cash,COUPON047,29.57,USD
695,2023-03-25T11:50:08Z,2023-03-25,15181,3495,Online,Gift Card,COUPON034,38.49,USD
696,2023-08-25T19:40:53Z,2023-08-25,67017,4234,Retail,PayPal,COUPON013,17.29,AUD
697,2024-06-01T09:17:06Z,2024-06-01,15927,2663,Franchise,Gift Card,COUPON014,29.19,USD
698,2023-08-25T23:48:42Z,2023-08-25,41131,3388,Franchise,Afterpay,COUPON014,39.41,USD
699,2024-04-28T01:35:51Z,2024-04-28,37202,3091,Franchise,PayPal,COUPON017,48.68,AUD
700,2024-08-27T06:53:28Z,2024-08-27,39450,3431,Online,Cash,COUPON037,33.76,AUD
701,2023-09-13T11:23:56Z,2023-09-13,29908,907,Online,Afterpay,COUPON018,27.86,EUR
702,2023-07-01T14:52:42Z,2023-07-01,47253,348,Online,PayPal,COUPON045,25.47,AUD
703,2024-05-06T08:48:03Z,2024-05-06,59428,3412,Retail,PayPal,COUPON015,30.05,USD
704,2024-04-23T22:37:38Z,2024-04-23,72179,2943,Online,PayPal,COUPON033,39.07,AUD
705,2024-05-30T10:32:06Z,2024-05-30,53248,4400,Online,PayPal,COUPON046,44.11,AUD
706,2023-05-27T18:06:56Z,2023-05-27,9971,3179,Online,Afterpay,COUPON010,5.78,USD
707,2023-03-01T01:43:46Z,2023-03-01,68469,4639,Franchise,Gift Card,COUPON045,13.13,USD
708,2023-02-21T10:10:07Z,2023-02-21,4390,4477,Retail,PayPal,COUPON047,36.85,AUD
709,2024-07-20T19:17:08Z,2024-07-20,53403,778,Franchise,Credit Card,COUPON040,44.48,AUD
710,2023-08-06T19:07:56Z,2023-08-06,15622,327,Retail,Credit Card,COUPON009,4.90,AUD
711,2024-06-12T06:06:03Z,2024-06-12,62915,2111,Franchise,Credit Card,COUPON043,10.67,EUR
712,2023-11-15T21:36:30Z,2023-11-15,64486,3873,Retail,Afterpay,COUPON012,3.43,AUD
713,2024-07-27T22:16:14Z,2024-07-27,58630,525,Retail,Gift Card,COUPON047,13.51,EUR
714,2024-08-30T06:24:32Z,2024-08-30,30404,1130,Online,Cash,COUPON020,7.48,AUD
715,2024-09-27T07:16:23Z,2024-09-27,14274,122,Retail,Credit Card,COUPON020,13.92,EUR
716,2023-01-17T08:48:48Z,2023-01-17,26265,1328,Franchise,Afterpay,COUPON031,14.66,EUR
717,2024-02-04T16:03:16Z,2024-02-04,22043,4075,Retail,Credit Card,COUPON045,45.78,EUR
718,2024-03-10T05:25:03Z,2024-03-10,46247,2117,Franchise,Credit Card,COUPON002,49.70,AUD
719,2023-07-08T22:53:14Z,2023-07-08,40178,2266,Retail,Gift Card,COUPON029,32.82,EUR
720,2023-06-07T08:12:44Z,2023-06-07,53118,149,Online,Cash,COUPON041,23.17,EUR
721,2024-01-05T14:54:38Z,2024-01-05,8720,2840,Retail,Afterpay,COUPON032,17.43,USD
722,2023-12-06T08:11:36Z,2023-12-06,8610,3338,Retail,PayPal,COUPON017,18.17,USD
723,2023-05-07T11:37:38Z,2023-05-07,54992,595,Franchise,Cash,COUPON039,29.78,EUR
724,2023-09-26T03:48:19Z,2023-09-26,17005,640,Franchise,Gift Card,,37.39,AUD
725,2023-11-29T11:36:37Z,2023-11-29,7194,4528,Retail,PayPal,COUPON015,27.60,AUD
726,2024-02-29T18:45:55Z,2024-02-29,64069,4316,Franchise,Cash,COUPON027,28.18,EUR
727,2024-02-11T07:25:05Z,2024-02-11,7284,296,Franchise,Cash,COUPON008,15.42,USD
728,2023-12-12T12:23:46Z,2023-12-12,25892,4782,Online,PayPal,COUPON048,40.25,USD
729,2024-06-13T05:04:45Z,2024-06-13,45118,3949,Online,Gift Card,COUPON035,27.98,USD
730,2023-04-09T15:30:20Z,2023-04-09,17969,4945,Franchise,PayPal,COUPON011,10.74,EUR
731,2023-10-10T11:09:23Z,2023-10-10,8702,1158,Online,Cash,COUPON029,22.89,AUD
732,2023-03-29T14:30:22Z,2023-03-29,29519,2345,Retail,PayPal,,15.46,EUR
733,2023-08-26T04:09:30Z,2023-08-26,7835,1375,Online,Gift Card,COUPON007,46.18,USD
734,2023-01-12T19:32:24Z,2023-01-12,66601,1201,Retail,Afterpay,COUPON037,2.49,USD
735,2024-08-10T20:10:25Z,2024-08-10,71559,4993,Retail,Credit Card,COUPON034,46.15,USD
736,2024-07-03T10:27:52Z,2024-07-03,78453,2872,Retail,PayPal,COUPON049,7.78,EUR
737,2023-11-05T20:28:45Z,2023-11-05,21868,4958,Franchise,PayPal,COUPON018,20.21,AUD
738,2023-04-11T06:07:43Z,2023-04-11,38641,1604,Franchise,Cash,COUPON033,30.03,EUR
739,2023-09-30T22:22:00Z,2023-09-30,8645,3758,Online,Credit Card,COUPON033,8.94,EUR
740,2024-06-18T22:08:35Z,2024-06-18,74432,4372,Franchise,Gift Card,COUPON026,28.61,USD
741,2024-06-28T21:23:45Z,2024-06-28,48640,3252,Retail,Credit Card,COUPON039,28.16,USD
742,2023-05-31T06:48:10Z,2023-05-31,43248,842,Retail,Gift Card,COUPON020,29.97,EUR
743,2023-03-03T01:31:57Z,2023-03-03,23955,1369,Retail,PayPal,COUPON013,5.27,EUR
744,2024-09-18T06:02:44Z,2024-09-18,27836,2058,Online,Gift Card,COUPON005,46.70,AUD
745,2023-10-17T04:20:11Z,2023-10-17,4482,4986,Retail,Afterpay,,45.36,USD
746,2023-12-19T00:57:01Z,2023-12-19,7280,347,Retail,Cash,COUPON041,9.82,AUD
747,2023-10-14T06:30:18Z,2023-10-14,6354,4873,Online,Credit Card,COUPON007,24.28,AUD
748,2024-08-25T21:35:56Z,2024-08-25,74332,4246,Retail,PayPal,COUPON002,20.90,AUD
749,2024-03-05T17:47:21Z,2024-03-05,26331,2081,Retail,Cash,COUPON048,43.46,EUR
750,2023-07-29T00:04:04Z,2023-07-29,72744,3854,Online,Afterpay,COUPON013,27.03,EUR
751,2023-01-07T11:18:10Z,2023-01-07,26119,4149,Online,Afterpay,,39.22,AUD
752,2023-05-03T09:44:09Z,2023-05-03,27176,1084,Franchise,Credit Card,COUPON005,15.17,AUD
753,2024-03-21T11:31:37Z,2024-03-21,29774,2881,Franchise,Credit Card,COUPON045,3.44,USD
754,2023-11-18T07:19:31Z,2023-11-18,44724,3943,Retail,Credit Card,COUPON030,35.43,USD
755,2023-07-07T04:21:14Z,2023-07-07,76384,1930,Online,Credit Card,COUPON038,16.97,EUR
756,2024-05-26T23:07:38Z,2024-05-26,13104,893,Online,Credit Card,COUPON011,15.52,USD
757,2024-06-04T06:46:50Z,2024-06-04,12634,2400,Franchise,Afterpay,COUPON006,9.47,USD
758,2024-03-08T10:59:28Z,2024-03-08,60838,618,Franchise,Gift Card,COUPON033,22.93,EUR
759,2023-07-27T14:16:22Z,2023-07-27,17721,1474,Franchise,Credit Card,COUPON032,3.64,AUD
760,2023-04-28T12:48:52Z,2023-04-28,24956,2890,Online,Credit Card,COUPON019,36.83,EUR
761,2023-01-04T08:02:27Z,2023-01-04,38105,3688,Retail,Cash,COUPON009,9.61,USD
762,2023-02-18T01:34:28Z,2023-02-18,47503,2333,Retail,Credit Card,COUPON045,29.66,USD
763,2023-06-23T01:16:04Z,2023-06-23,21597,1641,Retail,Credit Card,COUPON010,45.81,AUD
764,2023-10-27T08:09:38Z,2023-10-27,53529,2024,Online,Afterpay,COUPON003,48.39,USD
765,2023-04-30T21:20:13Z,2023-04-30,54570,312,Franchise,Cash,COUPON006,4.59,AUD
766,2023-03-14T01:45:15Z,2023-03-14,50959,241,Online,PayPal,COUPON025,26.00,AUD
767,2023-04-26T14:36:17Z,2023-04-26,73750,1913,Online,Afterpay,COUPON029,47.09,AUD
768,2023-08-24T23:07:31Z,2023-08-24,13120,4183,Franchise,Cash,COUPON031,23.41,AUD
769,2023-10-02T04:41:10Z,2023-10-02,64407,3590,Online,Credit Card,COUPON008,3.44,EUR
770,2024-03-16T01:37:26Z,2024-03-16,30110,2522,Retail,Afterpay,COUPON020,24.39,USD
771,2024-09-26T02:27:54Z,2024-09-26,64614,1145,Retail,Credit Card,COUPON007,11.52,EUR
772,2024-03-12T10:14:07Z,2024-03-12,6587,4999,Franchise,Credit Card,COUPON006,24.45,AUD
773,2024-08-08T16:27:02Z,2024-08-08,33996,3925,Retail,Credit Card,COUPON037,21.26,AUD
774,2023-01-04T11:29:56Z,2023-01-04,61816,3250,Retail,Gift Card,COUPON037,0.63,USD
775,2023-05-29T08:05:21Z,2023-05-29,75649,3093,Online,Gift Card,COUPON004,44.94,USD
776,2024-02-11T19:55:07Z,2024-02-11,46096,343,Franchise,PayPal,COUPON027,9.77,EUR
777,2023-05-08T03:13:46Z,2023-05-08,45291,773,Franchise,Credit Card,COUPON040,44.84,USD
778,2024-03-22T04:40:07Z,2024-03-22,56057,2427,Retail,PayPal,COUPON028,36.50,USD
779,2023-12-20T23:27:08Z,2023-12-20,48709,289,Retail,Afterpay,COUPON021,30.63,AUD
780,2023-09-08T01:49:43Z,2023-09-08,4586,3550,Retail,Credit Card,COUPON020,44.57,USD
781,2023-01-04T22:48:09Z,2023-01-04,56983,4346,Online,PayPal,COUPON010,19.70,EUR
782,2023-11-01T01:05:04Z,2023-11-01,49465,3939,Online,Gift Card,COUPON025,36.01,AUD
783,2024-02-15T05:59:59Z,2024-02-15,36952,2835,Online,Afterpay,COUPON016,37.46,USD
784,2023-02-23T09:39:03Z,2023-02-23,28159,1162,Online,PayPal,COUPON019,14.18,USD
785,2024-09-12T06:08:02Z,2024-09-12,72741,4928,Franchise,Cash,COUPON021,25.62,AUD
786,2023-05-20T03:49:21Z,2023-05-20,8437,1857,Franchise,Cash,COUPON041,33.89,EUR
787,2024-03-01T21:00:20Z,2024-03-01,77076,4010,Retail,Cash,COUPON016,32.44,USD
788,2024-05-26T19:05:54Z,2024-05-26,41657,3782,Franchise,Credit Card,COUPON025,30.31,AUD
789,2023-05-16T08:00:42Z,2023-05-16,24963,2178,Retail,Cash,COUPON026,33.15,AUD
790,2024-07-20T11:30:25Z,2024-07-20,2924,4630,Retail,Credit Card,COUPON006,47.80,EUR
791,2024-01-01T15:07:24Z,2024-01-01,12679,1173,Retail,Cash,COUPON008,2.67,AUD
792,2024-04-06T09:07:36Z,2024-04-06,10193,2536,Franchise,Gift Card,COUPON022,12.43,USD
793,2023-05-16T19:40:04Z,2023-05-16,72771,4099,Online,PayPal,COUPON035,27.90,AUD
794,2023-12-15T17:04:20Z,2023-12-15,63160,3348,Online,Credit Card,COUPON030,49.98,USD
795,2023-07-23T07:01:15Z,2023-07-23,44092,3587,Retail,Gift Card,COUPON003,35.33,USD
796,2024-06-20T14:09:07Z,2024-06-20,27030,3657,Retail,Cash,COUPON012,27.31,USD
797,2023-09-02T22:10:51Z,2023-09-02,57514,1069,Franchise,Cash,COUPON014,9.51,AUD
798,2024-03-04T04:04:43Z,2024-03-04,52335,4881,Retail,Credit Card,COUPON001,4.89,USD
799,2023-12-27T20:54:51Z,2023-12-27,45999,4840,Retail,Credit Card,COUPON027,18.80,AUD
800,2023-12-08T05:46:27Z,2023-12-08,27454,3039,Retail,Afterpay,,31.78,EUR
801,2024-02-26T06:37:05Z,2024-02-26,58269,2482,Franchise,Afterpay,COUPON002,44.90,USD
802,2023-05-17T07:37:17Z,2023-05-17,71915,2443,Online,Afterpay,COUPON045,39.43,AUD
803,2024-07-22T05:34:55Z,2024-07-22,68634,1560,Retail,Cash,COUPON021,16.18,USD
804,2023-08-11T11:13:01Z,2023-08-11,3598,2003,Online,Credit Card,COUPON019,9.72,EUR
805,2023-03-29T02:19:57Z,2023-03-29,77433,2057,Franchise,PayPal,COUPON029,17.61,EUR
806,2023-03-17T15:49:44Z,2023-03-17,31458,26,Online,Cash,COUPON019,33.47,EUR
807,2023-11-04T23:09:22Z,2023-11-04,36682,3915,Online,Gift Card,COUPON024,47.30,AUD
808,2024-07-30T18:36:54Z,2024-07-30,27037,282,Online,Gift Card,COUPON004,22.64,AUD
809,2024-01-30T15:11:22Z,2024-01-30,1432,4207,Online,Afterpay,COUPON013,0.57,EUR
810,2023-02-21T04:59:04Z,2023-02-21,5665,2317,Retail,Afterpay,COUPON024,38.63,USD
811,2023-06-30T00:08:33Z,2023-06-30,5347,1017,Franchise,Credit Card,COUPON028,17.83,EUR
812,2023-08-08T08:16:53Z,2023-08-08,32161,4910,Online,Credit Card,COUPON016,37.50,AUD
813,2023-06-02T19:10:02Z,2023-06-02,12710,3098,Online,PayPal,COUPON032,37.51,EUR
814,2023-12-25T00:52:31Z,2023-12-25,2194,3643,Retail,PayPal,COUPON020,12.07,AUD
815,2024-07-19T13:34:56Z,2024-07-19,76144,1160,Franchise,Credit Card,COUPON031,24.74,AUD
816,2024-04-18T00:06:43Z,2024-04-18,55373,415,Franchise,Credit Card,COUPON045,1.49,AUD
817,2024-04-09T01:53:17Z,2024-04-09,52781,3371,Online,PayPal,COUPON020,26.09,USD
818,2023-01-24T05:26:13Z,2023-01-24,39882,1945,Franchise,Credit Card,COUPON011,6.42,EUR
819,2024-07-02T05:02:45Z,2024-07-02,38035,432,Online,Afterpay,COUPON035,6.72,AUD
820,2023-04-28T18:41:58Z,2023-04-28,71118,181,Franchise,Cash,COUPON014,22.35,AUD
821,2024-08-28T05:27:02Z,2024-08-28,27240,4867,Online,Gift Card,COUPON023,46.89,EUR
822,2023-07-09T17:20:39Z,2023-07-09,57050,3922,Franchise,PayPal,COUPON001,25.30,EUR
823,2023-07-25T07:27:50Z,2023-07-25,19911,388,Franchise,Gift Card,COUPON007,19.93,AUD
824,2024-02-25T06:04:24Z,2024-02-25,10481,2784,Retail,Afterpay,COUPON032,2.38,USD
825,2023-11-02T23:08:28Z,2023-11-02,54876,1960,Retail,Gift Card,COUPON050,7.71,AUD
826,2024-05-25T15:25:34Z,2024-05-25,42022,1595,Online,Gift Card,COUPON033,1.13,USD
827,2024-09-01T15:09:24Z,2024-09-01,69394,3814,Franchise,Cash,COUPON010,4.00,AUD
828,2023-08-20T20:11:12Z,2023-08-20,55287,3722,Retail,Cash,COUPON007,43.00,USD
829,2023-11-26T07:36:38Z,2023-11-26,2707,1163,Online,Afterpay,COUPON005,24.80,EUR
830,2024-07-20T08:06:15Z,2024-07-20,39555,2701,Franchise,Afterpay,COUPON038,40.56,AUD
831,2024-09-14T00:33:47Z,2024-09-14,34705,1245,Retail,Credit Card,COUPON017,44.22,USD
832,2023-12-25T05:41:54Z,2023-12-25,4946,2271,Retail,Credit Card,COUPON046,4.86,EUR
833,2023-08-02T07:19:42Z,2023-08-02,19948,3872,Franchise,Afterpay,COUPON043,28.59,EUR
834,2024-02-09T06:35:21Z,2024-02-09,12491,1209,Online,Cash,COUPON018,14.40,USD
835,2024-06-12T18:06:27Z,2024-06-12,59596,1913,Retail,Credit Card,COUPON015,9.27,EUR
836,2024-05-21T14:37:59Z,2024-05-21,53466,2291,Franchise,Gift Card,COUPON009,45.17,USD
837,2024-04-13T22:06:43Z,2024-04-13,75146,1733,Franchise,Cash,COUPON007,44.71,AUD
838,2023-05-19T12:52:36Z,2023-05-19,57938,3450,Retail,PayPal,COUPON019,27.71,USD
839,2024-04-01T02:27:23Z,2024-04-01,51259,231,Franchise,Credit Card,COUPON027,6.66,USD
840,2023-05-03T23:25:03Z,2023-05-03,6519,1185,Online,PayPal,COUPON033,22.34,AUD
841,2023-02-07T05:04:36Z,2023-02-07,16433,4086,Retail,Credit Card,COUPON029,15.05,USD
842,2023-08-01T14:50:30Z,2023-08-01,19945,4248,Franchise,Gift Card,COUPON022,13.99,AUD
843,2024-07-30T04:24:29Z,2024-07-30,74770,2114,Online,PayPal,COUPON020,20.36,AUD
844,2023-03-01T22:19:16Z,2023-03-01,64701,2765,Online,Gift Card,COUPON034,22.99,EUR
845,2023-06-04T20:49:13Z,2023-06-04,19331,279,Franchise,Afterpay,COUPON001,40.87,AUD
846,2024-09-02T18:37:19Z,2024-09-02,16919,744,Retail,Afterpay,COUPON048,42.45,EUR
847,2023-02-17T23:30:39Z,2023-02-17,73630,4231,Franchise,Cash,COUPON020,41.09,AUD
848,2024-04-13T21:19:25Z,2024-04-13,3177,2867,Online,Credit Card,COUPON025,47.98,USD
849,2024-04-26T18:53:48Z,2024-04-26,69394,3771,Retail,Gift Card,COUPON029,12.69,EUR
850,2023-11-10T22:04:55Z,2023-11-10,47212,1508,Franchise,Afterpay,COUPON005,30.22,EUR
851,2023-02-24T08:29:17Z,2023-02-24,72335,2693,Franchise,Credit Card,COUPON007,30.15,AUD
852,2024-03-14T05:59:01Z,2024-03-14,18283,3419,Franchise,Cash,COUPON018,41.60,EUR
853,2023-09-21T21:26:58Z,2023-09-21,74782,1383,Online,Credit Card,COUPON005,28.67,EUR
854,2024-01-01T20:39:29Z,2024-01-01,12737,3558,Retail,PayPal,COUPON040,36.45,EUR
855,2024-01-25T14:47:53Z,2024-01-25,18232,2513,Online,PayPal,COUPON025,37.71,USD
856,2024-02-05T01:29:50Z,2024-02-05,190,4145,Online,Afterpay,COUPON044,28.49,AUD
857,2024-05-08T22:10:01Z,2024-05-08,65627,4833,Online,PayPal,COUPON048,1.25,AUD
858,2024-02-18T00:06:03Z,2024-02-18,4487,3692,Retail,Credit Card,COUPON009,40.13,USD
859,2023-08-10T09:10:05Z,2023-08-10,56435,2675,Franchise,PayPal,COUPON005,5.77,AUD
860,2023-07-08T16:04:38Z,2023-07-08,11984,3738,Retail,Afterpay,COUPON019,28.27,EUR
861,2024-04-09T20:17:59Z,2024-04-09,37945,4609,Retail,Gift Card,COUPON019,5.54,AUD
862,2024-04-08T12:27:04Z,2024-04-08,9361,487,Retail,Gift Card,COUPON028,39.06,AUD
863,2024-09-03T23:20:47Z,2024-09-03,39498,3016,Retail,Credit Card,COUPON017,25.88,AUD
864,2024-01-25T21:50:10Z,2024-01-25,21103,2613,Franchise,Cash,COUPON042,28.68,USD
865,2024-08-22T06:55:28Z,2024-08-22,64956,4895,Retail,Gift Card,,8.74,USD
866,2023-12-11T21:04:34Z,2023-12-11,28173,4066,Franchise,PayPal,COUPON023,3.75,AUD
867,2023-01-02T09:48:04Z,2023-01-02,55500,2555,Franchise,Credit Card,COUPON050,13.37,USD
868,2024-05-06T14:48:54Z,2024-05-06,50794,1409,Retail,Credit Card,COUPON049,6.33,USD
869,2024-01-30T05:12:58Z,2024-01-30,15552,164,Retail,Gift Card,COUPON027,2.17,EUR
870,2023-11-22T00:24:32Z,2023-11-22,34998,2006,Franchise,Gift Card,COUPON004,17.47,EUR
871,2024-03-21T20:58:49Z,2024-03-21,44261,1516,Online,Credit Card,COUPON030,1.56,EUR
872,2023-07-19T14:51:26Z,2023-07-19,18002,1771,Franchise,Credit Card,COUPON040,35.77,EUR
873,2023-06-29T10:25:20Z,2023-06-29,4267,3284,Online,Cash,COUPON004,45.81,USD
874,2023-11-24T09:45:40Z,2023-11-24,21217,273,Online,PayPal,COUPON030,26.29,EUR
875,2023-12-23T19:25:25Z,2023-12-23,21576,1599,Online,Cash,COUPON028,9.27,USD
876,2023-06-07T04:53:27Z,2023-06-07,4423,4416,Retail,Gift Card,COUPON048,5.72,EUR
877,2023-04-09T04:35:53Z,2023-04-09,9842,28,Franchise,Gift Card,COUPON006,4.29,AUD
878,2024-08-27T17:49:24Z,2024-08-27,5966,4771,Franchise,Gift Card,COUPON038,43.45,EUR
879,2023-12-29T01:45:18Z,2023-12-29,59805,288,Online,Cash,COUPON008,2.97,AUD
880,2024-05-11T03:10:43Z,2024-05-11,44533,4835,Online,Afterpay,COUPON010,26.84,AUD
881,2023-03-10T07:45:17Z,2023-03-10,34071,4232,Retail,Afterpay,COUPON044,20.57,USD
882,2024-05-07T00:12:06Z,2024-05-07,64737,3289,Online,PayPal,COUPON003,19.39,AUD
883,2024-01-07T22:09:28Z,2024-01-07,51305,3823,Retail,Cash,COUPON023,21.82,USD
884,2024-08-10T10:46:09Z,2024-08-10,36293,2438,Retail,Credit Card,COUPON011,2.11,AUD
885,2023-05-21T18:22:34Z,2023-05-21,46017,193,Online,Credit Card,COUPON025,3.94,AUD
886,2023-08-26T22:08:49Z,2023-08-26,69258,1044,Franchise,Afterpay,COUPON012,37.85,EUR
887,2023-04-27T00:27:57Z,2023-04-27,1342,3227,Franchise,Afterpay,COUPON027,37.56,USD
888,2024-06-25T04:27:32Z,2024-06-25,15282,1274,Franchise,Credit Card,COUPON021,10.77,EUR
889,2023-01-30T17:41:24Z,2023-01-30,44707,2745,Online,Credit Card,COUPON031,21.35,AUD
890,2023-07-31T22:53:07Z,2023-07-31,74064,3794,Online,Afterpay,COUPON012,31.30,USD
891,2023-08-23T15:10:23Z,2023-08-23,38112,1308,Franchise,Credit Card,COUPON045,7.22,EUR
892,2024-05-27T02:16:55Z,2024-05-27,24227,4282,Franchise,Cash,COUPON046,28.26,EUR
893,2024-01-16T16:38:47Z,2024-01-16,45098,4647,Online,Gift Card,COUPON017,17.48,AUD
894,2023-02-12T17:10:20Z,2023-02-12,8262,2033,Franchise,Gift Card,COUPON038,31.20,USD
895,2023-11-23T10:23:20Z,2023-11-23,60646,1727,Retail,Credit Card,COUPON041,23.85,EUR
896,2023-01-10T06:04:11Z,2023-01-10,42938,3855,Retail,Credit Card,COUPON042,28.70,AUD
897,2024-06-23T07:45:25Z,2024-06-23,46134,3118,Franchise,PayPal,COUPON007,41.99,USD
898,2023-12-04T20:45:54Z,2023-12-04,19149,763,Franchise,Cash,COUPON024,22.42,AUD
899,2023-04-21T14:06:21Z,2023-04-21,32062,986,Online,Gift Card,COUPON031,47.22,USD
900,2024-05-26T09:50:24Z,2024-05-26,5319,1459,Franchise,Gift Card,COUPON007,35.02,EUR
901,2024-05-08T12:22:58Z,2024-05-08,33149,1060,Retail,Credit Card,COUPON010,20.23,EUR
902,2024-08-12T16:33:34Z,2024-08-12,51011,3131,Retail,PayPal,COUPON017,46.64,AUD
903,2024-01-21T09:49:07Z,2024-01-21,18813,3510,Retail,PayPal,COUPON012,14.39,AUD
904,2023-05-03T11:50:38Z,2023-05-03,67297,1109,Retail,PayPal,COUPON012,42.72,USD
905,2023-08-13T13:52:56Z,2023-08-13,26002,3630,Retail,Cash,COUPON031,24.14,EUR
906,2024-06-23T10:53:38Z,2024-06-23,71877,755,Franchise,Gift Card,COUPON005,11.29,EUR
907,2023-04-16T04:31:47Z,2023-04-16,25683,106,Online,Gift Card,COUPON030,47.02,AUD
908,2023-09-01T11:49:23Z,2023-09-01,25535,4691,Franchise,Cash,COUPON017,33.63,AUD
909,2024-08-29T11:18:58Z,2024-08-29,44222,3357,Retail,PayPal,COUPON012,37.45,USD
910,2023-06-20T11:21:30Z,2023-06-20,2663,2391,Retail,Credit Card,COUPON018,39.50,USD
911,2024-09-25T18:21:36Z,2024-09-25,74569,4026,Retail,Afterpay,COUPON002,23.22,AUD
912,2024-07-15T12:41:49Z,2024-07-15,76916,1595,Online,Cash,COUPON001,48.54,USD
913,2024-06-17T07:46:59Z,2024-06-17,48961,1535,Franchise,Afterpay,COUPON028,26.62,AUD
914,2024-06-26T18:54:31Z,2024-06-26,3094,13,Franchise,Cash,COUPON012,7.72,USD
915,2023-11-22T17:46:45Z,2023-11-22,13736,915,Franchise,PayPal,COUPON032,21.88,AUD
916,2023-12-15T13:33:16Z,2023-12-15,48706,3855,Retail,Credit Card,COUPON043,27.68,EUR
917,2024-03-17T18:51:01Z,2024-03-17,1346,2248,Retail,Cash,COUPON012,38.06,AUD
918,2023-08-19T21:13:49Z,2023-08-19,16123,2478,Online,PayPal,COUPON038,22.66,AUD
919,2024-03-02T09:36:21Z,2024-03-02,50433,4866,Franchise,PayPal,COUPON043,29.30,AUD
920,2024-06-02T14:21:20Z,2024-06-02,1566,4353,Retail,Afterpay,COUPON020,9.13,USD
921,2023-03-10T18:35:05Z,2023-03-10,77291,2741,Retail,Credit Card,COUPON022,41.33,AUD
922,2024-01-29T19:02:01Z,2024-01-29,14691,2791,Franchise,Gift Card,,6.95,AUD
923,2023-01-22T17:34:45Z,2023-01-22,41079,2964,Online,Afterpay,COUPON039,27.61,EUR
924,2024-01-09T05:17:05Z,2024-01-09,14727,3452,Franchise,Credit Card,COUPON040,9.94,AUD
925,2024-07-17T23:48:40Z,2024-07-17,37629,1405,Franchise,Cash,COUPON026,30.36,EUR
926,2024-07-23T11:47:52Z,2024-07-23,75430,1034,Franchise,Cash,COUPON013,8.08,EUR
927,2024-04-23T01:30:40Z,2024-04-23,35120,3778,Franchise,Gift Card,COUPON016,32.07,AUD
928,2024-03-23T18:39:53Z,2024-03-23,52581,688,Online,PayPal,COUPON038,38.02,USD
929,2024-06-24T22:32:29Z,2024-06-24,34632,3254,Retail,Afterpay,COUPON047,7.54,AUD
930,2023-02-19T23:31:48Z,2023-02-19,43236,2300,Retail,PayPal,COUPON031,38.49,EUR
931,2024-04-10T23:24:01Z,2024-04-10,24855,166,Online,Afterpay,COUPON030,2.13,EUR
932,2023-11-23T06:43:58Z,2023-11-23,52648,4192,Retail,PayPal,COUPON037,43.63,EUR
933,2023-10-12T17:38:14Z,2023-10-12,33062,3168,Online,Afterpay,COUPON044,18.58,AUD
934,2024-08-07T00:49:45Z,2024-08-07,57182,2237,Franchise,PayPal,COUPON007,17.76,USD
935,2024-07-05T07:02:50Z,2024-07-05,56292,1470,Retail,PayPal,COUPON001,19.87,USD
936,2023-02-21T02:58:27Z,2023-02-21,68270,3135,Online,Afterpay,COUPON037,31.36,EUR
937,2023-07-07T05:08:18Z,2023-07-07,46350,4930,Retail,Gift Card,COUPON006,34.00,AUD
938,2024-09-29T00:00:05Z,2024-09-29,3070,1479,Franchise,Gift Card,COUPON009,18.53,USD
939,2023-12-12T21:01:07Z,2023-12-12,50579,3974,Online,Gift Card,COUPON013,31.40,AUD
940,2024-02-23T09:38:23Z,2024-02-23,87865,5937,Retail,Credit Card,COUPON027,39.16,EUR
941,2023-04-27T01:04:54Z,2023-04-27,71083,506,Retail,Cash,COUPON001,20.18,USD
942,2023-08-02T10:40:52Z,2023-08-02,73185,3461,Retail,Credit Card,COUPON047,10.43,AUD
943,2023-12-17T05:39:12Z,2023-12-17,15179,1221,Franchise,Gift Card,COUPON025,17.42,AUD
944,2024-04-25T17:42:45Z,2024-04-25,2449,2384,Franchise,PayPal,COUPON011,41.95,USD
945,2023-12-25T17:20:35Z,2023-12-25,16958,4725,Online,Afterpay,COUPON015,5.12,USD
946,2024-06-04T17:25:57Z,2024-06-04,41923,3789,Online,Cash,COUPON036,24.06,AUD
947,2023-04-27T12:26:04Z,2023-04-27,43636,25,Online,Cash,COUPON003,40.29,EUR
948,2023-12-08T09:31:03Z,2023-12-08,70067,2029,Online,Afterpay,COUPON016,35.48,EUR
949,2024-05-12T21:32:12Z,2024-05-12,75458,1080,Online,PayPal,COUPON005,21.51,USD
950,2023-03-16T13:19:23Z,2023-03-16,65475,1730,Retail,Gift Card,COUPON040,12.90,EUR
951,2024-06-22T06:21:16Z,2024-06-22,39718,4247,Retail,Gift Card,COUPON025,5.47,AUD
952,2024-03-20T09:29:14Z,2024-03-20,42220,2221,Retail,PayPal,COUPON040,26.32,USD
953,2024-08-03T14:49:59Z,2024-08-03,11945,640,Retail,Cash,COUPON030,43.52,AUD
954,2023-01-26T17:55:02Z,2023-01-26,66099,2258,Retail,Credit Card,COUPON029,0.52,EUR
955,2023-01-11T10:09:54Z,2023-01-11,44390,1720,Online,Gift Card,COUPON037,46.95,AUD
956,2023-05-06T05:34:37Z,2023-05-06,57879,421,Franchise,Gift Card,COUPON004,25.70,AUD
957,2023-11-04T19:19:38Z,2023-11-04,42858,1958,Online,Cash,COUPON020,4.40,USD
958,2023-07-16T10:42:57Z,2023-07-16,59783,474,Franchise,Afterpay,COUPON045,15.04,EUR
959,2024-06-19T20:21:53Z,2024-06-19,64576,1016,Retail,PayPal,COUPON037,34.31,USD
960,2023-11-18T08:56:57Z,2023-11-18,48181,2138,Online,Gift Card,COUPON014,43.56,EUR
961,2024-02-16T09:56:05Z,2024-02-16,72568,4545,Retail,Gift Card,COUPON049,26.67,EUR
962,2023-11-03T14:29:08Z,2023-11-03,64710,781,Franchise,PayPal,COUPON050,34.39,AUD
963,2023-01-17T12:19:23Z,2023-01-17,33431,2867,Online,Cash,COUPON018,10.58,AUD
964,2023-12-17T01:14:10Z,2023-12-17,37617,3291,Online,Afterpay,COUPON019,46.30,USD
965,2023-09-22T02:35:55Z,2023-09-22,17354,828,Franchise,Gift Card,COUPON043,1.97,EUR
966,2024-07-08T18:17:00Z,2024-07-08,30023,1295,Online,Credit Card,COUPON022,10.11,EUR
967,2024-08-26T13:37:10Z,2024-08-26,25492,3104,Franchise,PayPal,COUPON003,3.09,AUD
968,2023-11-11T00:23:55Z,2023-11-11,1430,1047,Retail,Cash,COUPON006,16.19,USD
969,2023-03-19T21:05:31Z,2023-03-19,5292,3913,Online,Credit Card,COUPON043,49.04,EUR
970,2023-07-18T01:05:14Z,2023-07-18,19719,18,Franchise,Gift Card,COUPON004,8.70,AUD
971,2023-07-20T02:21:56Z,2023-07-20,6614,2338,Online,Gift Card,COUPON019,13.28,USD
972,2023-07-07T16:03:31Z,2023-07-07,14056,2001,Franchise,Credit Card,COUPON039,13.24,AUD
973,2024-03-12T20:53:04Z,2024-03-12,10216,4462,Retail,Credit Card,COUPON016,19.54,EUR
974,2024-04-21T18:15:54Z,2024-04-21,15543,4439,Online,PayPal,COUPON028,46.87,USD
975,2024-04-05T22:35:30Z,2024-04-05,44882,11,Retail,PayPal,COUPON002,24.54,EUR
976,2023-03-25T04:13:26Z,2023-03-25,77502,3494,Franchise,Cash,COUPON022,40.40,AUD
977,2023-01-04T05:16:15Z,2023-01-04,23727,3436,Retail,Afterpay,COUPON017,35.96,AUD
978,2024-09-09T18:58:25Z,2024-09-09,73978,1460,Online,Cash,COUPON021,0.97,EUR
979,2023-10-03T04:37:23Z,2023-10-03,68122,915,Retail,Gift Card,COUPON022,12.15,USD
980,2023-04-26T21:42:44Z,2023-04-26,50328,4433,Online,Credit Card,COUPON036,33.81,EUR
981,2023-05-06T20:40:09Z,2023-05-06,31353,2122,Retail,Credit Card,COUPON025,34.08,EUR
982,2024-01-22T12:28:54Z,2024-01-22,54811,2661,Franchise,Cash,COUPON006,13.79,EUR
983,2023-10-27T07:29:55Z,2023-10-27,46332,3595,Franchise,Credit Card,COUPON045,10.82,USD
984,2024-04-10T20:54:38Z,2024-04-10,10899,2862,Franchise,Cash,COUPON036,46.77,EUR
985,2024-04-25T13:44:45Z,2024-04-25,66091,4417,Online,Cash,COUPON015,11.74,EUR
986,2023-12-23T06:39:56Z,2023-12-23,53262,785,Online,Cash,COUPON022,1.01,EUR
987,2023-03-19T02:02:53Z,2023-03-19,6318,4367,Franchise,Cash,COUPON028,10.12,EUR
988,2024-05-07T21:16:56Z,2024-05-07,37038,2751,Franchise,Afterpay,COUPON013,37.22,EUR
989,2024-01-27T23:08:24Z,2024-01-27,31005,4563,Online,Gift Card,COUPON002,34.38,USD
990,2023-01-08T17:02:00Z,2023-01-08,37566,4560,Retail,PayPal,COUPON026,38.73,USD
991,2024-04-14T14:12:14Z,2024-04-14,44232,3579,Franchise,Afterpay,COUPON024,24.17,EUR
992,2023-12-23T10:01:28Z,2023-12-23,78724,2483,Franchise,Gift Card,COUPON020,2.99,USD
993,2024-09-19T09:13:38Z,2024-09-19,3114,2084,Retail,Credit Card,COUPON025,29.71,AUD
994,2024-07-15T02:52:06Z,2024-07-15,12730,4536,Online,Afterpay,COUPON021,48.71,AUD
995,2023-06-22T00:35:16Z,2023-06-22,67844,3293,Online,PayPal,COUPON024,39.56,USD
996,2023-03-23T00:34:54Z,2023-03-23,20121,2093,Online,Credit Card,COUPON045,28.51,AUD
997,2023-05-24T09:51:22Z,2023-05-24,2695,3466,Franchise,Afterpay,COUPON046,5.95,EUR
998,2023-08-16T00:07:15Z,2023-08-16,4269,1363,Franchise,Afterpay,COUPON017,49.91,EUR
999,2023-08-14T03:40:26Z,2023-08-14,39879,4480,Retail,Credit Card,COUPON014,28.37,EUR
1000,2023-02-03T13:39:21Z,2023-02-03,68210,4388,Online,Gift Card,COUPON014,30.22,AUD
1001,2023-04-18T19:33:55Z,2023-04-18,22415,1012,Franchise,Credit Card,COUPON038,34.47,EUR
1002,2024-07-02T14:44:45Z,2024-07-02,40877,2339,Retail,Credit Card,COUPON002,8.77,EUR
1003,2024-02-25T13:06:51Z,2024-02-25,70405,1381,Franchise,Credit Card,COUPON013,48.28,AUD
1004,2024-08-02T02:26:14Z,2024-08-02,17604,4533,Online,Cash,COUPON013,10.22,USD
1005,2023-07-28T07:31:55Z,2023-07-28,59838,2576,Online,PayPal,COUPON041,24.48,USD
1006,2023-10-28T09:13:57Z,2023-10-28,29989,4511,Online,Credit Card,COUPON040,2.38,AUD
1007,2023-05-11T10:23:57Z,2023-05-11,66402,3169,Franchise,PayPal,COUPON038,45.28,USD
1008,2024-01-13T11:34:50Z,2024-01-13,69724,4174,Retail,Credit Card,COUPON035,34.16,USD
1009,2023-11-14T16:12:06Z,2023-11-14,72384,1456,Franchise,Afterpay,COUPON046,34.52,USD
1010,2024-03-23T20:42:53Z,2024-03-23,3607,2528,Franchise,PayPal,COUPON017,35.85,EUR
1011,2023-12-21T12:21:10Z,2023-12-21,44011,1041,Franchise,Gift Card,COUPON045,16.78,EUR
1012,2024-09-09T12:23:44Z,2024-09-09,6059,4295,Franchise,Cash,COUPON033,3.53,EUR
1013,2023-01-02T09:02:03Z,2023-01-02,48827,3340,Retail,Cash,COUPON028,4.66,EUR
1014,2023-07-21T07:07:40Z,2023-07-21,42799,4368,Retail,PayPal,COUPON036,9.91,EUR
1015,2023-11-12T21:10:43Z,2023-11-12,44566,1146,Retail,Afterpay,COUPON040,15.75,USD
1016,2024-02-19T06:33:30Z,2024-02-19,23773,2052,Online,Afterpay,COUPON042,26.79,EUR
1017,2023-07-03T03:55:01Z,2023-07-03,47440,1985,Retail,Credit Card,COUPON018,49.57,AUD
1018,2023-09-26T16:53:43Z,2023-09-26,66280,4046,Online,PayPal,COUPON033,23.23,AUD
1019,2023-04-12T19:58:41Z,2023-04-12,68685,1113,Franchise,Cash,COUPON034,44.45,EUR
1020,2023-12-25T02:29:43Z,2023-12-25,27769,549,Online,Credit Card,COUPON044,15.28,USD
1021,2023-12-02T00:10:15Z,2023-12-02,13842,479,Online,Afterpay,COUPON012,46.02,EUR
1022,2023-12-06T17:02:16Z,2023-12-06,45497,2439,Franchise,Cash,COUPON001,42.56,EUR
1023,2024-03-20T14:23:50Z,2024-03-20,10708,3538,Retail,Gift Card,COUPON010,1.12,EUR
1024,2023-07-05T22:13:18Z,2023-07-05,29675,4578,Retail,Gift Card,COUPON012,31.05,USD
1025,2024-04-24T13:39:29Z,2024-04-24,36020,1642,Retail,PayPal,COUPON002,39.86,USD
1026,2023-03-12T13:17:39Z,2023-03-12,13679,2606,Online,Afterpay,COUPON039,27.98,USD
1027,2024-03-19T08:33:12Z,2024-03-19,14657,3052,Retail,Credit Card,COUPON041,7.72,EUR
1028,2024-01-10T00:22:50Z,2024-01-10,61471,3891,Retail,Gift Card,COUPON001,37.20,AUD
1029,2024-04-18T16:17:57Z,2024-04-18,6580,3276,Retail,Cash,COUPON019,7.76,AUD
1030,2023-09-03T12:51:07Z,2023-09-03,71673,2592,Online,Gift Card,COUPON036,6.80,EUR
1031,2023-11-20T16:10:09Z,2023-11-20,68746,1715,Online,Gift Card,COUPON045,25.31,USD
1032,2024-09-19T08:17:45Z,2024-09-19,79620,364,Online,Gift Card,COUPON013,10.35,EUR
1033,2024-06-05T09:29:46Z,2024-06-05,18521,367,Franchise,Credit Card,COUPON035,47.56,AUD
1034,2023-05-16T00:51:25Z,2023-05-16,15962,1185,Retail,Gift Card,COUPON037,24.44,AUD
1035,2023-01-06T02:00:06Z,2023-01-06,10751,764,Online,Credit Card,COUPON029,39.90,EUR
1036,2023-11-16T05:45:05Z,2023-11-16,23774,4582,Franchise,Gift Card,COUPON043,2.60,EUR
1037,2023-01-06T23:40:26Z,2023-01-06,8533,2304,Retail,Credit Card,COUPON007,8.03,USD
1038,2024-04-20T03:08:33Z,2024-04-20,27253,4554,Retail,Gift Card,COUPON008,13.15,EUR
1039,2023-08-15T09:04:51Z,2023-08-15,57048,417,Retail,Credit Card,,21.94,EUR
1040,2023-02-23T13:50:24Z,2023-02-23,43921,4737,Retail,Credit Card,COUPON028,12.68,USD
1041,2023-08-02T22:41:59Z,2023-08-02,20564,1390,Online,Afterpay,COUPON013,27.49,USD
1042,2024-03-14T02:14:51Z,2024-03-14,15029,2658,Retail,PayPal,COUPON018,42.04,AUD
1043,2024-03-14T08:51:54Z,2024-03-14,19170,3581,Online,Cash,COUPON003,17.46,USD
1044,2024-01-14T21:18:47Z,2024-01-14,4278,3022,Online,Cash,COUPON049,31.71,EUR
1045,2024-09-01T10:59:48Z,2024-09-01,3550,612,Online,Afterpay,COUPON014,23.37,AUD
1046,2024-01-31T14:34:18Z,2024-01-31,54801,396,Retail,Afterpay,COUPON029,49.90,AUD
1047,2023-01-17T22:18:10Z,2023-01-17,60429,4337,Online,Cash,COUPON013,5.07,AUD
1048,2023-12-29T20:20:22Z,2023-12-29,54371,217,Retail,PayPal,COUPON028,29.21,USD
1049,2023-10-19T00:38:39Z,2023-10-19,77520,1159,Online,Cash,COUPON034,33.13,EUR
1050,2023-01-13T23:13:14Z,2023-01-13,32596,4095,Online,Gift Card,COUPON009,41.56,USD
1051,2023-03-31T15:03:19Z,2023-03-31,47358,3256,Retail,Afterpay,COUPON028,8.93,AUD
1052,2024-06-12T15:54:01Z,2024-06-12,125,67,Franchise,Cash,COUPON016,34.16,USD
1053,2023-05-02T10:17:45Z,2023-05-02,49626,2483,Online,Afterpay,COUPON028,49.76,AUD
1054,2023-05-24T07:24:34Z,2023-05-24,17913,773,Retail,Cash,COUPON031,7.33,USD
1055,2023-12-20T20:23:14Z,2023-12-20,63613,4048,Online,Cash,COUPON014,49.57,EUR
1056,2023-09-03T11:18:55Z,2023-09-03,42858,3306,Online,Afterpay,COUPON037,17.95,USD
1057,2024-09-14T21:56:55Z,2024-09-14,74742,4056,Online,Afterpay,COUPON043,11.03,EUR
1058,2024-03-24T03:55:33Z,2024-03-24,1520,3586,Online,Cash,COUPON039,16.18,EUR
1059,2023-10-05T23:01:48Z,2023-10-05,12182,3444,Franchise,Gift Card,COUPON028,38.48,USD
1060,2023-09-26T09:33:31Z,2023-09-26,18552,4390,Online,PayPal,COUPON038,23.18,USD
1061,2023-11-26T12:36:39Z,2023-11-26,79012,193,Online,Cash,COUPON001,41.09,EUR
1062,2023-11-26T00:08:37Z,2023-11-26,9447,2150,Retail,Afterpay,COUPON019,11.26,EUR
1063,2023-11-04T08:08:53Z,2023-11-04,54109,2390,Online,Credit Card,COUPON001,17.29,EUR
1064,2023-08-11T00:27:37Z,2023-08-11,17093,1992,Franchise,Afterpay,COUPON044,48.24,USD
1065,2023-10-03T16:53:36Z,2023-10-03,56890,1415,Retail,Credit Card,COUPON023,46.20,EUR
1066,2023-01-20T16:19:10Z,2023-01-20,64382,1826,Online,Credit Card,COUPON018,44.34,AUD
1067,2023-10-24T04:44:07Z,2023-10-24,48245,2621,Retail,PayPal,COUPON047,12.83,AUD
1068,2023-01-24T03:10:40Z,2023-01-24,10594,1273,Franchise,PayPal,COUPON048,12.70,AUD
1069,2023-05-03T17:11:38Z,2023-05-03,37961,92,Franchise,PayPal,COUPON006,20.11,AUD
1070,2023-01-08T15:24:09Z,2023-01-08,42890,4041,Online,Afterpay,COUPON015,5.16,AUD
1071,2024-08-03T16:56:22Z,2024-08-03,56636,67,Franchise,Gift Card,COUPON013,43.09,AUD
1072,2023-08-26T20:55:28Z,2023-08-26,75962,882,Franchise,Cash,COUPON048,23.70,EUR
1073,2024-07-26T19:35:16Z,2024-07-26,44207,4012,Online,Afterpay,COUPON050,41.76,USD
1074,2023-12-02T17:38:23Z,2023-12-02,44489,2590,Online,Credit Card,COUPON046,26.04,EUR
1075,2023-09-02T21:16:29Z,2023-09-02,12293,3139,Online,Cash,COUPON040,44.59,EUR
1076,2023-10-02T18:14:16Z,2023-10-02,33296,4243,Franchise,Cash,COUPON008,29.52,EUR
1077,2024-01-20T09:41:16Z,2024-01-20,68470,2094,Online,PayPal,COUPON007,6.25,AUD
1078,2024-04-14T01:21:53Z,2024-04-14,1947,940,Online,Gift Card,COUPON002,11.91,EUR
1079,2024-04-27T08:45:54Z,2024-04-27,25326,813,Retail,Afterpay,COUPON048,8.97,USD
1080,2023-09-11T18:40:45Z,2023-09-11,27764,4132,Franchise,Credit Card,COUPON033,9.40,AUD
1081,2023-11-09T17:08:12Z,2023-11-09,69012,1542,Franchise,Cash,COUPON047,17.63,EUR
1082,2023-01-21T02:56:48Z,2023-01-21,71857,3934,Franchise,Gift Card,COUPON030,23.48,AUD
1083,2024-02-23T23:11:30Z,2024-02-23,39379,585,Online,Credit Card,COUPON047,45.37,USD
1084,2023-01-19T20:31:27Z,2023-01-19,59361,2387,Retail,Afterpay,COUPON013,0.94,USD
1085,2023-08-25T08:13:46Z,2023-08-25,58451,706,Retail,Cash,COUPON031,46.18,AUD
1086,2024-09-18T17:59:38Z,2024-09-18,68493,3436,Online,Gift Card,COUPON027,13.04,AUD
1087,2023-04-04T01:26:49Z,2023-04-04,61091,1471,Online,Credit Card,COUPON022,13.86,USD
1088,2023-03-29T23:10:32Z,2023-03-29,73077,2613,Retail,Afterpay,COUPON029,13.82,EUR
1089,2023-11-15T18:20:59Z,2023-11-15,70659,4179,Online,Gift Card,COUPON009,39.13,USD
1090,2024-05-15T22:09:09Z,2024-05-15,31527,4970,Online,PayPal,COUPON025,42.74,EUR
1091,2023-04-17T23:16:11Z,2023-04-17,71437,3659,Online,Afterpay,COUPON021,24.58,AUD
1092,2023-03-02T09:57:17Z,2023-03-02,62680,653,Online,PayPal,COUPON028,0.83,USD
1093,2024-08-20T00:35:17Z,2024-08-20,73716,3983,Retail,PayPal,COUPON016,0.35,USD
1094,2023-12-04T01:14:16Z,2023-12-04,51412,4213,Retail,Gift Card,COUPON001,13.11,USD
1095,2024-07-02T00:26:08Z,2024-07-02,37375,2181,Online,Cash,COUPON018,13.08,USD
1096,2024-03-03T10:12:21Z,2024-03-03,48749,1464,Online,Afterpay,COUPON007,2.35,AUD
1097,2023-02-01T03:13:00Z,2023-02-01,55085,203,Online,Credit Card,COUPON002,3.03,EUR
1098,2023-12-27T17:56:58Z,2023-12-27,56710,3018,Online,Gift Card,COUPON024,36.48,EUR
1099,2023-11-27T05:09:00Z,2023-11-27,45866,680,Franchise,Gift Card,COUPON033,3.21,USD
1100,2023-01-27T06:15:28Z,2023-01-27,69088,3946,Online,Credit Card,COUPON002,35.98,USD
1101,2024-06-04T15:57:14Z,2024-06-04,48160,4777,Franchise,Afterpay,COUPON019,16.92,USD
1102,2023-01-20T21:23:32Z,2023-01-20,49048,4581,Franchise,Gift Card,COUPON002,36.11,USD
1103,2024-04-29T18:54:52Z,2024-04-29,28608,602,Retail,Gift Card,COUPON044,30.24,AUD
1104,2023-05-07T08:12:59Z,2023-05-07,61380,1374,Retail,Cash,COUPON004,7.75,EUR
1105,2024-05-16T00:19:12Z,2024-05-16,38390,3480,Retail,PayPal,COUPON019,7.47,EUR
1106,2023-05-11T11:24:33Z,2023-05-11,7601,3129,Franchise,Gift Card,COUPON023,49.13,USD
1107,2024-01-27T08:33:54Z,2024-01-27,45924,663,Retail,Cash,COUPON050,42.96,USD
1108,2024-06-29T08:33:51Z,2024-06-29,76424,1787,Retail,Gift Card,COUPON041,41.90,AUD
1109,2023-01-24T01:06:45Z,2023-01-24,56567,172,Online,Cash,COUPON037,27.85,USD
1110,2024-08-15T11:08:56Z,2024-08-15,30217,3641,Franchise,Afterpay,COUPON004,44.57,AUD
1111,2024-03-30T08:23:48Z,2024-03-30,31804,2745,Online,Gift Card,COUPON011,35.90,USD
1112,2023-05-22T18:51:22Z,2023-05-22,28565,1820,Online,Afterpay,COUPON014,37.07,AUD
1113,2023-10-01T10:51:25Z,2023-10-01,21616,4491,Franchise,Credit Card,COUPON039,34.29,USD
1114,2023-12-10T10:31:09Z,2023-12-10,39001,3537,Franchise,Credit Card,COUPON024,47.77,EUR
1115,2023-03-19T11:54:49Z,2023-03-19,41556,885,Retail,Afterpay,COUPON039,44.15,AUD
1116,2023-07-18T07:55:52Z,2023-07-18,75239,3041,Franchise,Cash,COUPON027,0.50,EUR
1117,2023-07-20T14:57:24Z,2023-07-20,72405,2644,Franchise,Credit Card,COUPON027,36.40,AUD
1118,2023-05-22T12:33:10Z,2023-05-22,50646,1664,Retail,Credit Card,COUPON030,14.41,AUD
1119,2024-05-25T10:24:15Z,2024-05-25,3747,3718,Retail,Credit Card,COUPON040,14.02,EUR
1120,2024-05-31T09:52:53Z,2024-05-31,21326,4885,Franchise,Afterpay,COUPON003,34.09,EUR
1121,2023-01-28T01:21:21Z,2023-01-28,52990,559,Franchise,Afterpay,COUPON016,0.14,USD
1122,2024-09-09T19:21:58Z,2024-09-09,65546,2507,Retail,Afterpay,COUPON025,47.93,USD
1123,2023-02-21T10:24:48Z,2023-02-21,16766,4815,Franchise,Afterpay,COUPON029,37.70,USD
1124,2024-08-25T05:31:49Z,2024-08-25,20787,4769,Retail,PayPal,COUPON032,35.46,AUD
1125,2023-10-30T03:05:30Z,2023-10-30,20708,4519,Retail,Cash,COUPON047,13.72,EUR
1126,2024-03-11T00:17:19Z,2024-03-11,74530,3598,Retail,Afterpay,COUPON039,15.22,USD
1127,2023-06-20T19:58:42Z,2023-06-20,8867,4055,Retail,Cash,COUPON043,22.82,USD
1128,2023-10-06T15:08:25Z,2023-10-06,52890,1692,Franchise,Gift Card,COUPON044,35.61,AUD
1129,2024-06-20T20:20:56Z,2024-06-20,63048,2282,Franchise,Credit Card,COUPON023,43.94,EUR
1130,2024-04-24T01:16:53Z,2024-04-24,8871,4257,Retail,Afterpay,COUPON019,48.00,USD
1131,2023-05-11T16:34:21Z,2023-05-11,55011,2406,Retail,Credit Card,COUPON036,20.52,USD
1132,2023-08-31T05:22:15Z,2023-08-31,55204,4429,Franchise,Credit Card,COUPON040,8.07,AUD
1133,2024-01-02T10:49:16Z,2024-01-02,58745,2544,Online,PayPal,COUPON038,6.80,EUR
1134,2024-09-09T02:00:25Z,2024-09-09,43234,1740,Online,Credit Card,COUPON020,48.15,EUR
1135,2024-07-01T01:04:57Z,2024-07-01,23177,2698,Online,Cash,COUPON008,25.96,AUD
1136,2024-01-29T07:07:44Z,2024-01-29,71738,1560,Franchise,Cash,COUPON039,3.53,AUD
1137,2023-01-10T06:21:30Z,2023-01-10,10746,4027,Franchise,Gift Card,COUPON041,33.32,EUR
1138,2023-08-17T01:28:11Z,2023-08-17,76262,3817,Online,Gift Card,COUPON025,40.01,EUR
1139,2024-03-06T07:33:25Z,2024-03-06,62183,172,Retail,Credit Card,COUPON032,49.80,USD
1140,2023-08-13T06:29:27Z,2023-08-13,51069,3818,Retail,Afterpay,COUPON045,43.45,AUD
1141,2024-02-05T20:21:46Z,2024-02-05,35125,2066,Online,Cash,,32.93,EUR
1142,2023-09-21T13:39:55Z,2023-09-21,76099,2140,Franchise,Cash,COUPON002,30.58,USD
1143,2024-01-13T02:22:12Z,2024-01-13,72807,2045,Retail,PayPal,COUPON007,47.92,USD
1144,2023-03-15T23:43:07Z,2023-03-15,20997,3817,Franchise,Afterpay,COUPON032,29.19,USD
1145,2023-09-09T06:04:49Z,2023-09-09,30996,3171,Retail,Credit Card,COUPON002,38.75,USD
1146,2023-01-20T22:17:40Z,2023-01-20,49266,4094,Online,Cash,COUPON009,40.31,USD
1147,2023-10-10T11:09:42Z,2023-10-10,47293,3963,Online,PayPal,COUPON021,27.76,EUR
1148,2024-04-30T17:06:10Z,2024-04-30,51164,1489,Franchise,PayPal,COUPON038,35.60,USD
1149,2023-09-05T00:40:56Z,2023-09-05,68129,671,Retail,Credit Card,COUPON026,38.20,EUR
1150,2023-11-10T01:50:58Z,2023-11-10,51765,2304,Franchise,PayPal,COUPON048,2.74,AUD
1151,2024-09-18T19:21:07Z,2024-09-18,39462,2398,Online,Afterpay,COUPON002,42.63,AUD
1152,2024-07-16T04:52:36Z,2024-07-16,38772,1141,Retail,Afterpay,COUPON007,33.10,AUD
1153,2023-07-13T14:26:01Z,2023-07-13,70630,1236,Online,Afterpay,COUPON045,38.72,EUR
1154,2024-02-03T22:48:59Z,2024-02-03,15305,1418,Retail,Cash,COUPON040,46.94,USD
1155,2024-03-22T23:04:36Z,2024-03-22,47117,1828,Retail,Credit Card,COUPON026,8.75,AUD
1156,2024-10-01T06:36:54Z,2024-10-01,16946,2058,Retail,Cash,COUPON019,37.91,EUR
1157,2024-07-03T08:31:27Z,2024-07-03,72732,4335,Franchise,Afterpay,COUPON008,15.66,AUD
1158,2023-06-01T21:37:14Z,2023-06-01,10740,4757,Online,PayPal,COUPON019,32.10,AUD
1159,2023-04-20T07:43:04Z,2023-04-20,63152,628,Franchise,Afterpay,COUPON024,41.89,USD
1160,2024-08-13T14:21:03Z,2024-08-13,86106,5689,Franchise,Gift Card,COUPON029,8.87,EUR
1161,2024-08-26T04:26:30Z,2024-08-26,14755,4279,Online,Credit Card,COUPON003,18.87,USD
1162,2024-04-08T04:15:19Z,2024-04-08,3290,4739,Retail,Gift Card,COUPON031,27.73,USD
1163,2024-05-13T08:15:23Z,2024-05-13,82937,5189,Retail,Credit Card,COUPON038,11.32,EUR
1164,2024-02-05T13:46:52Z,2024-02-05,28690,3567,Retail,PayPal,COUPON025,9.99,EUR
1165,2023-02-27T06:39:01Z,2023-02-27,33896,2080,Franchise,PayPal,COUPON036,15.85,USD
1166,2023-03-17T19:43:02Z,2023-03-17,37710,1368,Online,Cash,COUPON017,48.04,USD
1167,2023-03-10T22:08:58Z,2023-03-10,53439,2150,Franchise,PayPal,COUPON007,39.40,AUD
1168,2023-10-07T08:59:15Z,2023-10-07,53565,2907,Retail,Gift Card,COUPON011,36.75,AUD
1169,2023-01-25T20:53:55Z,2023-01-25,42222,2579,Retail,Gift Card,COUPON009,38.30,EUR
1170,2023-06-18T09:49:54Z,2023-06-18,69063,3308,Franchise,Cash,COUPON015,37.56,AUD
1171,2023-06-20T07:37:22Z,2023-06-20,52420,2212,Franchise,Credit Card,COUPON001,16.10,USD
1172,2023-04-21T05:08:37Z,2023-04-21,65226,4457,Franchise,Credit Card,COUPON009,24.28,AUD
1173,2023-04-07T01:29:03Z,2023-04-07,26393,3817,Online,Gift Card,COUPON043,6.27,EUR
1174,2023-09-06T13:12:07Z,2023-09-06,19512,339,Online,Afterpay,COUPON045,43.32,EUR
1175,2024-01-31T00:24:14Z,2024-01-31,33732,3408,Franchise,Afterpay,COUPON044,33.11,USD
1176,2023-06-06T08:47:07Z,2023-06-06,13405,1969,Franchise,Afterpay,COUPON010,7.44,AUD
1177,2023-04-22T11:38:38Z,2023-04-22,56774,3662,Online,Credit Card,COUPON031,44.63,AUD
1178,2023-02-23T08:36:02Z,2023-02-23,63762,1878,Retail,Gift Card,COUPON042,0.93,AUD
1179,2024-05-28T05:18:57Z,2024-05-28,79136,2818,Retail,Afterpay,COUPON039,4.88,EUR
1180,2024-03-29T23:48:33Z,2024-03-29,2972,3168,Retail,Afterpay,COUPON050,23.46,USD
1181,2024-05-01T04:53:48Z,2024-05-01,17101,3563,Online,Afterpay,COUPON014,44.05,USD
1182,2023-11-06T23:05:51Z,2023-11-06,6057,1757,Retail,Gift Card,COUPON005,11.24,AUD
1183,2023-06-07T16:16:41Z,2023-06-07,46877,773,Retail,Credit Card,COUPON046,13.90,EUR
1184,2024-02-10T17:12:02Z,2024-02-10,75812,2858,Online,PayPal,COUPON031,4.35,AUD
1185,2024-07-19T18:29:35Z,2024-07-19,73496,609,Online,Afterpay,COUPON042,11.61,AUD
1186,2024-09-08T10:48:51Z,2024-09-08,43095,883,Retail,Cash,COUPON019,30.08,AUD
1187,2024-04-30T03:35:45Z,2024-04-30,62963,1481,Franchise,Cash,COUPON003,44.87,USD
1188,2024-09-09T10:34:59Z,2024-09-09,23587,1858,Franchise,Afterpay,COUPON033,48.17,EUR
1189,2024-03-26T16:32:41Z,2024-03-26,3617,2539,Online,Credit Card,COUPON022,32.60,AUD
1190,2024-08-29T04:15:21Z,2024-08-29,53807,2151,Retail,Afterpay,COUPON037,41.91,USD
1191,2024-07-06T16:59:17Z,2024-07-06,69976,1386,Online,Gift Card,COUPON029,29.72,EUR
1192,2023-01-04T21:57:03Z,2023-01-04,75173,1977,Franchise,Credit Card,COUPON016,43.67,USD
1193,2023-05-05T10:02:40Z,2023-05-05,36145,2775,Franchise,Afterpay,COUPON012,23.73,AUD
1194,2023-05-21T22:11:17Z,2023-05-21,54945,588,Retail,Gift Card,COUPON043,14.57,EUR
1195,2023-05-21T06:04:04Z,2023-05-21,57995,759,Franchise,PayPal,COUPON019,39.31,EUR
1196,2024-01-18T19:19:24Z,2024-01-18,36007,751,Retail,PayPal,COUPON045,49.17,USD
1197,2023-12-22T11:41:12Z,2023-12-22,36116,4259,Franchise,Credit Card,COUPON008,32.87,EUR
1198,2024-02-07T16:39:17Z,2024-02-07,39101,3374,Franchise,PayPal,COUPON028,33.42,EUR
1199,2023-02-28T12:50:10Z,2023-02-28,53019,475,Online,Cash,COUPON005,28.30,USD
1200,2024-06-25T05:26:36Z,2024-06-25,55435,4400,Franchise,Credit Card,COUPON044,23.62,USD
1201,2024-05-25T20:41:04Z,2024-05-25,34877,4867,Franchise,Credit Card,COUPON019,7.42,EUR
1202,2024-06-30T12:17:22Z,2024-06-30,78268,2530,Online,PayPal,COUPON045,44.60,AUD
1203,2023-10-13T10:05:07Z,2023-10-13,21047,1470,Retail,Cash,COUPON036,26.09,EUR
1204,2024-06-05T23:29:07Z,2024-06-05,66615,2429,Retail,Cash,COUPON019,37.82,USD
1205,2023-11-15T22:20:12Z,2023-11-15,39242,984,Franchise,PayPal,COUPON027,39.35,EUR
1206,2023-10-03T12:53:38Z,2023-10-03,43924,2630,Retail,Credit Card,COUPON015,15.79,EUR
1207,2023-07-17T09:18:19Z,2023-07-17,21099,2890,Franchise,PayPal,COUPON045,30.45,EUR
1208,2023-04-16T16:25:20Z,2023-04-16,72433,2579,Retail,Afterpay,COUPON016,37.55,AUD
1209,2023-02-15T06:44:21Z,2023-02-15,48840,3097,Retail,Cash,COUPON009,6.35,USD
1210,2023-09-04T11:55:59Z,2023-09-04,67092,295,Retail,Afterpay,COUPON013,31.11,EUR
1211,2024-03-13T10:14:51Z,2024-03-13,75115,1853,Online,PayPal,COUPON039,34.37,AUD
1212,2023-06-07T14:05:26Z,2023-06-07,56424,2310,Online,Cash,COUPON007,46.01,USD
1213,2024-07-29T06:52:04Z,2024-07-29,74770,1931,Franchise,Cash,COUPON039,38.13,USD
1214,2023-06-21T00:32:04Z,2023-06-21,37399,2705,Retail,Gift Card,COUPON035,38.66,EUR
1215,2024-01-20T10:39:38Z,2024-01-20,5509,4528,Online,Gift Card,COUPON013,14.91,AUD
1216,2023-09-20T12:40:12Z,2023-09-20,45868,4603,Franchise,Afterpay,COUPON028,0.20,USD
1217,2023-04-21T23:52:17Z,2023-04-21,42006,1828,Retail,Cash,COUPON041,5.53,AUD
1218,2024-03-23T02:06:12Z,2024-03-23,7417,565,Online,Afterpay,COUPON017,0.13,EUR
1219,2024-09-01T00:11:31Z,2024-09-01,56974,3196,Retail,Credit Card,COUPON021,3.34,EUR
1220,2023-12-17T08:04:02Z,2023-12-17,7908,2026,Retail,Gift Card,COUPON017,28.31,EUR
1221,2023-03-03T17:51:05Z,2023-03-03,56593,24,Franchise,Credit Card,COUPON045,14.66,AUD
1222,2023-10-16T03:33:52Z,2023-10-16,6972,1820,Franchise,Afterpay,COUPON010,36.13,AUD
1223,2023-08-22T21:59:17Z,2023-08-22,1494,153,Online,Gift Card,COUPON034,25.88,AUD
1224,2024-03-03T18:53:48Z,2024-03-03,68145,1992,Retail,Gift Card,COUPON040,24.42,EUR
1225,2024-03-22T11:38:14Z,2024-03-22,50278,101,Franchise,Credit Card,COUPON029,40.25,USD
1226,2023-06-03T07:58:17Z,2023-06-03,11897,1019,Retail,Afterpay,COUPON001,4.44,EUR
1227,2023-06-17T15:05:05Z,2023-06-17,28841,3743,Retail,Cash,COUPON043,24.90,EUR
1228,2024-04-15T01:29:36Z,2024-04-15,17496,4398,Franchise,Afterpay,COUPON016,32.80,AUD
1229,2023-11-01T20:27:58Z,2023-11-01,11025,1739,Franchise,PayPal,COUPON018,44.66,USD
1230,2024-07-12T08:48:53Z,2024-07-12,41802,1235,Franchise,PayPal,COUPON007,40.23,EUR
1231,2023-02-03T06:45:53Z,2023-02-03,73985,4849,Franchise,Credit Card,COUPON010,5.27,USD
1232,2023-11-19T23:52:29Z,2023-11-19,37655,2731,Franchise,Cash,COUPON006,37.05,AUD
1233,2023-08-26T17:57:29Z,2023-08-26,17345,749,Retail,Cash,COUPON046,21.73,USD
1234,2023-08-30T14:21:16Z,2023-08-30,46640,4433,Franchise,PayPal,COUPON039,30.56,AUD
1235,2023-11-30T17:06:29Z,2023-11-30,47887,1403,Retail,Credit Card,COUPON030,32.59,EUR
1236,2023-02-15T19:20:44Z,2023-02-15,63958,4877,Retail,Credit Card,COUPON014,23.58,EUR
1237,2023-06-28T18:49:27Z,2023-06-28,22824,3767,Online,Credit Card,COUPON048,5.42,AUD
1238,2023-03-31T16:03:13Z,2023-03-31,73014,641,Retail,Credit Card,COUPON016,32.81,AUD
1239,2024-04-28T10:10:47Z,2024-04-28,17677,1667,Online,Gift Card,COUPON015,41.65,AUD
1240,2023-06-11T23:06:58Z,2023-06-11,14215,2725,Online,Gift Card,COUPON028,35.07,EUR
1241,2023-07-31T18:48:53Z,2023-07-31,70855,2520,Online,PayPal,COUPON001,16.43,EUR
1242,2024-03-13T10:33:58Z,2024-03-13,21416,2031,Online,Cash,COUPON027,3.60,AUD
1243,2024-09-02T16:02:45Z,2024-09-02,70561,2152,Online,Afterpay,COUPON045,34.03,EUR
1244,2024-08-06T14:46:45Z,2024-08-06,74422,4437,Retail,PayPal,COUPON025,38.17,USD
1245,2024-09-04T13:15:09Z,2024-09-04,64451,535,Retail,Cash,COUPON026,33.42,EUR
1246,2023-06-12T04:58:08Z,2023-06-12,6886,3351,Online,Credit Card,COUPON014,10.16,EUR
1247,2024-02-11T03:12:58Z,2024-02-11,57595,2899,Franchise,Cash,COUPON003,14.94,EUR
1248,2023-04-30T06:50:50Z,2023-04-30,48892,352,Online,Afterpay,COUPON024,32.70,EUR
1249,2023-09-13T23:37:21Z,2023-09-13,61661,3504,Franchise,Afterpay,COUPON005,46.13,USD
1250,2024-03-25T16:54:40Z,2024-03-25,72386,1018,Franchise,Credit Card,COUPON028,34.04,USD
1251,2024-02-10T04:28:16Z,2024-02-10,12328,1339,Retail,PayPal,COUPON040,5.38,AUD
1252,2023-04-04T23:11:17Z,2023-04-04,5284,2639,Franchise,Cash,COUPON041,22.23,USD
1253,2023-03-23T01:08:43Z,2023-03-23,63447,2300,Online,Cash,COUPON019,28.41,EUR
1254,2023-09-16T04:06:30Z,2023-09-16,71679,2408,Online,Afterpay,COUPON027,41.18,AUD
1255,2024-07-15T20:32:25Z,2024-07-15,78248,2138,Retail,Credit Card,COUPON036,23.91,USD
1256,2023-03-03T01:46:20Z,2023-03-03,57051,591,Retail,Cash,COUPON002,3.40,USD
1257,2024-08-28T17:46:43Z,2024-08-28,77490,1204,Online,PayPal,COUPON029,21.23,AUD
1258,2023-05-03T04:09:01Z,2023-05-03,24865,656,Online,Credit Card,COUPON035,11.30,AUD
1259,2023-12-06T23:34:22Z,2023-12-06,41353,1550,Online,Gift Card,COUPON033,44.48,USD
1260,2023-12-01T15:52:50Z,2023-12-01,40259,4993,Online,PayPal,COUPON022,6.20,EUR
1261,2023-03-05T13:06:15Z,2023-03-05,41015,2149,Retail,Gift Card,COUPON034,27.62,AUD
1262,2023-07-29T18:38:22Z,2023-07-29,41231,4840,Online,Cash,COUPON034,5.21,USD
1263,2023-03-31T16:51:23Z,2023-03-31,67544,4762,Retail,Afterpay,COUPON009,9.04,EUR
1264,2023-07-27T07:19:37Z,2023-07-27,17469,2144,Franchise,Cash,COUPON010,1.11,EUR
1265,2024-01-17T08:47:50Z,2024-01-17,24451,1642,Online,Gift Card,COUPON020,10.88,USD
1266,2023-10-06T20:23:29Z,2023-10-06,44053,2845,Retail,Gift Card,COUPON009,46.83,USD
1267,2024-08-18T08:39:58Z,2024-08-18,67248,1118,Retail,Afterpay,COUPON019,41.41,EUR
1268,2023-05-20T09:40:49Z,2023-05-20,65802,4575,Retail,Cash,COUPON029,31.69,EUR
1269,2023-01-06T12:36:45Z,2023-01-06,74702,3728,Retail,Credit Card,COUPON026,20.20,AUD
1270,2024-03-29T23:26:26Z,2024-03-29,67130,1777,Retail,Cash,COUPON022,30.94,EUR
1271,2024-06-06T03:55:08Z,2024-06-06,12408,1780,Online,PayPal,COUPON009,43.22,USD
1272,2023-07-12T16:58:39Z,2023-07-12,70458,1226,Franchise,Credit Card,COUPON002,22.85,EUR
1273,2023-03-31T20:09:42Z,2023-03-31,12756,1441,Retail,PayPal,,17.14,USD
1274,2023-07-30T15:48:08Z,2023-07-30,61419,4587,Retail,Cash,COUPON009,26.28,USD
1275,2023-12-09T05:54:09Z,2023-12-09,77138,3617,Retail,Gift Card,COUPON020,1.26,EUR
1276,2024-03-30T10:35:03Z,2024-03-30,19475,1696,Franchise,Afterpay,COUPON043,4.30,USD
1277,2024-04-21T22:39:23Z,2024-04-21,47619,2531,Retail,Gift Card,COUPON028,36.06,AUD
1278,2023-05-15T01:50:26Z,2023-05-15,36917,1710,Online,Afterpay,COUPON015,41.98,AUD
1279,2023-11-20T06:18:39Z,2023-11-20,73338,1301,Retail,Cash,COUPON035,11.44,AUD
1280,2023-08-13T16:09:50Z,2023-08-13,63031,4947,Online,Afterpay,COUPON048,13.18,EUR
1281,2024-01-13T11:59:12Z,2024-01-13,5270,3304,Franchise,Credit Card,COUPON050,1.80,AUD
1282,2023-11-17T02:17:36Z,2023-11-17,78047,3405,Franchise,PayPal,COUPON018,49.90,AUD
1283,2023-01-07T19:51:11Z,2023-01-07,54570,3958,Online,PayPal,COUPON017,17.50,AUD
1284,2023-12-07T14:02:59Z,2023-12-07,73435,2036,Franchise,Afterpay,COUPON018,37.72,AUD
1285,2024-01-16T08:50:06Z,2024-01-16,27538,4390,Online,PayPal,COUPON002,16.94,USD
1286,2024-04-14T17:11:45Z,2024-04-14,74671,1979,Online,Afterpay,COUPON022,7.11,EUR
1287,2023-10-12T14:40:08Z,2023-10-12,52393,4895,Online,Gift Card,COUPON044,45.71,USD
1288,2024-06-26T03:59:34Z,2024-06-26,9332,2034,Online,Afterpay,COUPON050,41.33,AUD
1289,2024-08-24T02:54:08Z,2024-08-24,13720,2189,Franchise,Credit Card,COUPON010,16.79,EUR
1290,2024-04-19T06:28:05Z,2024-04-19,60308,699,Retail,Gift Card,COUPON015,22.32,AUD
1291,2023-08-11T00:46:41Z,2023-08-11,12070,380,Retail,Credit Card,COUPON014,19.42,USD
1292,2024-09-03T22:58:58Z,2024-09-03,12396,3882,Franchise,PayPal,COUPON003,36.81,AUD
1293,2024-02-03T01:31:22Z,2024-02-03,33901,94,Franchise,Gift Card,COUPON040,8.77,EUR
1294,2024-01-31T22:50:26Z,2024-01-31,60933,3519,Retail,PayPal,COUPON033,40.34,AUD
1295,2024-06-27T13:02:40Z,2024-06-27,45672,4026,Franchise,Gift Card,COUPON013,0.44,EUR
1296,2023-03-15T20:21:58Z,2023-03-15,60719,4502,Online,PayPal,COUPON024,29.05,USD
1297,2023-12-13T17:41:14Z,2023-12-13,8219,3925,Online,PayPal,COUPON043,49.63,USD
1298,2023-05-23T22:10:47Z,2023-05-23,7716,969,Retail,Afterpay,COUPON040,42.98,AUD
1299,2023-02-02T10:10:59Z,2023-02-02,66089,3768,Online,Afterpay,COUPON008,19.72,AUD
1300,2023-05-01T14:05:25Z,2023-05-01,7419,4833,Franchise,Afterpay,COUPON039,46.33,AUD
1301,2023-10-28T16:45:42Z,2023-10-28,11980,1705,Online,PayPal,COUPON024,15.86,EUR
1302,2024-08-21T02:56:34Z,2024-08-21,53219,2946,Online,PayPal,COUPON044,39.91,AUD
1303,2023-05-26T05:07:06Z,2023-05-26,82170,5742,Franchise,PayPal,COUPON031,29.61,USD
1304,2024-09-25T15:37:09Z,2024-09-25,69582,4707,Franchise,Afterpay,COUPON023,39.73,USD
1305,2024-05-19T18:03:14Z,2024-05-19,57010,2542,Online,Cash,COUPON024,16.06,EUR
1306,2023-03-30T11:06:12Z,2023-03-30,46187,2003,Franchise,Gift Card,COUPON042,3.93,AUD
1307,2023-06-15T13:44:38Z,2023-06-15,3311,4000,Online,Gift Card,COUPON007,42.25,AUD
1308,2023-05-22T03:57:09Z,2023-05-22,58052,1823,Retail,Cash,COUPON050,41.75,USD
1309,2024-04-01T10:16:33Z,2024-04-01,36005,4314,Franchise,Cash,COUPON023,10.42,AUD
1310,2024-08-06T23:29:50Z,2024-08-06,75336,3686,Online,Gift Card,,23.56,USD
1311,2023-05-01T21:06:15Z,2023-05-01,23518,2412,Retail,PayPal,COUPON007,47.17,USD
1312,2024-07-07T19:30:48Z,2024-07-07,43700,671,Franchise,PayPal,COUPON037,18.49,USD
1313,2023-02-26T21:16:40Z,2023-02-26,3135,3262,Retail,Afterpay,COUPON017,11.49,USD
1314,2023-03-19T01:20:58Z,2023-03-19,45957,69,Online,Afterpay,COUPON016,32.36,USD
1315,2023-10-24T23:58:14Z,2023-10-24,59742,54,Franchise,Cash,COUPON015,29.89,EUR
1316,2023-04-15T22:11:53Z,2023-04-15,69479,2704,Retail,Credit Card,COUPON034,27.18,USD
1317,2024-03-16T00:52:02Z,2024-03-16,63134,3060,Online,Credit Card,COUPON046,2.24,EUR
1318,2024-09-17T20:24:30Z,2024-09-17,71662,4498,Franchise,Cash,COUPON008,15.57,EUR
1319,2023-08-05T06:23:33Z,2023-08-05,60630,554,Retail,Cash,COUPON006,13.17,EUR
1320,2023-02-26T15:07:02Z,2023-02-26,34145,2655,Online,Afterpay,COUPON027,30.50,USD
1321,2024-01-26T01:23:12Z,2024-01-26,38750,883,Retail,Credit Card,COUPON001,4.00,AUD
1322,2023-06-12T19:09:35Z,2023-06-12,26388,4321,Retail,PayPal,COUPON036,41.12,EUR
1323,2023-04-27T07:32:30Z,2023-04-27,78720,1681,Retail,Cash,COUPON045,27.81,USD
1324,2023-03-12T05:08:22Z,2023-03-12,70552,403,Retail,Afterpay,COUPON016,36.27,USD
1325,2024-09-06T05:04:42Z,2024-09-06,66321,3011,Online,PayPal,COUPON027,39.54,USD
1326,2023-02-24T13:58:54Z,2023-02-24,8934,4917,Franchise,Afterpay,COUPON015,15.03,AUD
1327,2023-08-08T04:24:40Z,2023-08-08,46,3355,Retail,PayPal,COUPON035,26.53,USD
1328,2023-02-25T10:45:11Z,2023-02-25,10025,4025,Franchise,Credit Card,COUPON006,30.23,USD
1329,2024-01-25T07:55:41Z,2024-01-25,28691,4781,Retail,PayPal,COUPON005,34.66,AUD
1330,2024-05-04T16:49:45Z,2024-05-04,18495,4388,Online,Afterpay,COUPON034,6.16,EUR
1331,2023-10-25T09:11:33Z,2023-10-25,34099,2619,Online,Afterpay,COUPON010,4.75,AUD
1332,2023-03-06T17:00:34Z,2023-03-06,45266,488,Online,Credit Card,COUPON013,32.63,EUR
1333,2024-05-09T14:20:40Z,2024-05-09,50185,2408,Retail,Cash,COUPON024,37.37,EUR
1334,2024-06-01T04:31:34Z,2024-06-01,7341,3141,Franchise,Afterpay,COUPON014,27.21,AUD
1335,2023-03-06T09:05:14Z,2023-03-06,77337,3956,Franchise,Afterpay,COUPON033,11.68,EUR
1336,2024-03-17T02:10:58Z,2024-03-17,69231,2321,Online,Credit Card,COUPON002,22.50,EUR
1337,2023-02-08T10:24:46Z,2023-02-08,49578,1128,Franchise,Credit Card,COUPON013,46.76,EUR
1338,2023-09-16T07:33:35Z,2023-09-16,53968,3365,Retail,Gift Card,COUPON015,26.84,EUR
1339,2023-04-10T13:50:44Z,2023-04-10,43981,1541,Retail,PayPal,COUPON021,6.46,USD
1340,2023-06-29T15:25:41Z,2023-06-29,73341,3547,Franchise,Afterpay,COUPON026,21.74,AUD
1341,2024-03-31T10:06:44Z,2024-03-31,70427,2968,Retail,Cash,COUPON030,43.53,EUR
1342,2023-09-27T06:43:27Z,2023-09-27,19094,3434,Online,Afterpay,COUPON034,43.59,EUR
1343,2024-02-02T14:32:25Z,2024-02-02,84368,5009,Franchise,Credit Card,COUPON039,13.78,AUD
1344,2023-06-24T00:43:49Z,2023-06-24,39986,4183,Franchise,Cash,COUPON048,45.10,USD
1345,2023-02-15T01:54:48Z,2023-02-15,72807,330,Retail,Afterpay,COUPON044,48.09,EUR
1346,2023-07-28T18:50:23Z,2023-07-28,35344,4275,Retail,Gift Card,COUPON026,7.18,USD
1347,2023-02-10T01:45:41Z,2023-02-10,40730,1624,Franchise,Cash,COUPON007,23.01,AUD
1348,2024-07-02T14:04:51Z,2024-07-02,21428,3435,Online,Cash,COUPON048,10.39,EUR
1349,2024-06-12T06:56:47Z,2024-06-12,35849,2619,Online,Afterpay,COUPON005,30.90,EUR
1350,2024-09-07T11:16:25Z,2024-09-07,19077,2171,Franchise,Credit Card,COUPON043,34.41,EUR
1351,2024-09-02T06:43:22Z,2024-09-02,12549,737,Retail,Gift Card,COUPON037,43.80,EUR
1352,2024-05-22T15:04:28Z,2024-05-22,76282,692,Online,Credit Card,COUPON002,33.16,USD
1353,2023-04-14T05:49:07Z,2023-04-14,23684,2048,Online,Afterpay,COUPON001,14.30,AUD
1354,2024-02-11T06:10:19Z,2024-02-11,55963,3144,Online,Cash,COUPON049,40.58,EUR
1355,2023-08-04T02:12:27Z,2023-08-04,61016,4037,Retail,Afterpay,COUPON027,46.52,USD
1356,2024-07-16T02:57:59Z,2024-07-16,33759,1273,Retail,Cash,COUPON005,36.42,EUR
1357,2023-11-16T22:35:20Z,2023-11-16,58899,2873,Online,Gift Card,COUPON014,15.29,AUD
1358,2023-12-16T16:17:13Z,2023-12-16,68673,2745,Franchise,Afterpay,COUPON012,41.32,EUR
1359,2023-12-04T06:36:08Z,2023-12-04,583,3223,Online,Credit Card,COUPON024,15.27,USD
1360,2023-04-14T05:49:34Z,2023-04-14,46849,2785,Retail,Afterpay,COUPON014,32.85,USD
1361,2024-03-17T11:40:07Z,2024-03-17,36119,3037,Franchise,Gift Card,,27.00,EUR
1362,2024-06-02T22:26:44Z,2024-06-02,23267,4079,Online,Credit Card,COUPON031,11.87,USD
1363,2023-05-20T20:10:10Z,2023-05-20,19022,926,Franchise,Credit Card,COUPON039,35.51,AUD
1364,2023-07-04T13:06:06Z,2023-07-04,58421,3456,Retail,Cash,COUPON002,2.52,AUD
1365,2023-05-26T10:04:48Z,2023-05-26,23355,3929,Retail,Afterpay,COUPON043,40.19,USD
1366,2023-01-04T19:04:58Z,2023-01-04,76498,3089,Online,PayPal,COUPON035,46.10,USD
1367,2024-07-07T04:56:13Z,2024-07-07,57086,789,Retail,PayPal,COUPON042,30.53,USD
1368,2023-03-29T12:08:24Z,2023-03-29,44708,4513,Retail,Gift Card,COUPON023,17.43,EUR
1369,2023-01-04T14:28:30Z,2023-01-04,50919,3672,Retail,Gift Card,COUPON015,33.55,USD
1370,2023-09-17T04:30:16Z,2023-09-17,45659,2229,Retail,Afterpay,COUPON006,13.07,USD
1371,2023-11-14T19:14:44Z,2023-11-14,49903,4750,Retail,Cash,COUPON003,33.57,USD
1372,2024-05-24T20:12:37Z,2024-05-24,67802,2413,Franchise,Afterpay,COUPON017,31.15,USD
1373,2024-02-15T16:57:32Z,2024-02-15,57979,2264,Franchise,Afterpay,COUPON005,13.45,USD
1374,2023-01-07T03:10:11Z,2023-01-07,24911,2318,Franchise,Cash,COUPON016,25.29,USD
1375,2024-04-27T03:47:17Z,2024-04-27,57986,4812,Franchise,Afterpay,COUPON009,17.25,EUR
1376,2023-04-27T01:21:40Z,2023-04-27,56397,255,Retail,PayPal,COUPON024,46.32,EUR
1377,2024-01-10T06:46:13Z,2024-01-10,69188,443,Franchise,Credit Card,COUPON029,36.10,USD
1378,2023-09-29T01:20:23Z,2023-09-29,46648,1063,Online,Cash,COUPON029,30.23,AUD
1379,2024-08-10T11:22:53Z,2024-08-10,79484,3866,Retail,Gift Card,COUPON004,2.15,USD
1380,2024-07-25T08:52:59Z,2024-07-25,10861,4454,Franchise,Cash,COUPON036,27.26,USD
1381,2023-03-29T01:12:11Z,2023-03-29,2931,2891,Retail,Credit Card,COUPON050,39.78,EUR
1382,2024-01-25T11:19:08Z,2024-01-25,68952,164,Franchise,Cash,COUPON031,17.27,AUD
1383,2024-07-07T11:54:40Z,2024-07-07,50025,925,Retail,Cash,COUPON011,42.48,USD
1384,2023-02-06T21:12:00Z,2023-02-06,59367,2605,Retail,Cash,COUPON035,44.10,EUR
1385,2023-12-20T13:49:13Z,2023-12-20,66738,1091,Online,Cash,COUPON044,35.57,EUR
1386,2024-09-25T11:17:49Z,2024-09-25,57619,372,Retail,Credit Card,COUPON036,12.18,USD
1387,2023-01-09T11:22:34Z,2023-01-09,54583,567,Retail,Credit Card,COUPON048,22.80,EUR
1388,2024-10-01T15:50:24Z,2024-10-01,58912,106,Online,Afterpay,COUPON031,23.87,USD
1389,2024-08-28T02:24:45Z,2024-08-28,22287,635,Franchise,PayPal,COUPON022,38.81,USD
1390,2023-08-21T07:26:55Z,2023-08-21,14510,4592,Online,Gift Card,COUPON013,13.04,EUR
1391,2023-09-26T23:22:05Z,2023-09-26,17934,2237,Retail,PayPal,COUPON009,44.95,EUR
1392,2024-02-28T06:53:52Z,2024-02-28,57019,3693,Retail,Credit Card,COUPON029,35.92,AUD
1393,2024-06-13T11:45:17Z,2024-06-13,51710,2533,Franchise,Afterpay,COUPON010,17.02,AUD
1394,2023-11-07T02:46:07Z,2023-11-07,79689,3884,Retail,Credit Card,COUPON045,5.90,EUR
1395,2024-05-05T07:50:56Z,2024-05-05,61765,3284,Online,Gift Card,COUPON003,14.23,EUR
1396,2023-06-13T12:44:21Z,2023-06-13,75218,3623,Online,Credit Card,COUPON011,43.07,AUD
1397,2024-01-04T02:19:35Z,2024-01-04,1558,830,Retail,Credit Card,COUPON019,17.32,AUD
1398,2023-03-01T08:06:22Z,2023-03-01,18574,390,Franchise,PayPal,COUPON033,6.05,AUD
1399,2023-12-11T13:51:06Z,2023-12-11,63228,4499,Retail,PayPal,COUPON032,47.39,USD
1400,2024-03-31T12:39:25Z,2024-03-31,26033,1235,Franchise,PayPal,COUPON022,7.12,AUD
1401,2023-08-19T02:13:05Z,2023-08-19,36485,171,Online,Gift Card,COUPON006,21.73,USD
1402,2023-09-21T13:25:19Z,2023-09-21,77172,926,Online,Afterpay,COUPON028,3.95,EUR
1403,2023-02-19T22:35:35Z,2023-02-19,62942,2560,Online,Afterpay,COUPON021,42.28,USD
1404,2024-09-18T01:27:46Z,2024-09-18,10224,3538,Online,PayPal,COUPON002,7.80,EUR
1405,2024-09-16T04:07:01Z,2024-09-16,44579,3145,Franchise,Afterpay,COUPON030,11.06,USD
1406,2023-05-24T14:18:45Z,2023-05-24,70300,1153,Retail,PayPal,COUPON047,17.37,EUR
1407,2024-04-01T10:47:50Z,2024-04-01,64892,3103,Online,Gift Card,COUPON026,18.81,USD
1408,2024-08-07T19:50:37Z,2024-08-07,42929,2983,Franchise,Credit Card,COUPON007,6.98,USD
1409,2023-04-22T09:47:56Z,2023-04-22,13354,1618,Franchise,Afterpay,COUPON045,1.84,EUR
1410,2023-09-18T12:43:25Z,2023-09-18,49414,14,Retail,Cash,COUPON026,10.75,EUR
1411,2023-12-12T14:46:15Z,2023-12-12,77301,3091,Franchise,Credit Card,COUPON046,17.25,USD
1412,2024-01-05T05:17:30Z,2024-01-05,71457,1631,Online,Cash,COUPON013,18.17,AUD
1413,2023-07-29T06:25:43Z,2023-07-29,76306,2910,Franchise,Credit Card,COUPON015,44.48,EUR
1414,2024-07-30T03:44:48Z,2024-07-30,51346,3344,Franchise,Gift Card,COUPON042,12.41,AUD
1415,2023-10-11T04:18:25Z,2023-10-11,63356,1260,Retail,PayPal,COUPON035,0.06,EUR
1416,2023-03-10T07:39:52Z,2023-03-10,69445,3088,Franchise,Cash,COUPON004,21.07,USD
1417,2023-03-26T11:24:02Z,2023-03-26,7846,4157,Online,Cash,COUPON026,16.99,EUR
1418,2024-04-26T03:10:07Z,2024-04-26,18925,3752,Retail,Credit Card,COUPON037,9.46,USD
1419,2023-07-29T02:20:37Z,2023-07-29,43230,4196,Retail,Credit Card,COUPON040,15.90,AUD
1420,2023-02-07T06:17:01Z,2023-02-07,65722,4606,Franchise,Credit Card,COUPON047,36.04,USD
1421,2023-02-20T15:26:05Z,2023-02-20,54373,4246,Retail,PayPal,COUPON047,32.46,EUR
1422,2023-02-04T21:55:48Z,2023-02-04,25412,2081,Retail,Afterpay,COUPON001,2.01,EUR
1423,2023-01-23T23:40:27Z,2023-01-23,42401,2193,Franchise,Cash,COUPON004,42.06,EUR
1424,2023-05-15T11:35:27Z,2023-05-15,42570,596,Online,Credit Card,COUPON006,19.79,EUR
1425,2023-08-05T21:17:33Z,2023-08-05,2086,2407,Franchise,Gift Card,COUPON008,47.09,EUR
1426,2023-10-14T11:47:44Z,2023-10-14,34123,3079,Online,PayPal,COUPON033,46.65,USD
1427,2023-04-06T20:54:09Z,2023-04-06,24640,2279,Online,Cash,COUPON018,29.71,EUR
1428,2023-06-23T21:10:19Z,2023-06-23,58541,1928,Online,Cash,COUPON015,4.61,USD
1429,2023-12-04T18:18:43Z,2023-12-04,40602,2236,Franchise,Cash,COUPON049,28.20,EUR
1430,2023-10-17T21:26:18Z,2023-10-17,29091,1933,Retail,Cash,COUPON010,21.15,AUD
1431,2023-10-29T11:36:54Z,2023-10-29,23084,2555,Franchise,Cash,COUPON027,11.75,AUD
1432,2024-04-06T11:06:36Z,2024-04-06,35549,1148,Online,Credit Card,COUPON008,40.50,EUR
1433,2023-12-02T03:04:04Z,2023-12-02,40057,1309,Retail,Afterpay,COUPON032,32.98,AUD
1434,2024-06-01T02:37:27Z,2024-06-01,34526,4766,Retail,Credit Card,COUPON003,31.60,USD
1435,2024-06-03T10:59:12Z,2024-06-03,45113,212,Franchise,Gift Card,COUPON003,20.88,EUR
1436,2023-08-09T21:13:53Z,2023-08-09,19902,4162,Franchise,Afterpay,COUPON028,26.99,EUR
1437,2023-01-23T15:55:01Z,2023-01-23,40995,557,Retail,Credit Card,COUPON049,19.54,USD
1438,2023-06-15T08:59:14Z,2023-06-15,69434,2194,Retail,Credit Card,COUPON035,43.17,AUD
1439,2024-05-29T19:29:09Z,2024-05-29,45919,1594,Retail,Cash,COUPON013,3.52,USD
1440,2023-06-17T21:00:41Z,2023-06-17,7824,1419,Online,Cash,COUPON024,12.79,USD
1441,2024-01-29T00:33:25Z,2024-01-29,15218,3120,Online,Cash,COUPON036,32.28,AUD
1442,2024-04-11T08:42:45Z,2024-04-11,78900,4842,Online,PayPal,COUPON035,50.00,AUD
1443,2024-04-16T09:24:24Z,2024-04-16,73472,2774,Franchise,Cash,COUPON045,23.98,USD
1444,2023-07-24T17:32:16Z,2023-07-24,55487,3843,Franchise,Gift Card,COUPON034,16.46,USD
1445,2023-05-15T06:24:47Z,2023-05-15,28168,1105,Retail,PayPal,COUPON022,21.90,AUD
1446,2024-01-13T01:08:55Z,2024-01-13,46873,1243,Retail,Cash,COUPON030,11.54,USD
1447,2023-01-21T12:02:59Z,2023-01-21,9591,344,Online,Credit Card,COUPON021,9.71,USD
1448,2023-12-05T21:22:56Z,2023-12-05,33153,2375,Retail,PayPal,COUPON022,30.42,AUD
1449,2024-06-02T16:14:30Z,2024-06-02,65604,4672,Retail,PayPal,COUPON042,40.86,AUD
1450,2024-06-21T02:35:12Z,2024-06-21,66299,3844,Retail,Credit Card,,30.73,USD
1451,2023-07-12T00:52:38Z,2023-07-12,15685,70,Online,Gift Card,COUPON006,12.30,USD
1452,2024-05-01T15:48:41Z,2024-05-01,47183,3108,Franchise,Gift Card,COUPON028,7.40,USD
1453,2023-06-27T06:29:19Z,2023-06-27,35434,4530,Retail,Cash,COUPON025,49.90,USD
1454,2024-06-23T17:33:24Z,2024-06-23,7678,4467,Franchise,Gift Card,COUPON022,35.56,AUD
1455,2024-06-29T02:31:34Z,2024-06-29,56054,4357,Franchise,PayPal,COUPON028,2.13,AUD
1456,2023-08-15T00:19:15Z,2023-08-15,62136,3995,Retail,Cash,COUPON032,42.24,USD
1457,2024-03-25T15:05:03Z,2024-03-25,23123,3681,Retail,Credit Card,COUPON014,13.65,EUR
1458,2024-04-07T21:42:43Z,2024-04-07,3544,2883,Retail,PayPal,,26.33,USD
1459,2023-12-14T15:28:55Z,2023-12-14,28295,888,Online,Gift Card,COUPON019,0.87,EUR
1460,2023-01-24T10:10:47Z,2023-01-24,51140,819,Franchise,Cash,COUPON044,31.37,EUR
1461,2024-03-28T00:50:30Z,2024-03-28,10330,734,Franchise,Afterpay,COUPON047,23.80,USD
1462,2023-01-07T10:46:41Z,2023-01-07,74228,416,Online,Gift Card,COUPON020,1.42,AUD
1463,2023-01-25T09:44:44Z,2023-01-25,16844,2669,Online,Afterpay,COUPON037,30.11,USD
1464,2023-10-20T07:51:49Z,2023-10-20,19667,582,Online,Cash,COUPON038,10.98,USD
1465,2024-08-04T02:08:33Z,2024-08-04,2809,3344,Online,Afterpay,COUPON027,46.84,AUD
1466,2023-08-16T20:41:10Z,2023-08-16,87105,5855,Franchise,Credit Card,COUPON009,36.62,EUR
1467,2023-11-07T05:10:41Z,2023-11-07,52710,3440,Retail,Cash,COUPON004,28.41,EUR
1468,2024-03-19T09:23:53Z,2024-03-19,43026,4610,Franchise,PayPal,COUPON034,21.37,AUD
1469,2024-03-17T08:56:05Z,2024-03-17,53568,3511,Franchise,Credit Card,COUPON026,25.50,AUD
1470,2023-05-01T02:09:14Z,2023-05-01,23449,584,Online,Credit Card,COUPON044,46.62,EUR
1471,2024-05-05T07:19:17Z,2024-05-05,44131,117,Online,Credit Card,COUPON040,24.97,USD
1472,2023-11-08T14:17:42Z,2023-11-08,25632,4470,Franchise,PayPal,COUPON039,25.72,EUR
1473,2023-04-10T14:28:39Z,2023-04-10,34746,4717,Online,Afterpay,COUPON008,11.84,USD
1474,2024-08-19T08:30:01Z,2024-08-19,73362,4970,Franchise,Credit Card,COUPON018,4.00,USD
1475,2023-09-12T16:21:17Z,2023-09-12,41047,2023,Franchise,PayPal,COUPON037,47.98,USD
1476,2023-06-09T01:16:09Z,2023-06-09,27966,2028,Franchise,Cash,COUPON028,36.21,AUD
1477,2024-08-19T06:39:10Z,2024-08-19,8791,3239,Online,Cash,COUPON035,29.72,EUR
1478,2024-07-22T18:34:03Z,2024-07-22,1089,4943,Retail,PayPal,COUPON001,33.48,EUR
1479,2023-12-23T11:23:47Z,2023-12-23,16193,2353,Online,PayPal,COUPON006,3.11,EUR
1480,2023-09-25T18:37:44Z,2023-09-25,15083,2194,Retail,Cash,COUPON001,22.84,AUD
1481,2024-08-01T13:03:20Z,2024-08-01,73041,3237,Online,Credit Card,COUPON014,33.41,AUD
1482,2023-07-08T08:00:49Z,2023-07-08,79996,2711,Online,Credit Card,COUPON044,20.11,AUD
1483,2023-09-07T12:51:36Z,2023-09-07,52917,448,Online,Afterpay,COUPON029,14.56,AUD
1484,2023-05-30T05:43:46Z,2023-05-30,28440,1485,Franchise,PayPal,COUPON041,40.16,EUR
1485,2024-06-01T04:57:32Z,2024-06-01,32129,3815,Retail,Afterpay,COUPON006,3.65,AUD
1486,2023-05-29T08:35:08Z,2023-05-29,27065,1922,Online,PayPal,COUPON035,4.82,USD
1487,2024-08-04T13:16:38Z,2024-08-04,32464,3460,Franchise,PayPal,COUPON027,47.32,EUR
1488,2023-03-10T02:35:36Z,2023-03-10,40354,4034,Online,Credit Card,COUPON019,43.89,EUR
1489,2023-09-16T10:17:17Z,2023-09-16,17169,3379,Franchise,Credit Card,COUPON004,6.02,USD
1490,2023-03-31T16:08:26Z,2023-03-31,25114,4535,Franchise,Gift Card,COUPON035,35.12,AUD
1491,2024-04-27T01:36:06Z,2024-04-27,9425,3005,Online,PayPal,COUPON009,13.53,EUR
1492,2024-02-16T11:07:31Z,2024-02-16,32687,4693,Online,Cash,COUPON001,22.40,USD
1493,2024-08-20T20:25:46Z,2024-08-20,79146,4220,Online,Afterpay,COUPON042,7.23,USD
1494,2023-08-29T17:58:14Z,2023-08-29,30092,1079,Retail,Cash,COUPON028,31.89,USD
1495,2024-07-30T16:42:33Z,2024-07-30,76977,3551,Retail,PayPal,COUPON014,17.18,EUR
1496,2023-02-19T10:22:56Z,2023-02-19,79382,4780,Online,Gift Card,COUPON028,39.29,EUR
1497,2023-01-11T19:40:45Z,2023-01-11,6337,2657,Online,Credit Card,COUPON032,7.70,AUD
1498,2023-05-24T19:04:08Z,2023-05-24,33820,3622,Online,Gift Card,COUPON007,20.30,USD
1499,2024-08-23T05:37:26Z,2024-08-23,19896,3212,Online,Cash,COUPON020,46.87,EUR
1500,2023-09-15T08:32:27Z,2023-09-15,24370,4548,Retail,Credit Card,COUPON043,31.55,AUD
1501,2024-02-23T00:39:44Z,2024-02-23,19356,1698,Franchise,Credit Card,COUPON017,36.10,AUD
1502,2024-04-10T17:29:27Z,2024-04-10,40953,2574,Online,Afterpay,COUPON027,48.73,EUR
1503,2023-01-09T02:34:31Z,2023-01-09,49351,4033,Online,Credit Card,COUPON008,48.01,AUD
1504,2024-09-01T21:36:37Z,2024-09-01,27877,3126,Retail,Credit Card,COUPON028,38.89,USD
1505,2023-07-10T03:38:03Z,2023-07-10,62052,397,Franchise,Gift Card,COUPON017,39.74,USD
1506,2024-04-05T03:53:11Z,2024-04-05,43300,273,Online,Credit Card,COUPON018,9.99,USD
1507,2023-03-31T09:47:31Z,2023-03-31,55624,4637,Online,PayPal,COUPON010,29.97,AUD
1508,2024-07-08T07:26:11Z,2024-07-08,32921,4199,Franchise,Afterpay,COUPON008,14.45,USD
1509,2024-04-20T09:26:04Z,2024-04-20,27051,52,Online,Cash,COUPON007,48.36,EUR
1510,2023-07-25T14:08:20Z,2023-07-25,76906,995,Online,Credit Card,COUPON004,24.82,EUR
1511,2023-09-07T03:25:26Z,2023-09-07,59887,423,Online,Cash,COUPON032,8.60,USD
1512,2023-03-30T20:24:05Z,2023-03-30,3963,2671,Franchise,Afterpay,COUPON040,8.37,USD
1513,2024-02-22T01:24:29Z,2024-02-22,59239,4407,Franchise,Afterpay,COUPON049,30.31,AUD
1514,2024-06-15T23:05:58Z,2024-06-15,23153,287,Retail,PayPal,COUPON015,35.08,AUD
1515,2024-04-20T18:19:20Z,2024-04-20,47017,2663,Retail,Credit Card,COUPON046,9.57,USD
1516,2023-01-15T19:54:00Z,2023-01-15,62866,2503,Franchise,Cash,COUPON042,25.99,AUD
1517,2023-03-29T17:31:47Z,2023-03-29,7591,4890,Franchise,Cash,COUPON023,17.66,EUR
1518,2024-08-17T04:17:08Z,2024-08-17,12623,1357,Online,Gift Card,COUPON031,19.18,USD
1519,2024-04-22T03:41:18Z,2024-04-22,78168,3721,Franchise,Gift Card,COUPON037,39.17,AUD
1520,2023-01-01T03:09:12Z,2023-01-01,28971,3821,Retail,Afterpay,COUPON001,42.68,USD
1521,2024-04-02T15:22:57Z,2024-04-02,79270,1132,Retail,Afterpay,COUPON037,47.80,AUD
1522,2023-05-18T15:16:13Z,2023-05-18,13169,1376,Retail,PayPal,,9.22,USD
1523,2024-07-29T22:45:21Z,2024-07-29,2717,4351,Franchise,Credit Card,COUPON003,34.99,USD
1524,2023-02-09T08:15:46Z,2023-02-09,78795,606,Franchise,PayPal,COUPON001,39.28,EUR
1525,2023-11-13T12:42:10Z,2023-11-13,10084,990,Franchise,Cash,COUPON043,38.53,EUR
1526,2023-12-03T19:33:57Z,2023-12-03,61685,1933,Franchise,PayPal,COUPON032,29.72,USD
1527,2023-05-21T17:15:58Z,2023-05-21,68433,4593,Retail,Cash,COUPON018,12.30,AUD
1528,2023-11-06T19:13:25Z,2023-11-06,59694,1713,Retail,Gift Card,COUPON037,3.69,USD
1529,2023-06-21T13:58:39Z,2023-06-21,49743,3481,Online,PayPal,COUPON048,2.29,EUR
1530,2023-09-14T05:08:35Z,2023-09-14,66383,2026,Online,Gift Card,COUPON013,21.73,EUR
1531,2024-05-05T07:29:05Z,2024-05-05,16060,3885,Franchise,Afterpay,COUPON044,37.64,AUD
1532,2024-08-11T16:51:16Z,2024-08-11,78346,1303,Online,Cash,COUPON031,5.64,AUD
1533,2023-09-14T07:20:48Z,2023-09-14,77810,1235,Retail,Gift Card,COUPON033,10.50,USD
1534,2023-05-14T11:45:43Z,2023-05-14,17546,1708,Online,Credit Card,COUPON050,35.44,EUR
1535,2023-09-20T05:39:13Z,2023-09-20,34923,666,Retail,Gift Card,COUPON026,9.12,USD
1536,2024-07-28T22:38:54Z,2024-07-28,14366,3184,Franchise,PayPal,COUPON021,44.28,USD
1537,2023-09-12T08:28:11Z,2023-09-12,40199,4390,Retail,Afterpay,COUPON010,27.02,AUD
1538,2023-06-28T15:06:04Z,2023-06-28,12513,2423,Retail,Gift Card,COUPON027,30.84,USD
1539,2023-12-17T03:09:01Z,2023-12-17,53732,1682,Online,PayPal,COUPON006,6.00,EUR
1540,2023-03-06T10:45:03Z,2023-03-06,55594,3624,Franchise,Cash,COUPON023,42.44,USD
1541,2023-04-15T10:53:27Z,2023-04-15,11584,1069,Online,PayPal,COUPON049,11.35,USD
1542,2024-02-16T00:35:38Z,2024-02-16,62077,554,Online,Afterpay,COUPON025,49.11,EUR
1543,2023-06-19T04:21:25Z,2023-06-19,44685,4829,Franchise,Cash,COUPON016,11.42,USD
1544,2023-06-29T19:25:00Z,2023-06-29,63891,1428,Franchise,Cash,COUPON028,28.04,EUR
1545,2024-02-02T15:48:21Z,2024-02-02,40316,4320,Franchise,Afterpay,COUPON009,29.79,EUR
1546,2024-05-31T22:43:02Z,2024-05-31,28340,2888,Franchise,PayPal,COUPON010,24.01,AUD
1547,2023-12-01T18:42:24Z,2023-12-01,61135,3053,Franchise,Afterpay,COUPON038,10.82,EUR
1548,2024-02-13T22:09:02Z,2024-02-13,25992,821,Retail,Afterpay,COUPON047,24.66,EUR
1549,2024-07-28T19:27:54Z,2024-07-28,48911,4352,Online,Credit Card,COUPON001,12.22,EUR
1550,2024-02-19T01:22:26Z,2024-02-19,69580,3698,Retail,Gift Card,COUPON039,10.11,USD
1551,2024-07-07T03:33:20Z,2024-07-07,66882,79,Franchise,Afterpay,COUPON036,37.22,EUR
1552,2023-06-07T01:13:13Z,2023-06-07,37079,4806,Retail,Credit Card,COUPON024,6.25,EUR
1553,2024-07-22T03:31:15Z,2024-07-22,54174,2040,Online,Gift Card,COUPON027,2.96,AUD
1554,2023-03-22T15:10:16Z,2023-03-22,69179,3574,Retail,Credit Card,COUPON045,13.71,EUR
1555,2024-01-04T19:45:26Z,2024-01-04,65186,980,Online,PayPal,COUPON020,33.94,AUD
1556,2023-06-19T11:19:25Z,2023-06-19,14878,3110,Online,Afterpay,COUPON050,37.61,EUR
1557,2024-08-30T09:19:32Z,2024-08-30,72432,4103,Retail,Gift Card,COUPON011,13.05,USD
1558,2023-01-21T08:40:34Z,2023-01-21,15342,2128,Franchise,Gift Card,COUPON017,17.13,EUR
1559,2024-08-29T07:22:20Z,2024-08-29,57813,4716,Franchise,PayPal,COUPON047,7.24,AUD
1560,2023-12-28T17:39:54Z,2023-12-28,37655,2556,Online,Cash,COUPON008,24.24,USD
1561,2023-12-30T08:25:32Z,2023-12-30,77819,1297,Online,Gift Card,COUPON033,29.77,USD
1562,2023-04-02T07:58:56Z,2023-04-02,31459,4063,Retail,Gift Card,COUPON040,3.47,USD
1563,2023-12-10T15:55:43Z,2023-12-10,66279,2380,Online,Credit Card,COUPON001,5.95,AUD
1564,2023-12-23T11:54:12Z,2023-12-23,7004,4788,Franchise,Credit Card,COUPON040,3.94,EUR
1565,2023-12-21T00:30:49Z,2023-12-21,48001,2614,Online,PayPal,COUPON015,49.28,USD
1566,2023-04-08T00:03:59Z,2023-04-08,58464,2680,Retail,Gift Card,COUPON002,37.49,EUR
1567,2023-01-14T00:41:12Z,2023-01-14,22419,4594,Online,Credit Card,COUPON029,18.00,AUD
1568,2023-02-17T18:54:53Z,2023-02-17,22201,343,Franchise,Afterpay,COUPON002,44.52,AUD
1569,2023-07-21T19:21:57Z,2023-07-21,27146,4958,Retail,Cash,COUPON047,15.01,AUD
1570,2024-04-01T11:23:39Z,2024-04-01,68957,156,Online,Gift Card,COUPON019,10.91,EUR
1571,2023-03-21T11:58:24Z,2023-03-21,23530,1573,Franchise,Cash,COUPON042,25.52,USD
1572,2023-01-06T13:06:10Z,2023-01-06,26073,2398,Online,Gift Card,COUPON039,23.94,EUR
1573,2023-07-27T00:50:18Z,2023-07-27,7006,1412,Online,Gift Card,COUPON041,22.12,EUR
1574,2023-02-03T04:50:01Z,2023-02-03,19681,2625,Franchise,PayPal,COUPON038,18.29,AUD
1575,2023-02-12T13:30:12Z,2023-02-12,28785,1720,Online,Gift Card,COUPON043,28.19,EUR
1576,2023-12-14T05:44:14Z,2023-12-14,51869,644,Online,PayPal,COUPON035,14.16,AUD
1577,2024-05-07T00:06:56Z,2024-05-07,12022,3420,Franchise,Cash,COUPON024,2.09,EUR
1578,2024-08-12T20:02:36Z,2024-08-12,47694,3058,Retail,Cash,COUPON017,18.05,USD
1579,2024-08-20T12:03:45Z,2024-08-20,78085,2694,Retail,Afterpay,COUPON024,49.13,EUR
1580,2023-10-10T16:45:07Z,2023-10-10,5974,1101,Retail,Credit Card,COUPON026,43.57,EUR
1581,2023-09-27T04:44:26Z,2023-09-27,46374,3060,Retail,Afterpay,COUPON019,44.50,USD
1582,2024-05-18T06:29:42Z,2024-05-18,29357,2748,Online,Gift Card,COUPON030,15.51,USD
1583,2024-04-22T01:46:06Z,2024-04-22,29982,3383,Franchise,PayPal,COUPON037,11.83,EUR
1584,2023-07-12T12:16:21Z,2023-07-12,56617,326,Franchise,Credit Card,COUPON010,29.91,AUD
1585,2024-03-22T14:38:47Z,2024-03-22,75164,296,Online,Cash,COUPON018,6.03,AUD
1586,2023-02-07T17:50:08Z,2023-02-07,57434,4215,Retail,Gift Card,COUPON049,30.63,AUD
1587,2023-01-25T07:18:06Z,2023-01-25,57312,3647,Retail,Credit Card,COUPON008,41.14,EUR
1588,2024-02-08T15:28:19Z,2024-02-08,50442,1415,Online,Gift Card,COUPON019,27.93,USD
1589,2023-03-06T13:03:00Z,2023-03-06,36811,2554,Online,Credit Card,COUPON039,0.52,EUR
1590,2024-08-04T07:21:09Z,2024-08-04,19988,4236,Franchise,Afterpay,COUPON015,43.60,EUR
1591,2024-08-27T16:09:28Z,2024-08-27,75998,2701,Online,Gift Card,COUPON050,18.76,AUD
1592,2024-09-17T22:02:46Z,2024-09-17,14181,2129,Franchise,Cash,COUPON018,30.21,AUD
1593,2024-08-30T23:13:17Z,2024-08-30,9675,570,Franchise,PayPal,,16.90,EUR
1594,2024-08-25T07:05:11Z,2024-08-25,54569,751,Franchise,PayPal,COUPON038,12.59,USD
1595,2024-08-21T19:52:40Z,2024-08-21,13897,2991,Retail,Credit Card,COUPON002,21.79,AUD
1596,2023-06-16T13:05:10Z,2023-06-16,31079,4689,Online,PayPal,COUPON001,13.89,AUD
1597,2023-08-28T15:27:37Z,2023-08-28,58139,205,Franchise,Credit Card,COUPON041,28.20,EUR
1598,2023-01-01T04:17:50Z,2023-01-01,26467,4630,Online,PayPal,COUPON004,22.66,EUR
1599,2023-07-28T23:14:35Z,2023-07-28,71539,4836,Retail,Afterpay,COUPON030,44.30,USD
1600,2023-10-01T09:08:12Z,2023-10-01,1702,2759,Retail,Cash,COUPON046,16.50,USD
1601,2023-05-16T16:46:50Z,2023-05-16,48058,1307,Franchise,Afterpay,COUPON038,41.33,EUR
1602,2023-10-30T06:05:04Z,2023-10-30,7171,94,Franchise,Afterpay,COUPON033,38.90,AUD
1603,2023-06-15T13:57:47Z,2023-06-15,43690,2613,Franchise,Afterpay,COUPON048,16.93,AUD
1604,2023-07-18T18:19:02Z,2023-07-18,3403,1062,Online,Afterpay,COUPON015,14.63,USD
1605,2023-06-11T14:05:05Z,2023-06-11,61911,4655,Online,PayPal,COUPON040,41.32,AUD
1606,2023-09-14T00:02:56Z,2023-09-14,26758,2055,Franchise,PayPal,COUPON020,38.03,EUR
1607,2024-07-22T21:00:26Z,2024-07-22,45008,1380,Retail,Credit Card,COUPON001,10.41,AUD
1608,2024-09-29T02:24:04Z,2024-09-29,24587,3699,Retail,Cash,COUPON048,29.13,AUD
1609,2024-04-24T06:51:19Z,2024-04-24,23370,4727,Franchise,Afterpay,COUPON032,43.59,AUD
1610,2024-09-10T02:23:38Z,2024-09-10,32152,2764,Retail,Gift Card,COUPON008,46.38,AUD
1611,2023-05-07T07:54:26Z,2023-05-07,16794,629,Retail,Cash,COUPON043,46.14,EUR
1612,2023-03-27T03:00:04Z,2023-03-27,69623,3153,Retail,Afterpay,COUPON027,22.64,AUD
1613,2023-09-17T22:54:39Z,2023-09-17,49259,2749,Retail,Gift Card,COUPON014,25.16,EUR
1614,2024-08-07T15:11:31Z,2024-08-07,65625,4378,Online,Afterpay,COUPON019,47.21,AUD
1615,2023-10-14T23:44:58Z,2023-10-14,77229,2485,Online,Gift Card,COUPON046,29.97,AUD
1616,2023-03-14T00:29:09Z,2023-03-14,75091,2803,Franchise,Cash,COUPON001,7.34,AUD
1617,2023-04-19T23:36:25Z,2023-04-19,67505,3982,Retail,Credit Card,COUPON045,2.16,AUD
1618,2024-06-11T13:49:41Z,2024-06-11,24309,1251,Retail,Gift Card,COUPON016,26.79,AUD
1619,2023-01-05T18:19:45Z,2023-01-05,68956,51,Franchise,Afterpay,COUPON027,41.62,USD
1620,2024-08-23T16:20:00Z,2024-08-23,3646,4284,Online,Cash,COUPON029,24.50,AUD
1621,2024-02-03T10:03:06Z,2024-02-03,4136,3867,Online,PayPal,COUPON026,49.01,AUD
1622,2024-05-20T03:22:37Z,2024-05-20,32583,2708,Online,Credit Card,COUPON031,42.88,USD
1623,2024-07-27T16:34:37Z,2024-07-27,8007,1752,Retail,Gift Card,COUPON030,33.18,USD
1624,2023-10-14T20:33:29Z,2023-10-14,73734,3461,Retail,Gift Card,COUPON046,16.96,EUR
1625,2023-02-18T13:32:28Z,2023-02-18,42105,3991,Online,Afterpay,,19.08,USD
1626,2023-07-03T01:38:55Z,2023-07-03,30373,4836,Franchise,PayPal,COUPON026,20.55,EUR
1627,2023-01-24T18:10:07Z,2023-01-24,40861,588,Franchise,Afterpay,COUPON020,5.06,USD
1628,2023-05-14T00:11:21Z,2023-05-14,18459,4747,Online,Afterpay,COUPON038,16.45,EUR
1629,2023-09-06T19:49:44Z,2023-09-06,64521,815,Franchise,Cash,COUPON021,24.62,AUD
1630,2023-02-10T17:02:55Z,2023-02-10,32557,1712,Franchise,Afterpay,COUPON047,41.69,USD
1631,2023-12-17T09:28:57Z,2023-12-17,20043,1240,Retail,Cash,COUPON038,31.09,AUD
1632,2024-06-17T14:10:43Z,2024-06-17,41182,4402,Franchise,PayPal,COUPON038,11.26,AUD
1633,2024-03-26T09:28:27Z,2024-03-26,78337,93,Franchise,Credit Card,COUPON036,17.03,USD
1634,2023-06-20T08:54:27Z,2023-06-20,36229,2278,Retail,Cash,COUPON021,12.58,USD
1635,2023-05-31T02:46:52Z,2023-05-31,12225,2021,Retail,Credit Card,COUPON039,8.07,USD
1636,2024-09-18T10:20:41Z,2024-09-18,56427,1961,Online,PayPal,COUPON005,3.45,USD
1637,2023-10-31T23:20:36Z,2023-10-31,71566,2454,Franchise,Gift Card,COUPON018,46.34,AUD
1638,2023-02-03T20:21:48Z,2023-02-03,42174,2336,Franchise,Afterpay,COUPON010,10.75,EUR
1639,2024-03-19T19:15:04Z,2024-03-19,39281,4798,Franchise,Cash,COUPON003,42.75,EUR
1640,2023-06-10T01:15:49Z,2023-06-10,55316,952,Franchise,Cash,COUPON045,22.10,EUR
1641,2024-03-17T15:12:54Z,2024-03-17,69288,1313,Retail,Afterpay,COUPON002,36.07,EUR
1642,2024-01-09T05:23:23Z,2024-01-09,39856,1117,Franchise,Gift Card,COUPON022,31.66,USD
1643,2023-01-21T03:40:13Z,2023-01-21,29070,1121,Retail,Gift Card,,3.81,USD
1644,2023-06-15T15:11:51Z,2023-06-15,65492,2655,Retail,Gift Card,COUPON044,15.35,AUD
1645,2023-10-10T07:42:08Z,2023-10-10,26081,2084,Online,Gift Card,COUPON042,1.58,AUD
1646,2024-01-23T23:57:38Z,2024-01-23,41959,4037,Online,PayPal,COUPON008,37.89,EUR
1647,2023-06-23T19:02:59Z,2023-06-23,71264,2947,Franchise,Cash,COUPON034,11.43,EUR
1648,2024-05-31T07:58:01Z,2024-05-31,62084,4490,Online,Afterpay,COUPON050,28.52,EUR
1649,2024-04-13T01:30:43Z,2024-04-13,70050,2530,Online,Afterpay,COUPON016,49.93,AUD
1650,2023-03-10T03:15:50Z,2023-03-10,74080,4428,Online,Afterpay,COUPON009,41.93,USD
1651,2023-04-27T13:37:18Z,2023-04-27,58606,4345,Retail,PayPal,COUPON011,47.01,USD
1652,2023-03-08T20:57:55Z,2023-03-08,10669,131,Online,Credit Card,COUPON016,38.21,AUD
1653,2023-05-05T14:15:13Z,2023-05-05,27243,870,Franchise,Afterpay,COUPON024,12.61,USD
1654,2024-05-19T14:54:39Z,2024-05-19,26879,2780,Retail,Afterpay,COUPON015,49.91,AUD
1655,2024-02-18T02:49:37Z,2024-02-18,77887,4427,Franchise,Credit Card,COUPON040,7.49,USD
1656,2024-08-17T18:46:28Z,2024-08-17,73968,1189,Franchise,PayPal,COUPON012,37.75,EUR
1657,2023-03-01T10:07:13Z,2023-03-01,59913,4794,Franchise,Afterpay,COUPON041,39.56,USD
1658,2024-05-11T05:04:51Z,2024-05-11,66637,2579,Franchise,PayPal,COUPON024,7.04,AUD
1659,2023-04-28T23:42:02Z,2023-04-28,59133,136,Franchise,Credit Card,COUPON048,0.53,USD
1660,2024-06-08T12:18:30Z,2024-06-08,50774,1349,Online,Credit Card,COUPON012,6.52,EUR
1661,2023-10-16T09:14:45Z,2023-10-16,70503,1784,Retail,Gift Card,COUPON021,24.44,EUR
1662,2023-08-17T19:50:11Z,2023-08-17,12789,4885,Online,Gift Card,COUPON009,29.59,USD
1663,2024-03-14T12:56:44Z,2024-03-14,27738,1329,Franchise,Gift Card,COUPON039,31.75,AUD
1664,2023-02-16T21:31:17Z,2023-02-16,451,44,Online,Credit Card,COUPON041,41.11,AUD
1665,2023-05-14T23:14:22Z,2023-05-14,17918,1852,Online,Gift Card,COUPON008,47.92,AUD
1666,2024-09-22T22:47:10Z,2024-09-22,22105,1998,Online,Cash,COUPON042,2.49,EUR
1667,2024-02-11T22:42:23Z,2024-02-11,70113,4658,Retail,Gift Card,COUPON004,43.59,USD
1668,2023-03-23T00:39:51Z,2023-03-23,66469,192,Retail,PayPal,COUPON024,23.27,EUR
1669,2024-08-09T06:58:02Z,2024-08-09,8638,4571,Online,Gift Card,COUPON049,18.24,AUD
1670,2023-02-13T01:29:57Z,2023-02-13,66872,1564,Retail,Afterpay,COUPON049,14.91,EUR
1671,2023-10-21T05:46:17Z,2023-10-21,50612,4764,Franchise,Afterpay,COUPON034,18.61,USD
1672,2024-07-16T00:31:22Z,2024-07-16,71276,2160,Franchise,Cash,COUPON050,36.84,EUR
1673,2024-04-12T17:54:51Z,2024-04-12,77775,4414,Franchise,PayPal,COUPON041,31.45,AUD
1674,2023-11-19T10:02:31Z,2023-11-19,34529,1959,Online,Gift Card,COUPON037,22.51,EUR
1675,2024-08-08T15:59:27Z,2024-08-08,68514,4924,Online,Credit Card,COUPON016,9.78,USD
1676,2024-06-14T14:05:58Z,2024-06-14,73746,1581,Online,Gift Card,COUPON001,47.85,USD
1677,2023-06-28T18:31:34Z,2023-06-28,62376,1689,Retail,Credit Card,COUPON048,19.96,AUD
1678,2023-07-10T17:15:10Z,2023-07-10,67582,1166,Online,Cash,COUPON017,22.49,USD
1679,2024-04-23T17:54:52Z,2024-04-23,27440,3478,Online,Afterpay,COUPON021,31.47,EUR
1680,2023-01-04T08:32:22Z,2023-01-04,33356,4345,Franchise,Credit Card,COUPON009,46.43,USD
1681,2024-05-10T06:53:10Z,2024-05-10,46455,4267,Retail,Credit Card,COUPON047,20.25,USD
1682,2024-10-01T17:38:45Z,2024-10-01,75140,4138,Online,Cash,COUPON026,11.69,AUD
1683,2023-02-04T15:15:05Z,2023-02-04,18873,1825,Retail,Credit Card,COUPON017,42.26,EUR
1684,2024-07-08T18:31:45Z,2024-07-08,70162,4121,Retail,Gift Card,COUPON021,31.15,USD
1685,2024-07-09T16:08:04Z,2024-07-09,43991,2928,Franchise,PayPal,COUPON008,1.43,AUD
1686,2024-06-13T02:55:09Z,2024-06-13,33277,4630,Franchise,PayPal,COUPON028,11.57,USD
1687,2024-04-06T04:04:55Z,2024-04-06,52145,4575,Online,Cash,COUPON026,9.19,USD
1688,2024-03-04T10:33:45Z,2024-03-04,7427,4736,Retail,Cash,COUPON031,35.79,USD
1689,2023-08-20T05:02:20Z,2023-08-20,76636,1020,Franchise,Credit Card,COUPON028,32.89,AUD
1690,2023-08-24T22:54:29Z,2023-08-24,36708,2912,Retail,Afterpay,COUPON002,43.63,EUR
1691,2024-09-23T03:21:57Z,2024-09-23,25730,4423,Online,Afterpay,COUPON048,42.18,AUD
1692,2023-05-09T20:10:38Z,2023-05-09,53432,1135,Online,Gift Card,COUPON016,21.19,EUR
1693,2024-07-26T05:39:01Z,2024-07-26,22228,3461,Online,PayPal,COUPON049,36.99,EUR
1694,2024-07-14T21:58:17Z,2024-07-14,20156,492,Online,Afterpay,COUPON045,21.73,EUR
1695,2023-08-14T06:11:42Z,2023-08-14,62560,2121,Franchise,Afterpay,COUPON029,26.12,EUR
1696,2023-06-30T12:34:44Z,2023-06-30,29270,1324,Retail,Afterpay,COUPON048,8.90,USD
1697,2024-03-26T07:56:24Z,2024-03-26,16619,3746,Franchise,Cash,COUPON030,10.02,EUR
1698,2023-09-28T12:11:12Z,2023-09-28,67264,3812,Retail,Afterpay,COUPON048,39.42,USD
1699,2023-05-24T10:09:24Z,2023-05-24,74865,2061,Retail,Gift Card,COUPON036,35.78,USD
1700,2024-07-25T11:46:52Z,2024-07-25,2056,4167,Online,Cash,COUPON040,25.47,EUR
1701,2024-05-07T18:12:27Z,2024-05-07,66636,273,Retail,Credit Card,COUPON006,7.81,EUR
1702,2024-08-05T14:30:05Z,2024-08-05,50736,1046,Retail,Cash,COUPON019,45.36,AUD
1703,2024-04-14T18:07:07Z,2024-04-14,75478,4382,Online,Gift Card,COUPON003,33.63,USD
1704,2023-12-23T03:06:34Z,2023-12-23,76673,4967,Online,Afterpay,COUPON046,18.67,USD
1705,2024-03-07T14:42:21Z,2024-03-07,45876,142,Online,Gift Card,COUPON041,27.11,AUD
1706,2024-09-25T08:49:11Z,2024-09-25,7464,1496,Online,PayPal,COUPON036,17.28,EUR
1707,2024-09-18T07:09:29Z,2024-09-18,58759,3605,Online,Gift Card,COUPON013,19.64,USD
1708,2024-03-02T11:34:26Z,2024-03-02,32242,1978,Franchise,Credit Card,COUPON024,19.90,EUR
1709,2023-06-06T03:46:45Z,2023-06-06,69520,2660,Retail,Gift Card,COUPON031,6.04,EUR
1710,2024-03-15T08:22:15Z,2024-03-15,75172,2231,Retail,Afterpay,COUPON041,31.18,USD
1711,2024-05-17T21:54:01Z,2024-05-17,57068,4901,Online,Cash,COUPON003,13.51,USD
1712,2024-04-23T02:32:28Z,2024-04-23,30731,1844,Online,Afterpay,COUPON008,26.91,USD
1713,2023-10-26T17:23:58Z,2023-10-26,55620,4614,Franchise,PayPal,COUPON029,18.95,AUD
1714,2023-04-14T03:29:52Z,2023-04-14,26008,3818,Online,Cash,COUPON042,6.53,AUD
1715,2024-07-10T06:06:56Z,2024-07-10,42857,1977,Online,Gift Card,COUPON040,32.40,AUD
1716,2023-03-02T01:53:00Z,2023-03-02,34113,4676,Online,Afterpay,COUPON046,30.92,USD
1717,2023-06-13T22:41:13Z,2023-06-13,58279,1726,Online,Credit Card,COUPON023,6.73,USD
1718,2023-10-07T12:08:36Z,2023-10-07,24190,150,Retail,Cash,COUPON040,36.17,EUR
1719,2023-08-11T06:52:34Z,2023-08-11,59366,2720,Franchise,Credit Card,COUPON030,4.07,AUD
1720,2024-07-14T22:39:08Z,2024-07-14,16561,965,Online,Cash,COUPON035,11.07,EUR
1721,2023-05-18T02:43:54Z,2023-05-18,31249,2710,Franchise,PayPal,COUPON013,14.59,USD
1722,2024-05-14T18:44:56Z,2024-05-14,33204,2591,Retail,Credit Card,COUPON018,25.33,EUR
1723,2023-10-21T17:58:46Z,2023-10-21,67133,2511,Retail,Credit Card,COUPON046,3.07,EUR
1724,2024-09-23T14:38:37Z,2024-09-23,21649,3676,Online,Cash,COUPON049,11.00,AUD
1725,2024-08-05T16:24:26Z,2024-08-05,2324,4476,Online,Afterpay,COUPON010,15.92,AUD
1726,2023-03-16T01:28:11Z,2023-03-16,28222,536,Retail,Cash,COUPON041,36.44,USD
1727,2024-08-17T04:20:49Z,2024-08-17,84934,5862,Franchise,PayPal,COUPON006,13.29,USD
1728,2023-02-27T12:27:36Z,2023-02-27,34560,1895,Franchise,PayPal,COUPON028,37.36,USD
1729,2023-09-10T12:11:15Z,2023-09-10,52183,1245,Online,Gift Card,COUPON022,45.61,AUD
1730,2024-02-12T03:28:16Z,2024-02-12,71266,1715,Retail,Gift Card,COUPON014,40.85,EUR
1731,2024-04-14T16:33:47Z,2024-04-14,42768,3500,Retail,Credit Card,COUPON012,35.98,USD
1732,2023-05-08T11:07:09Z,2023-05-08,4932,1821,Retail,Gift Card,COUPON038,6.88,EUR
1733,2024-01-10T12:05:35Z,2024-01-10,27908,1082,Retail,Credit Card,COUPON002,37.23,USD
1734,2023-11-03T16:45:56Z,2023-11-03,55023,1567,Retail,Gift Card,COUPON023,37.83,EUR
1735,2023-12-08T23:03:10Z,2023-12-08,32067,673,Franchise,Cash,COUPON032,29.93,EUR
1736,2024-08-01T14:57:49Z,2024-08-01,32666,4233,Online,Afterpay,COUPON035,8.29,AUD
1737,2024-03-02T06:20:27Z,2024-03-02,22840,2465,Franchise,Gift Card,COUPON035,43.89,EUR
1738,2024-04-12T11:39:19Z,2024-04-12,69721,3587,Retail,Cash,COUPON044,14.63,EUR
1739,2023-08-10T07:51:30Z,2023-08-10,71778,3344,Franchise,Gift Card,COUPON044,28.16,USD
1740,2023-11-24T15:53:06Z,2023-11-24,61380,1480,Franchise,Cash,COUPON021,42.70,AUD
1741,2023-07-01T15:12:07Z,2023-07-01,71586,3087,Franchise,Afterpay,COUPON050,20.76,AUD
1742,2024-02-03T23:20:22Z,2024-02-03,36972,2855,Online,Cash,COUPON034,8.24,EUR
1743,2023-05-31T05:11:09Z,2023-05-31,11655,2715,Franchise,Gift Card,COUPON037,3.37,AUD
1744,2023-08-14T20:46:21Z,2023-08-14,32392,2897,Online,Gift Card,,22.87,EUR
1745,2024-09-13T10:20:31Z,2024-09-13,38760,4511,Retail,Afterpay,,46.45,EUR
1746,2023-11-21T04:50:08Z,2023-11-21,58824,2325,Franchise,Cash,COUPON041,38.79,USD
1747,2023-11-25T15:23:24Z,2023-11-25,23938,3980,Franchise,Afterpay,COUPON017,27.55,EUR
1748,2024-04-09T23:04:37Z,2024-04-09,78396,2646,Franchise,Credit Card,COUPON021,14.14,EUR
1749,2023-03-14T05:47:18Z,2023-03-14,15494,1998,Franchise,Credit Card,COUPON030,0.52,AUD
1750,2024-03-11T09:34:55Z,2024-03-11,55901,2424,Retail,PayPal,COUPON047,28.04,USD
1751,2023-04-09T06:12:22Z,2023-04-09,32052,465,Online,Afterpay,COUPON046,29.15,USD
1752,2023-05-10T09:01:38Z,2023-05-10,33798,4776,Retail,Credit Card,COUPON016,33.00,AUD
1753,2023-07-28T10:14:17Z,2023-07-28,60979,4107,Online,Credit Card,COUPON004,8.48,AUD
1754,2023-05-05T18:45:48Z,2023-05-05,52632,605,Retail,Afterpay,COUPON050,37.96,USD
1755,2023-02-10T21:57:54Z,2023-02-10,76666,3318,Franchise,Gift Card,COUPON045,13.17,EUR
1756,2024-01-04T13:02:59Z,2024-01-04,29211,2914,Online,Credit Card,COUPON039,5.78,USD
1757,2023-06-07T16:18:38Z,2023-06-07,12434,4032,Franchise,Afterpay,COUPON039,3.21,EUR
1758,2024-06-08T17:41:06Z,2024-06-08,54287,4017,Retail,Credit Card,COUPON024,38.21,USD
1759,2024-02-19T18:30:30Z,2024-02-19,798,933,Franchise,Afterpay,COUPON023,12.62,AUD
1760,2024-03-03T04:00:45Z,2024-03-03,59624,4849,Franchise,PayPal,COUPON001,29.36,AUD
1761,2023-08-22T15:04:28Z,2023-08-22,7802,3839,Franchise,Cash,COUPON041,3.96,USD
1762,2024-07-22T16:13:12Z,2024-07-22,5883,2330,Retail,Credit Card,COUPON022,4.40,AUD
1763,2023-05-24T23:12:33Z,2023-05-24,57917,4286,Franchise,Cash,COUPON043,0.14,USD
1764,2023-07-27T17:59:46Z,2023-07-27,64788,3741,Retail,Afterpay,COUPON017,36.54,EUR
1765,2023-06-09T01:26:21Z,2023-06-09,36468,362,Online,Afterpay,COUPON015,38.34,USD
1766,2023-12-22T09:05:25Z,2023-12-22,16389,1129,Retail,Credit Card,COUPON025,6.23,USD
1767,2023-05-03T02:00:14Z,2023-05-03,3119,405,Retail,Gift Card,COUPON025,10.91,USD
1768,2024-03-29T13:07:23Z,2024-03-29,46924,3843,Franchise,Credit Card,COUPON041,31.55,AUD
1769,2023-06-11T09:26:55Z,2023-06-11,16301,2609,Online,PayPal,COUPON014,20.03,EUR
1770,2023-04-06T20:38:41Z,2023-04-06,57096,4500,Retail,Afterpay,COUPON047,20.62,USD
1771,2024-09-04T00:38:08Z,2024-09-04,66158,4539,Online,Afterpay,COUPON042,8.32,USD
1772,2024-07-15T22:55:13Z,2024-07-15,44313,1035,Online,Afterpay,COUPON021,5.51,USD
1773,2024-05-04T09:51:53Z,2024-05-04,43037,2273,Franchise,Gift Card,COUPON022,43.86,AUD
1774,2023-07-03T15:29:47Z,2023-07-03,38432,4819,Online,PayPal,COUPON005,49.83,USD
1775,2023-08-31T00:58:56Z,2023-08-31,47587,2448,Franchise,Gift Card,COUPON015,15.61,EUR
1776,2024-02-18T22:04:19Z,2024-02-18,72442,1642,Franchise,Credit Card,COUPON039,6.57,EUR
1777,2023-01-02T07:36:00Z,2023-01-02,11717,4453,Online,Cash,COUPON036,41.94,EUR
1778,2023-03-07T03:39:44Z,2023-03-07,42235,4359,Franchise,Credit Card,COUPON015,42.10,AUD
1779,2023-11-13T09:01:49Z,2023-11-13,41759,4572,Franchise,Cash,COUPON050,10.66,USD
1780,2023-06-12T09:38:53Z,2023-06-12,9232,674,Franchise,Afterpay,COUPON013,29.25,EUR
1781,2023-11-05T21:41:57Z,2023-11-05,37802,2158,Franchise,Gift Card,COUPON007,32.79,AUD
1782,2024-05-05T09:29:57Z,2024-05-05,60662,213,Online,Gift Card,COUPON002,22.14,USD
1783,2023-08-28T17:30:43Z,2023-08-28,42385,1131,Franchise,PayPal,COUPON049,30.52,USD
1784,2023-01-17T02:44:10Z,2023-01-17,21704,2379,Franchise,Gift Card,COUPON031,12.29,AUD
1785,2023-08-09T06:22:54Z,2023-08-09,35711,2269,Franchise,Afterpay,COUPON002,31.21,USD
1786,2024-07-24T05:24:04Z,2024-07-24,13562,2093,Franchise,Credit Card,COUPON030,3.63,AUD
1787,2024-01-30T13:07:02Z,2024-01-30,18998,2035,Retail,Cash,COUPON031,17.40,EUR
1788,2023-07-22T00:59:43Z,2023-07-22,31972,362,Franchise,Afterpay,COUPON048,15.55,EUR
1789,2023-12-10T17:35:39Z,2023-12-10,22675,1405,Franchise,Afterpay,COUPON045,2.70,USD
1790,2024-06-27T19:16:10Z,2024-06-27,53364,444,Retail,Credit Card,COUPON029,20.09,AUD
1791,2024-03-26T01:26:54Z,2024-03-26,27204,4705,Franchise,Cash,COUPON022,33.49,EUR
1792,2024-08-07T14:20:35Z,2024-08-07,58796,4690,Retail,Credit Card,COUPON016,9.95,USD
1793,2023-12-10T21:49:29Z,2023-12-10,11296,3757,Retail,Cash,COUPON045,47.76,AUD
1794,2024-07-28T12:54:22Z,2024-07-28,17238,2730,Retail,PayPal,COUPON010,18.16,AUD
1795,2023-08-15T16:16:09Z,2023-08-15,54192,933,Retail,Cash,COUPON041,23.03,AUD
1796,2023-02-03T13:29:25Z,2023-02-03,26994,4506,Franchise,Cash,COUPON013,43.11,AUD
1797,2024-07-01T23:16:21Z,2024-07-01,17480,4191,Online,Credit Card,COUPON042,13.99,AUD
1798,2023-06-04T16:28:58Z,2023-06-04,9469,2007,Franchise,Cash,COUPON012,39.23,AUD
1799,2023-02-25T06:42:45Z,2023-02-25,77,1263,Retail,Cash,COUPON002,32.81,EUR
1800,2023-08-25T09:36:37Z,2023-08-25,26503,1474,Franchise,PayPal,COUPON033,15.35,AUD
1801,2024-09-09T07:39:11Z,2024-09-09,50964,3924,Online,Afterpay,COUPON022,34.04,USD
1802,2024-03-24T00:12:35Z,2024-03-24,37309,4836,Franchise,Cash,COUPON024,28.43,AUD
1803,2023-11-08T05:41:02Z,2023-11-08,51692,4086,Retail,Gift Card,COUPON032,24.51,EUR
1804,2023-01-30T12:59:47Z,2023-01-30,29308,2716,Retail,Afterpay,COUPON010,4.31,EUR
1805,2023-07-22T15:02:31Z,2023-07-22,50321,2607,Online,Cash,COUPON020,48.11,USD
1806,2023-01-13T21:32:26Z,2023-01-13,79407,1944,Franchise,Afterpay,COUPON031,8.08,EUR
1807,2023-11-19T13:35:50Z,2023-11-19,38776,4150,Franchise,Gift Card,COUPON037,33.00,EUR
1808,2023-04-03T14:29:53Z,2023-04-03,15439,1362,Franchise,Cash,COUPON048,45.52,AUD
1809,2023-11-20T15:26:46Z,2023-11-20,6947,3574,Franchise,PayPal,COUPON048,9.95,USD
1810,2023-05-12T00:29:59Z,2023-05-12,3334,2089,Retail,Cash,COUPON035,35.14,AUD
1811,2023-03-08T02:03:33Z,2023-03-08,24744,3732,Online,PayPal,COUPON041,15.75,EUR
1812,2023-12-16T15:16:52Z,2023-12-16,15461,1938,Retail,Gift Card,COUPON012,16.14,AUD
1813,2024-03-04T22:46:28Z,2024-03-04,39482,3812,Retail,Cash,COUPON050,0.56,EUR
1814,2023-10-19T15:28:08Z,2023-10-19,4754,1326,Online,PayPal,COUPON041,0.13,EUR
1815,2023-12-16T06:34:51Z,2023-12-16,52146,2211,Online,PayPal,COUPON021,7.60,AUD
1816,2023-02-16T07:01:12Z,2023-02-16,36272,850,Retail,PayPal,COUPON004,23.14,USD
1817,2023-12-06T23:09:21Z,2023-12-06,47021,2921,Retail,Afterpay,COUPON036,37.12,USD
1818,2023-03-31T04:08:32Z,2023-03-31,45023,4728,Online,Credit Card,COUPON024,41.05,USD
1819,2023-02-26T09:25:04Z,2023-02-26,32821,781,Retail,Gift Card,COUPON040,12.78,AUD
1820,2024-04-12T01:36:25Z,2024-04-12,50143,3406,Franchise,PayPal,COUPON001,18.17,USD
1821,2023-09-02T17:42:14Z,2023-09-02,76169,4381,Retail,Gift Card,COUPON020,41.24,USD
1822,2024-01-16T13:24:33Z,2024-01-16,37187,4011,Retail,Cash,COUPON022,41.82,USD
1823,2023-09-03T21:33:18Z,2023-09-03,76763,4743,Franchise,PayPal,COUPON040,29.02,AUD
1824,2024-04-09T07:41:47Z,2024-04-09,17749,3978,Franchise,Credit Card,COUPON045,33.15,EUR
1825,2023-06-30T06:54:11Z,2023-06-30,30026,964,Retail,PayPal,COUPON019,49.10,AUD
1826,2023-07-21T20:16:34Z,2023-07-21,23535,1482,Franchise,Afterpay,COUPON030,30.70,AUD
1827,2024-09-15T12:32:35Z,2024-09-15,25509,3178,Online,Afterpay,COUPON014,15.91,AUD
1828,2024-02-18T13:14:52Z,2024-02-18,79694,1124,Online,Gift Card,COUPON020,37.33,AUD
1829,2023-02-26T08:47:03Z,2023-02-26,33605,2020,Retail,Gift Card,COUPON005,32.69,USD
1830,2023-12-07T02:53:37Z,2023-12-07,31661,4742,Online,Afterpay,COUPON010,15.88,AUD
1831,2023-01-22T17:33:25Z,2023-01-22,50628,3882,Retail,Cash,COUPON016,12.25,AUD
1832,2023-05-14T11:09:04Z,2023-05-14,69537,938,Online,Credit Card,COUPON001,7.09,USD
1833,2024-08-12T07:29:16Z,2024-08-12,33092,1900,Franchise,Cash,COUPON002,25.01,USD
1834,2023-05-25T23:12:46Z,2023-05-25,63827,3291,Online,Gift Card,COUPON002,49.61,EUR
1835,2024-07-15T06:45:51Z,2024-07-15,26236,1378,Franchise,Cash,COUPON047,45.11,USD
1836,2023-05-21T00:44:19Z,2023-05-21,46151,2398,Franchise,Afterpay,COUPON014,36.04,USD
1837,2024-02-05T18:51:13Z,2024-02-05,33930,3286,Franchise,PayPal,COUPON010,39.89,AUD
1838,2023-07-22T17:29:18Z,2023-07-22,56350,541,Online,Gift Card,COUPON008,13.54,AUD
1839,2023-07-30T04:27:51Z,2023-07-30,63602,323,Online,PayPal,COUPON025,31.56,USD
1840,2024-04-15T09:04:51Z,2024-04-15,24118,3856,Retail,Cash,COUPON028,15.98,USD
1841,2023-04-19T17:02:55Z,2023-04-19,23958,6,Online,Credit Card,COUPON043,11.68,USD
1842,2024-03-11T03:14:05Z,2024-03-11,67788,1451,Retail,Credit Card,COUPON002,3.16,USD
1843,2024-07-21T12:21:54Z,2024-07-21,21001,4617,Online,Gift Card,COUPON005,11.02,USD
1844,2024-04-29T05:34:11Z,2024-04-29,77891,69,Franchise,Cash,COUPON007,35.44,USD
1845,2024-05-21T00:16:53Z,2024-05-21,19203,2081,Franchise,PayPal,COUPON039,39.11,EUR
1846,2024-05-29T10:13:47Z,2024-05-29,26549,802,Online,PayPal,COUPON035,28.39,USD
1847,2024-04-28T05:19:55Z,2024-04-28,63441,3421,Online,Afterpay,COUPON045,6.66,AUD
1848,2024-02-20T17:01:13Z,2024-02-20,68417,2097,Retail,Credit Card,COUPON039,47.20,AUD
1849,2023-01-08T20:38:40Z,2023-01-08,77024,505,Retail,Gift Card,COUPON031,4.42,AUD
1850,2023-02-03T07:56:20Z,2023-02-03,16075,3080,Online,PayPal,COUPON043,10.99,EUR
1851,2023-03-28T13:17:53Z,2023-03-28,18588,3682,Online,Credit Card,COUPON033,1.42,USD
1852,2023-10-15T00:58:48Z,2023-10-15,55400,1505,Online,Credit Card,COUPON007,39.29,EUR
1853,2024-07-01T06:49:27Z,2024-07-01,26659,637,Retail,Credit Card,COUPON044,9.66,EUR
1854,2023-08-17T07:14:21Z,2023-08-17,8525,2665,Online,Credit Card,COUPON021,15.29,AUD
1855,2023-10-07T00:58:54Z,2023-10-07,48934,3026,Retail,PayPal,COUPON018,11.43,EUR
1856,2023-05-29T15:23:30Z,2023-05-29,4834,2816,Retail,Credit Card,COUPON046,45.89,AUD
1857,2023-11-29T09:43:33Z,2023-11-29,31018,4329,Franchise,Credit Card,COUPON007,28.27,EUR
1858,2024-03-20T20:10:36Z,2024-03-20,65523,4094,Online,Gift Card,COUPON034,22.10,EUR
1859,2024-09-26T23:50:26Z,2024-09-26,40091,656,Retail,Afterpay,COUPON046,19.77,AUD
1860,2023-12-13T15:58:55Z,2023-12-13,23411,992,Online,PayPal,COUPON045,3.05,USD
1861,2024-05-05T07:10:32Z,2024-05-05,43754,2758,Franchise,Afterpay,COUPON014,28.94,EUR
1862,2024-09-15T12:36:37Z,2024-09-15,10420,1625,Online,Cash,COUPON046,19.52,USD
1863,2024-01-24T05:18:02Z,2024-01-24,3918,677,Franchise,PayPal,COUPON002,41.74,USD
1864,2024-03-17T01:30:41Z,2024-03-17,2043,1863,Online,Cash,COUPON040,39.67,USD
1865,2024-07-29T00:14:40Z,2024-07-29,67875,239,Retail,Afterpay,COUPON037,37.68,USD
1866,2024-04-06T05:45:29Z,2024-04-06,76818,3347,Online,Cash,COUPON020,25.75,AUD
1867,2024-01-18T09:12:11Z,2024-01-18,53501,4054,Online,Afterpay,COUPON022,36.75,EUR
1868,2024-09-30T12:50:33Z,2024-09-30,35858,3130,Retail,Afterpay,COUPON017,41.94,USD
1869,2024-08-01T08:21:14Z,2024-08-01,26906,2727,Franchise,Afterpay,COUPON005,48.00,AUD
1870,2023-02-05T22:52:08Z,2023-02-05,24808,4501,Retail,Credit Card,COUPON028,5.30,EUR
1871,2023-11-13T00:47:06Z,2023-11-13,24943,2509,Franchise,Cash,COUPON030,31.11,AUD
1872,2023-12-25T18:57:03Z,2023-12-25,38698,2594,Online,Credit Card,COUPON031,15.53,AUD
1873,2024-09-28T01:17:32Z,2024-09-28,70767,1055,Retail,PayPal,COUPON049,32.94,EUR
1874,2024-09-06T12:55:19Z,2024-09-06,49373,4133,Online,Afterpay,COUPON014,8.66,AUD
1875,2024-09-13T02:51:40Z,2024-09-13,36357,1610,Franchise,PayPal,COUPON002,42.48,EUR
1876,2023-03-06T13:36:13Z,2023-03-06,81735,5818,Retail,Afterpay,COUPON016,49.44,EUR
1877,2023-09-19T02:42:33Z,2023-09-19,13535,3245,Retail,Gift Card,COUPON025,44.50,AUD
1878,2023-08-23T16:50:24Z,2023-08-23,3617,1571,Online,Cash,COUPON005,12.55,AUD
1879,2023-04-04T07:45:44Z,2023-04-04,46419,3232,Retail,PayPal,COUPON042,37.82,USD
1880,2023-12-31T19:02:20Z,2023-12-31,85369,5479,Online,Gift Card,COUPON046,25.17,USD
1881,2024-08-09T02:46:38Z,2024-08-09,78707,2155,Retail,Afterpay,COUPON035,42.70,EUR
1882,2024-05-25T08:12:25Z,2024-05-25,25245,3120,Franchise,Credit Card,COUPON005,37.09,AUD
1883,2023-01-13T06:13:15Z,2023-01-13,68532,2975,Online,PayPal,COUPON002,35.09,AUD
1884,2023-02-08T05:51:57Z,2023-02-08,50479,275,Franchise,Afterpay,COUPON025,8.62,AUD
1885,2024-06-07T19:44:19Z,2024-06-07,70076,2079,Online,Cash,,5.28,AUD
1886,2023-09-24T17:01:17Z,2023-09-24,74186,1135,Retail,Afterpay,COUPON041,43.06,USD
1887,2023-08-30T18:14:13Z,2023-08-30,73304,2949,Franchise,Cash,COUPON006,40.24,EUR
1888,2024-08-18T14:18:44Z,2024-08-18,20395,426,Retail,Cash,COUPON042,42.11,EUR
1889,2023-12-13T05:06:17Z,2023-12-13,75019,4964,Online,Afterpay,COUPON039,30.34,EUR
1890,2024-08-01T10:09:38Z,2024-08-01,79184,4377,Franchise,Afterpay,COUPON001,46.71,EUR
1891,2023-02-24T04:38:57Z,2023-02-24,12936,3091,Online,Gift Card,COUPON027,2.30,AUD
1892,2023-02-21T15:17:44Z,2023-02-21,50591,4746,Online,Credit Card,COUPON036,42.70,USD
1893,2024-07-11T04:44:01Z,2024-07-11,47994,1801,Online,PayPal,COUPON035,14.64,AUD
1894,2024-01-03T14:18:30Z,2024-01-03,22928,899,Franchise,Gift Card,COUPON025,48.83,EUR
1895,2023-11-29T15:56:34Z,2023-11-29,70529,2304,Franchise,Gift Card,COUPON017,20.43,AUD
1896,2023-08-09T19:48:16Z,2023-08-09,62620,856,Online,PayPal,COUPON032,7.04,EUR
1897,2024-07-23T15:56:33Z,2024-07-23,35109,3397,Franchise,Gift Card,,3.71,AUD
1898,2023-03-31T01:16:31Z,2023-03-31,73036,3304,Online,Credit Card,,27.28,AUD
1899,2023-06-13T15:03:18Z,2023-06-13,63432,2465,Franchise,Afterpay,COUPON042,43.69,AUD
1900,2024-09-28T15:33:22Z,2024-09-28,24345,3957,Retail,Credit Card,COUPON034,1.10,AUD
1901,2023-08-26T22:54:04Z,2023-08-26,31677,4833,Retail,Credit Card,COUPON004,37.54,EUR
1902,2024-09-23T08:42:26Z,2024-09-23,76646,550,Online,Gift Card,COUPON033,34.06,AUD
1903,2023-11-12T08:25:55Z,2023-11-12,32674,4926,Retail,PayPal,COUPON021,26.73,EUR
1904,2024-02-07T09:04:15Z,2024-02-07,1840,1924,Franchise,Cash,COUPON044,7.98,EUR
1905,2023-08-24T07:11:32Z,2023-08-24,10569,2977,Retail,Cash,COUPON042,36.96,AUD
1906,2023-04-14T16:21:43Z,2023-04-14,21042,4680,Online,Credit Card,COUPON036,8.72,EUR
1907,2024-08-14T08:06:27Z,2024-08-14,46487,4906,Online,PayPal,COUPON006,26.75,USD
1908,2024-03-30T23:17:40Z,2024-03-30,30897,3119,Retail,PayPal,COUPON015,36.97,EUR
1909,2023-11-25T01:00:42Z,2023-11-25,44542,1009,Online,Gift Card,COUPON018,39.58,EUR
1910,2024-09-01T02:56:28Z,2024-09-01,79085,4703,Retail,Credit Card,COUPON027,22.69,EUR
1911,2023-03-18T03:00:42Z,2023-03-18,46971,1246,Retail,Gift Card,COUPON031,14.24,EUR
1912,2024-06-02T05:10:08Z,2024-06-02,24673,2302,Retail,Cash,COUPON011,6.20,EUR
1913,2023-06-13T17:50:35Z,2023-06-13,32149,779,Online,Gift Card,COUPON020,46.29,EUR
1914,2023-11-15T07:05:33Z,2023-11-15,65184,2073,Online,Afterpay,COUPON013,1.75,USD
1915,2024-04-14T11:52:16Z,2024-04-14,33919,4557,Franchise,Gift Card,COUPON011,23.19,USD
1916,2024-08-15T16:43:31Z,2024-08-15,35595,1117,Online,Gift Card,COUPON001,41.88,USD
1917,2023-07-29T15:05:11Z,2023-07-29,38845,3261,Franchise,Afterpay,COUPON028,12.16,EUR
1918,2023-01-16T08:54:20Z,2023-01-16,29301,408,Online,Afterpay,COUPON037,15.00,AUD
1919,2023-10-16T08:40:49Z,2023-10-16,22784,1081,Online,Cash,COUPON009,20.61,USD
1920,2023-10-12T18:47:20Z,2023-10-12,63931,546,Online,Cash,COUPON018,28.40,AUD
1921,2024-07-05T18:01:53Z,2024-07-05,62769,3926,Franchise,PayPal,COUPON013,38.81,EUR
1922,2023-10-06T15:36:22Z,2023-10-06,25927,4426,Online,PayPal,COUPON003,36.28,USD
1923,2023-11-25T15:45:59Z,2023-11-25,14612,954,Franchise,Afterpay,COUPON043,44.80,USD
1924,2023-08-24T06:55:23Z,2023-08-24,77866,1970,Retail,Credit Card,COUPON016,27.03,USD
1925,2024-06-20T12:10:36Z,2024-06-20,61204,1237,Franchise,Credit Card,COUPON018,33.09,USD
1926,2024-05-30T16:17:16Z,2024-05-30,79995,1295,Online,Afterpay,COUPON007,8.14,EUR
1927,2024-04-21T15:57:49Z,2024-04-21,42605,1205,Online,Credit Card,COUPON047,10.95,AUD
1928,2023-12-05T21:39:43Z,2023-12-05,53536,4198,Online,Gift Card,COUPON015,46.52,USD
1929,2024-01-14T14:23:15Z,2024-01-14,43675,3094,Online,Credit Card,COUPON010,3.33,EUR
1930,2023-11-24T23:59:43Z,2023-11-24,61965,1149,Franchise,Cash,COUPON045,22.94,AUD
1931,2023-08-02T18:35:58Z,2023-08-02,58375,1288,Franchise,Afterpay,COUPON033,18.27,USD
1932,2023-02-04T17:24:46Z,2023-02-04,29247,11,Retail,Afterpay,COUPON007,17.21,EUR
1933,2024-01-10T07:20:49Z,2024-01-10,40937,4636,Franchise,Cash,COUPON025,36.17,EUR
1934,2023-02-09T23:21:06Z,2023-02-09,72125,2055,Online,Credit Card,COUPON040,36.79,EUR
1935,2023-07-01T10:41:07Z,2023-07-01,49787,3072,Online,Afterpay,COUPON022,14.12,EUR
1936,2024-02-17T12:02:47Z,2024-02-17,69136,2219,Retail,PayPal,COUPON005,15.40,EUR
1937,2024-07-18T12:25:02Z,2024-07-18,58078,1288,Online,PayPal,COUPON008,5.67,EUR
1938,2023-03-19T04:41:02Z,2023-03-19,43427,4371,Online,PayPal,COUPON031,48.78,EUR
1939,2023-06-01T13:37:00Z,2023-06-01,78484,2206,Franchise,Afterpay,COUPON047,46.86,AUD
1940,2023-09-25T12:28:01Z,2023-09-25,4615,2966,Online,Afterpay,COUPON045,27.31,USD
1941,2023-10-28T19:52:38Z,2023-10-28,56588,2299,Online,Credit Card,COUPON016,20.23,EUR
1942,2024-04-22T12:17:24Z,2024-04-22,40124,4192,Franchise,Credit Card,COUPON019,31.29,AUD
1943,2024-04-30T18:09:52Z,2024-04-30,39904,89,Online,Credit Card,COUPON022,16.28,USD
1944,2024-02-11T23:11:58Z,2024-02-11,10045,4709,Online,Afterpay,COUPON036,25.36,AUD
1945,2023-06-26T12:45:09Z,2023-06-26,55046,3474,Franchise,Cash,COUPON008,34.59,AUD
1946,2024-02-20T11:55:54Z,2024-02-20,74655,2189,Online,Afterpay,COUPON002,35.54,USD
1947,2023-07-07T01:38:08Z,2023-07-07,68982,3723,Online,Afterpay,COUPON037,2.72,AUD
1948,2023-10-16T19:25:54Z,2023-10-16,72278,2546,Franchise,Afterpay,COUPON044,31.71,USD
1949,2024-02-17T11:28:29Z,2024-02-17,29663,4085,Retail,PayPal,COUPON040,39.25,AUD
1950,2023-03-06T14:22:55Z,2023-03-06,20649,4926,Franchise,Afterpay,COUPON029,23.14,USD
1951,2023-09-15T13:56:36Z,2023-09-15,47247,4487,Online,Credit Card,COUPON016,11.47,EUR
1952,2023-05-18T22:18:45Z,2023-05-18,55686,2381,Online,Cash,COUPON050,30.17,USD
1953,2023-07-20T05:35:40Z,2023-07-20,71805,4818,Retail,PayPal,COUPON048,28.75,USD
1954,2023-05-24T07:57:51Z,2023-05-24,65391,2516,Retail,Gift Card,COUPON030,48.92,USD
1955,2023-01-27T06:30:11Z,2023-01-27,8572,3113,Online,Gift Card,COUPON050,16.70,EUR
1956,2023-12-21T01:08:11Z,2023-12-21,53233,3112,Online,Credit Card,COUPON042,12.48,EUR
1957,2023-09-19T22:35:32Z,2023-09-19,22397,263,Franchise,Credit Card,COUPON027,47.68,AUD
1958,2023-11-21T17:59:58Z,2023-11-21,64476,2075,Retail,Credit Card,COUPON043,25.61,AUD
1959,2023-06-28T03:50:00Z,2023-06-28,2771,2071,Online,Cash,COUPON049,36.73,USD
1960,2023-06-11T13:50:43Z,2023-06-11,36153,3844,Retail,Credit Card,COUPON007,18.35,AUD
1961,2024-01-02T10:11:33Z,2024-01-02,44019,4219,Retail,Credit Card,COUPON037,14.08,AUD
1962,2023-10-17T02:43:23Z,2023-10-17,13644,177,Franchise,Gift Card,COUPON042,0.24,USD
1963,2023-06-29T13:28:08Z,2023-06-29,47802,312,Retail,Credit Card,COUPON022,25.13,USD
1964,2023-10-31T02:10:21Z,2023-10-31,50493,1588,Retail,Gift Card,COUPON004,45.00,AUD
1965,2024-08-09T05:02:55Z,2024-08-09,31425,1979,Retail,PayPal,COUPON017,42.27,USD
1966,2023-05-13T15:04:01Z,2023-05-13,19674,3522,Retail,Afterpay,COUPON026,14.33,EUR
1967,2024-08-10T11:33:45Z,2024-08-10,20260,3034,Franchise,Afterpay,COUPON039,13.76,USD
1968,2023-06-25T20:13:41Z,2023-06-25,2386,3223,Online,PayPal,COUPON030,27.07,USD
1969,2024-06-02T09:41:32Z,2024-06-02,47936,1641,Retail,Gift Card,COUPON001,4.96,EUR
1970,2024-09-09T04:16:34Z,2024-09-09,69926,2455,Franchise,Credit Card,COUPON049,41.68,USD
1971,2024-07-09T10:09:43Z,2024-07-09,65671,3378,Online,Credit Card,COUPON004,44.37,AUD
1972,2024-04-24T19:16:45Z,2024-04-24,59923,1572,Online,Credit Card,COUPON029,3.61,USD
1973,2024-08-30T20:04:29Z,2024-08-30,38998,1910,Franchise,Afterpay,COUPON018,39.04,USD
1974,2023-02-09T09:27:17Z,2023-02-09,16708,1548,Online,Credit Card,COUPON017,11.79,USD
1975,2023-05-13T01:44:46Z,2023-05-13,59959,3508,Franchise,Credit Card,COUPON017,16.65,USD
1976,2023-09-04T01:34:25Z,2023-09-04,55658,262,Online,PayPal,COUPON037,43.16,USD
1977,2023-08-14T18:05:11Z,2023-08-14,62309,1310,Online,PayPal,COUPON029,25.39,AUD
1978,2023-03-18T12:33:22Z,2023-03-18,28679,4842,Franchise,Credit Card,COUPON006,23.13,USD
1979,2023-05-29T03:51:39Z,2023-05-29,74237,4800,Online,Gift Card,COUPON010,25.00,EUR
1980,2023-11-10T13:07:29Z,2023-11-10,68127,121,Online,PayPal,COUPON016,40.71,USD
1981,2024-05-10T03:20:33Z,2024-05-10,66336,4580,Franchise,Cash,COUPON012,47.42,USD
1982,2024-08-26T00:40:14Z,2024-08-26,27150,3708,Franchise,Afterpay,COUPON003,42.88,EUR
1983,2023-07-05T05:15:30Z,2023-07-05,68082,581,Franchise,Afterpay,COUPON038,17.86,AUD
1984,2024-09-19T10:07:17Z,2024-09-19,59770,1282,Franchise,Afterpay,COUPON011,49.59,EUR
1985,2024-07-28T13:25:00Z,2024-07-28,18548,3162,Retail,PayPal,COUPON025,20.97,AUD
1986,2024-08-21T08:55:25Z,2024-08-21,32434,4290,Online,Cash,COUPON015,1.32,USD
1987,2023-02-05T23:39:10Z,2023-02-05,6546,3703,Online,Credit Card,COUPON004,13.39,USD
1988,2023-09-04T08:53:54Z,2023-09-04,17004,3818,Retail,Gift Card,COUPON015,37.08,EUR
1989,2024-08-28T06:31:43Z,2024-08-28,5203,2320,Retail,Cash,COUPON021,9.26,USD
1990,2023-01-24T05:38:38Z,2023-01-24,70150,2063,Franchise,Cash,COUPON037,8.37,USD
1991,2023-09-30T02:24:25Z,2023-09-30,50774,1275,Online,Credit Card,COUPON047,5.48,EUR
1992,2024-08-29T10:00:04Z,2024-08-29,9611,2621,Franchise,Credit Card,COUPON044,19.39,USD
1993,2023-04-13T02:04:19Z,2023-04-13,67348,198,Online,PayPal,COUPON017,4.99,USD
1994,2023-10-23T12:10:23Z,2023-10-23,50080,3719,Retail,Credit Card,COUPON014,5.16,AUD
1995,2023-10-04T18:03:14Z,2023-10-04,79653,995,Retail,Afterpay,COUPON049,30.64,EUR
1996,2023-03-15T11:29:14Z,2023-03-15,79686,4180,Franchise,Cash,COUPON015,12.95,AUD
1997,2023-10-30T04:06:38Z,2023-10-30,22254,3742,Retail,Afterpay,COUPON040,8.03,AUD
1998,2023-12-13T18:25:38Z,2023-12-13,74553,2698,Online,Credit Card,COUPON042,18.18,EUR
1999,2023-05-13T23:16:20Z,2023-05-13,2610,4430,Online,Credit Card,COUPON019,2.42,USD
2000,2024-01-23T19:57:27Z,2024-01-23,34178,3782,Online,Cash,COUPON027,26.94,EUR
2001,2023-01-11T06:49:53Z,2023-01-11,52887,4353,Online,PayPal,COUPON009,0.17,AUD
2002,2024-04-28T19:10:44Z,2024-04-28,24372,2465,Franchise,Afterpay,,40.90,USD
2003,2024-01-11T08:20:38Z,2024-01-11,52968,618,Online,Credit Card,COUPON026,8.66,USD
2004,2023-07-04T06:02:52Z,2023-07-04,30943,724,Franchise,Afterpay,COUPON001,13.15,EUR
2005,2023-05-08T00:54:31Z,2023-05-08,38098,979,Retail,Cash,COUPON036,3.84,EUR
2006,2024-09-15T10:53:57Z,2024-09-15,57140,2193,Online,Cash,COUPON002,13.78,EUR
2007,2023-03-01T16:04:19Z,2023-03-01,36447,4873,Retail,Gift Card,COUPON001,14.89,AUD
2008,2023-10-24T09:40:54Z,2023-10-24,68768,4070,Online,Gift Card,COUPON046,17.81,AUD
2009,2024-05-20T05:17:32Z,2024-05-20,22990,3649,Retail,Gift Card,COUPON021,20.86,AUD
2010,2024-09-15T15:52:49Z,2024-09-15,37143,3100,Retail,PayPal,COUPON008,40.94,EUR
2011,2023-08-30T13:07:21Z,2023-08-30,74084,4376,Franchise,Gift Card,COUPON001,36.41,AUD
2012,2024-09-02T12:09:38Z,2024-09-02,68980,715,Franchise,Gift Card,COUPON040,40.79,EUR
2013,2024-01-27T08:38:27Z,2024-01-27,48576,1340,Online,Credit Card,COUPON018,22.91,USD
2014,2023-06-20T13:10:10Z,2023-06-20,38948,3302,Retail,Cash,COUPON017,8.27,EUR
2015,2023-03-08T05:56:03Z,2023-03-08,5233,988,Online,PayPal,COUPON026,23.47,AUD
2016,2023-02-09T22:09:58Z,2023-02-09,21403,4670,Franchise,PayPal,COUPON008,18.70,USD
2017,2023-06-05T21:02:42Z,2023-06-05,74114,2512,Retail,PayPal,COUPON036,7.16,USD
2018,2023-08-30T01:41:01Z,2023-08-30,37947,4966,Franchise,Afterpay,COUPON002,15.31,AUD
2019,2024-09-13T14:52:33Z,2024-09-13,34124,4056,Retail,Cash,COUPON012,17.06,EUR
2020,2023-07-20T12:34:30Z,2023-07-20,12949,2590,Online,Gift Card,COUPON003,24.70,AUD
2021,2024-06-30T00:25:19Z,2024-06-30,11336,1556,Retail,Afterpay,COUPON041,7.87,USD
2022,2023-05-18T22:10:58Z,2023-05-18,44112,13,Online,Afterpay,COUPON038,6.29,EUR
2023,2023-09-10T10:35:54Z,2023-09-10,69131,1740,Franchise,Credit Card,COUPON035,20.09,USD
2024,2023-07-04T05:32:20Z,2023-07-04,67291,3283,Retail,Cash,COUPON028,13.51,AUD
2025,2023-10-22T16:04:05Z,2023-10-22,67148,640,Franchise,Credit Card,COUPON024,0.91,EUR
2026,2024-03-20T15:56:35Z,2024-03-20,57936,1782,Franchise,Gift Card,COUPON008,12.79,EUR
2027,2024-05-12T08:08:53Z,2024-05-12,19940,3212,Online,Credit Card,COUPON023,7.53,EUR
2028,2024-04-28T03:15:51Z,2024-04-28,48327,3687,Retail,Gift Card,COUPON041,44.25,EUR
2029,2023-07-23T09:32:34Z,2023-07-23,34550,2607,Franchise,Gift Card,COUPON025,10.32,USD
2030,2024-05-21T07:25:11Z,2024-05-21,38802,3499,Franchise,Gift Card,COUPON026,46.44,USD
2031,2023-03-07T11:34:14Z,2023-03-07,14972,2818,Online,Credit Card,COUPON046,15.41,USD
2032,2023-07-30T07:58:50Z,2023-07-30,48265,1872,Retail,Cash,COUPON006,38.18,AUD
2033,2023-03-15T10:30:34Z,2023-03-15,53333,160,Online,Gift Card,COUPON005,4.29,EUR
2034,2024-05-12T11:29:46Z,2024-05-12,73713,3328,Retail,Afterpay,COUPON032,49.47,USD
2035,2024-04-01T12:14:04Z,2024-04-01,78144,4064,Franchise,Gift Card,COUPON016,4.03,USD
2036,2024-05-01T13:16:24Z,2024-05-01,88088,5549,Franchise,Gift Card,,17.69,AUD
2037,2024-03-16T04:00:11Z,2024-03-16,65642,3065,Franchise,Credit Card,COUPON038,0.45,EUR
2038,2023-09-29T15:28:09Z,2023-09-29,25483,4948,Online,Cash,COUPON009,44.70,AUD
2039,2023-02-24T08:08:12Z,2023-02-24,7137,3848,Online,Credit Card,COUPON029,10.05,USD
2040,2023-05-17T13:04:39Z,2023-05-17,38746,3690,Retail,Credit Card,COUPON033,47.39,AUD
2041,2023-03-07T15:03:32Z,2023-03-07,41251,4828,Franchise,Cash,COUPON038,19.29,USD
2042,2023-07-06T04:37:52Z,2023-07-06,76250,4069,Franchise,Gift Card,COUPON002,33.37,EUR
2043,2023-04-18T06:31:47Z,2023-04-18,22818,3943,Online,Gift Card,COUPON033,34.76,EUR
2044,2023-11-04T16:13:33Z,2023-11-04,12457,32,Online,Cash,COUPON033,49.65,AUD
2045,2024-03-24T16:17:05Z,2024-03-24,27285,1555,Online,Credit Card,COUPON003,34.79,USD
2046,2024-06-22T08:42:15Z,2024-06-22,44847,4749,Online,Gift Card,COUPON035,9.08,EUR
2047,2023-03-28T11:55:06Z,2023-03-28,33660,3989,Retail,Gift Card,COUPON032,15.51,AUD
2048,2024-01-12T13:05:18Z,2024-01-12,38169,3876,Franchise,Gift Card,COUPON034,18.86,EUR
2049,2023-06-05T06:28:35Z,2023-06-05,67022,1847,Online,Cash,COUPON024,11.35,EUR
2050,2023-08-16T12:48:52Z,2023-08-16,3918,1574,Franchise,Gift Card,COUPON009,3.51,AUD
2051,2023-10-03T15:13:08Z,2023-10-03,8182,3707,Franchise,Gift Card,COUPON041,23.79,USD
2052,2024-02-15T10:54:47Z,2024-02-15,74006,668,Retail,PayPal,COUPON035,28.27,AUD
2053,2024-08-19T07:39:32Z,2024-08-19,42140,4084,Online,Cash,COUPON014,48.06,EUR
2054,2024-07-29T05:01:30Z,2024-07-29,19348,772,Online,Credit Card,COUPON018,26.41,EUR
2055,2023-03-11T10:50:30Z,2023-03-11,33837,4910,Franchise,Afterpay,COUPON038,9.58,EUR
2056,2023-05-02T14:22:18Z,2023-05-02,24964,2283,Online,Cash,COUPON007,3.09,EUR
2057,2024-05-03T19:56:56Z,2024-05-03,39690,2190,Retail,Gift Card,COUPON017,14.69,EUR
2058,2023-08-28T19:30:59Z,2023-08-28,41259,857,Franchise,PayPal,COUPON002,7.83,USD
2059,2024-09-08T11:23:11Z,2024-09-08,3957,1,Online,Cash,COUPON030,10.69,AUD
2060,2023-06-04T08:43:41Z,2023-06-04,27788,3299,Retail,PayPal,COUPON023,39.56,EUR
2061,2024-07-28T13:53:13Z,2024-07-28,31923,2652,Retail,Gift Card,COUPON022,22.63,USD
2062,2024-07-02T05:20:24Z,2024-07-02,41784,1656,Franchise,Afterpay,COUPON036,18.61,AUD
2063,2024-04-25T08:46:19Z,2024-04-25,50540,661,Franchise,PayPal,COUPON040,13.20,EUR
2064,2023-10-31T01:31:53Z,2023-10-31,27634,3483,Franchise,Credit Card,COUPON031,11.07,USD
2065,2024-07-31T06:14:38Z,2024-07-31,33281,697,Online,Afterpay,COUPON013,35.75,EUR
2066,2024-06-30T05:09:57Z,2024-06-30,76192,3799,Retail,Credit Card,COUPON009,37.61,USD
2067,2023-05-31T09:15:29Z,2023-05-31,24703,4698,Online,PayPal,COUPON049,47.34,AUD
2068,2024-06-19T12:06:23Z,2024-06-19,13117,1803,Online,Gift Card,COUPON049,31.31,USD
2069,2024-08-18T12:39:23Z,2024-08-18,33610,1979,Online,PayPal,COUPON038,27.73,EUR
2070,2024-04-12T03:10:04Z,2024-04-12,48524,4589,Retail,Afterpay,COUPON037,28.99,AUD
2071,2024-02-04T07:08:49Z,2024-02-04,63802,4299,Online,Cash,COUPON007,47.85,EUR
2072,2024-06-30T00:46:28Z,2024-06-30,38457,3957,Online,Afterpay,COUPON041,1.23,AUD
2073,2024-09-20T07:54:43Z,2024-09-20,44193,3851,Online,Credit Card,COUPON027,10.98,AUD
2074,2024-04-03T12:00:32Z,2024-04-03,53287,2378,Retail,Credit Card,COUPON029,0.47,AUD
2075,2023-08-30T08:45:21Z,2023-08-30,16536,4455,Franchise,Credit Card,COUPON029,44.91,AUD
2076,2023-06-29T16:24:26Z,2023-06-29,56493,1378,Online,Afterpay,COUPON009,37.61,AUD
2077,2023-01-25T12:21:55Z,2023-01-25,18169,3203,Online,Cash,COUPON022,40.28,AUD
2078,2024-03-09T14:25:54Z,2024-03-09,25954,587,Online,Afterpay,COUPON038,41.09,EUR
2079,2024-06-27T22:20:47Z,2024-06-27,1123,1184,Retail,Gift Card,COUPON049,5.29,USD
2080,2023-07-01T12:28:15Z,2023-07-01,31229,4289,Online,Credit Card,COUPON036,1.05,USD
2081,2024-07-07T01:37:01Z,2024-07-07,22073,4443,Online,Cash,COUPON009,16.86,EUR
2082,2023-04-02T10:21:39Z,2023-04-02,29345,1911,Retail,Cash,COUPON041,44.58,AUD
2083,2023-05-26T07:41:22Z,2023-05-26,48045,2572,Online,Afterpay,COUPON017,21.93,USD
2084,2023-01-10T12:57:07Z,2023-01-10,56966,1917,Franchise,Cash,COUPON018,23.37,USD
2085,2024-07-13T09:37:16Z,2024-07-13,71271,1830,Retail,Credit Card,COUPON005,11.41,AUD
2086,2024-07-02T04:23:14Z,2024-07-02,62883,4880,Retail,Gift Card,COUPON032,23.07,EUR
2087,2023-10-14T08:37:29Z,2023-10-14,44070,3117,Online,Cash,COUPON039,19.15,AUD
2088,2023-03-11T23:20:07Z,2023-03-11,70229,4816,Online,PayPal,COUPON029,24.61,USD
2089,2023-02-14T09:29:54Z,2023-02-14,52959,32,Online,Credit Card,COUPON008,21.84,EUR
2090,2023-09-03T05:16:43Z,2023-09-03,44740,4321,Franchise,Gift Card,COUPON036,36.40,EUR
2091,2024-07-01T09:49:15Z,2024-07-01,14358,3281,Retail,PayPal,COUPON015,17.31,USD
2092,2024-09-19T20:22:17Z,2024-09-19,32511,2537,Franchise,Afterpay,COUPON004,21.36,EUR
2093,2024-05-25T10:03:41Z,2024-05-25,79308,4784,Online,PayPal,COUPON040,14.77,USD
2094,2023-10-08T02:30:23Z,2023-10-08,23613,3070,Retail,Cash,COUPON049,12.44,USD
2095,2023-08-06T03:48:15Z,2023-08-06,18365,555,Franchise,Gift Card,COUPON029,26.30,USD
2096,2023-08-23T17:54:34Z,2023-08-23,40471,2819,Online,Cash,COUPON047,46.61,USD
2097,2024-05-13T15:22:10Z,2024-05-13,37239,1351,Retail,Credit Card,COUPON050,19.39,AUD
2098,2023-12-08T10:34:53Z,2023-12-08,4007,345,Retail,PayPal,COUPON027,34.56,USD
2099,2024-06-28T04:03:46Z,2024-06-28,17934,1545,Retail,PayPal,COUPON005,13.80,AUD
2100,2023-09-15T20:32:05Z,2023-09-15,34243,2938,Retail,Credit Card,COUPON048,24.50,AUD
2101,2024-05-13T05:04:39Z,2024-05-13,54653,4777,Franchise,Afterpay,COUPON043,45.83,EUR
2102,2024-02-06T16:44:30Z,2024-02-06,58872,2816,Retail,PayPal,COUPON050,28.14,EUR
2103,2023-06-03T21:01:39Z,2023-06-03,16863,2716,Retail,PayPal,COUPON026,33.06,AUD
2104,2023-04-29T20:54:50Z,2023-04-29,24066,4425,Online,Gift Card,COUPON014,43.81,EUR
2105,2023-01-24T14:33:23Z,2023-01-24,42735,3704,Franchise,Gift Card,COUPON017,12.42,USD
2106,2023-01-24T07:55:11Z,2023-01-24,61244,4059,Retail,Credit Card,COUPON001,5.28,USD
2107,2023-01-19T22:24:24Z,2023-01-19,38711,2272,Franchise,Credit Card,COUPON026,26.03,EUR
2108,2023-07-13T07:59:51Z,2023-07-13,87610,5271,Online,Cash,COUPON024,26.45,EUR
2109,2023-09-28T15:33:09Z,2023-09-28,65866,1095,Retail,Gift Card,COUPON016,35.99,EUR
2110,2023-10-31T17:51:34Z,2023-10-31,29996,1192,Online,PayPal,COUPON010,37.41,EUR
2111,2023-01-09T20:02:07Z,2023-01-09,22123,2229,Retail,Gift Card,COUPON034,31.24,USD
2112,2024-07-20T11:51:59Z,2024-07-20,22268,2189,Online,Afterpay,COUPON022,49.52,AUD
2113,2024-04-06T14:46:59Z,2024-04-06,78881,981,Online,Cash,COUPON009,35.37,EUR
2114,2023-09-06T14:50:49Z,2023-09-06,65697,3573,Franchise,Gift Card,COUPON046,20.21,AUD
2115,2024-04-03T08:50:29Z,2024-04-03,4601,2556,Online,PayPal,COUPON006,17.84,EUR
2116,2023-10-27T18:36:54Z,2023-10-27,61632,4936,Franchise,Afterpay,COUPON044,21.16,AUD
2117,2024-04-01T20:52:34Z,2024-04-01,67170,834,Retail,PayPal,COUPON011,41.86,AUD
2118,2023-11-15T02:12:01Z,2023-11-15,63356,2242,Franchise,Cash,COUPON013,9.52,AUD
2119,2023-07-12T16:27:13Z,2023-07-12,61727,4745,Retail,PayPal,COUPON047,43.98,AUD
2120,2024-07-04T10:41:12Z,2024-07-04,16615,912,Online,Afterpay,COUPON046,4.58,EUR
2121,2024-05-12T03:36:09Z,2024-05-12,79532,4018,Franchise,Credit Card,COUPON004,22.92,USD
2122,2023-03-06T14:23:53Z,2023-03-06,8255,1564,Franchise,Cash,COUPON024,44.85,USD
2123,2023-08-03T15:02:45Z,2023-08-03,47000,3088,Online,Credit Card,COUPON015,42.94,USD
2124,2024-04-21T08:11:32Z,2024-04-21,8845,344,Franchise,Gift Card,COUPON040,2.09,USD
2125,2023-10-04T22:50:26Z,2023-10-04,48552,1640,Retail,PayPal,COUPON009,5.37,AUD
2126,2024-03-08T03:08:36Z,2024-03-08,79243,3880,Online,Credit Card,COUPON010,11.77,AUD
2127,2024-03-20T08:59:37Z,2024-03-20,75157,3617,Franchise,PayPal,COUPON001,10.03,AUD
2128,2024-01-10T15:46:52Z,2024-01-10,23512,4924,Retail,Credit Card,COUPON035,16.24,EUR
2129,2023-05-23T18:14:02Z,2023-05-23,40919,3627,Retail,Cash,COUPON036,32.46,USD
2130,2023-02-26T15:05:39Z,2023-02-26,62564,2082,Franchise,Gift Card,,3.06,USD
2131,2023-01-04T11:37:29Z,2023-01-04,31883,1014,Retail,Credit Card,COUPON029,48.08,AUD
2132,2024-09-25T12:50:31Z,2024-09-25,14894,921,Retail,Cash,COUPON048,30.28,USD
2133,2024-05-31T08:59:39Z,2024-05-31,66993,64,Franchise,Afterpay,COUPON019,48.92,EUR
2134,2024-06-23T13:00:49Z,2024-06-23,31590,539,Online,Gift Card,COUPON033,35.72,AUD
2135,2023-10-30T09:11:50Z,2023-10-30,2078,1618,Online,Cash,COUPON050,22.69,USD
2136,2023-12-10T16:43:45Z,2023-12-10,13281,2327,Retail,Afterpay,COUPON006,35.96,EUR
2137,2023-02-17T17:57:55Z,2023-02-17,56261,3926,Online,Credit Card,COUPON026,39.44,AUD
2138,2023-03-21T22:11:59Z,2023-03-21,63348,2310,Franchise,Afterpay,COUPON035,29.05,EUR
2139,2023-04-20T17:50:55Z,2023-04-20,67122,2363,Retail,Gift Card,COUPON016,41.60,EUR
2140,2024-02-12T11:16:13Z,2024-02-12,58158,481,Retail,Cash,COUPON013,48.86,EUR
2141,2023-03-18T05:10:58Z,2023-03-18,67248,4518,Online,Gift Card,COUPON047,5.82,USD
2142,2024-05-09T16:12:16Z,2024-05-09,8791,1308,Online,Cash,COUPON009,11.12,USD
2143,2023-07-09T03:06:01Z,2023-07-09,15986,3276,Franchise,Gift Card,COUPON027,35.78,EUR
2144,2023-10-27T06:48:06Z,2023-10-27,46103,4802,Retail,Cash,COUPON009,31.63,USD
2145,2024-07-10T09:58:55Z,2024-07-10,20995,265,Online,Gift Card,COUPON007,42.15,USD
2146,2024-04-21T02:22:46Z,2024-04-21,15658,4914,Online,Gift Card,COUPON046,12.17,EUR
2147,2023-05-16T03:07:16Z,2023-05-16,33335,1263,Retail,PayPal,COUPON047,40.97,AUD
2148,2023-04-27T07:41:50Z,2023-04-27,14707,3039,Retail,Credit Card,COUPON044,4.91,USD
2149,2024-05-27T23:24:58Z,2024-05-27,62101,73,Online,Credit Card,,32.20,EUR
2150,2023-01-26T19:42:30Z,2023-01-26,27506,4819,Online,PayPal,COUPON049,35.39,USD
2151,2023-07-12T22:43:48Z,2023-07-12,29600,867,Online,Afterpay,COUPON045,0.09,EUR
2152,2024-09-28T17:56:27Z,2024-09-28,10897,1395,Online,Credit Card,COUPON011,9.13,EUR
2153,2023-07-10T00:01:03Z,2023-07-10,49162,2095,Online,Credit Card,COUPON011,11.50,USD
2154,2023-04-09T04:09:42Z,2023-04-09,68848,4451,Retail,Gift Card,COUPON041,31.49,AUD
2155,2023-11-06T23:04:22Z,2023-11-06,4263,1484,Retail,Gift Card,COUPON027,3.59,EUR
2156,2024-06-28T17:36:48Z,2024-06-28,12726,3863,Online,Gift Card,COUPON024,44.37,AUD
2157,2023-02-25T07:15:36Z,2023-02-25,12893,3841,Online,Credit Card,COUPON043,10.06,USD
2158,2023-07-12T18:04:20Z,2023-07-12,35620,3160,Online,Credit Card,COUPON020,4.67,AUD
2159,2024-08-13T08:13:03Z,2024-08-13,15865,2281,Retail,Credit Card,COUPON003,11.44,EUR
2160,2024-07-26T15:10:58Z,2024-07-26,18850,4323,Franchise,PayPal,COUPON045,22.97,EUR
2161,2023-01-27T23:13:54Z,2023-01-27,53354,1673,Retail,Afterpay,COUPON044,37.54,EUR
2162,2024-03-23T05:48:19Z,2024-03-23,38948,1468,Franchise,Credit Card,COUPON006,21.21,USD
2163,2023-06-14T21:11:30Z,2023-06-14,75849,2680,Online,Afterpay,COUPON028,10.14,AUD
2164,2023-04-17T04:43:15Z,2023-04-17,21092,3443,Online,Credit Card,COUPON036,16.76,EUR
2165,2023-10-29T15:06:20Z,2023-10-29,40827,2952,Retail,PayPal,COUPON006,5.59,USD
2166,2023-03-03T00:29:13Z,2023-03-03,60088,2318,Franchise,Gift Card,COUPON024,1.23,AUD
2167,2024-05-15T16:06:33Z,2024-05-15,1356,1099,Retail,Credit Card,COUPON011,41.08,AUD
2168,2023-12-07T06:53:13Z,2023-12-07,82324,5464,Franchise,Cash,COUPON003,14.43,AUD
2169,2024-09-23T00:07:11Z,2024-09-23,77078,2860,Retail,Cash,COUPON002,49.33,AUD
2170,2024-01-10T01:06:02Z,2024-01-10,62086,22,Retail,Cash,COUPON010,32.50,AUD
2171,2023-02-02T19:07:32Z,2023-02-02,50474,3012,Retail,PayPal,COUPON047,6.85,AUD
2172,2024-07-02T14:29:32Z,2024-07-02,26702,601,Retail,Gift Card,COUPON040,44.37,USD
2173,2024-01-03T06:28:08Z,2024-01-03,24186,1884,Retail,Credit Card,COUPON025,30.61,EUR
2174,2024-07-27T20:49:44Z,2024-07-27,75941,3806,Franchise,Afterpay,COUPON007,35.85,AUD
2175,2024-04-17T23:28:36Z,2024-04-17,15206,539,Franchise,Cash,COUPON048,42.75,EUR
2176,2023-08-23T03:36:40Z,2023-08-23,79646,3121,Online,Credit Card,COUPON019,27.01,AUD
2177,2023-01-06T19:24:27Z,2023-01-06,65592,290,Online,PayPal,COUPON013,18.30,USD
2178,2023-06-20T16:33:19Z,2023-06-20,33740,4499,Retail,Gift Card,COUPON022,10.80,USD
2179,2023-05-13T01:36:42Z,2023-05-13,77638,4612,Franchise,Gift Card,COUPON007,24.97,EUR
2180,2023-10-13T13:35:06Z,2023-10-13,14098,2970,Retail,Credit Card,COUPON001,21.16,USD
2181,2024-09-26T09:57:29Z,2024-09-26,42804,336,Retail,Gift Card,COUPON024,6.28,AUD
2182,2024-04-19T04:16:22Z,2024-04-19,41405,2646,Franchise,Gift Card,COUPON015,37.04,EUR
2183,2024-09-02T15:42:48Z,2024-09-02,4760,3863,Online,Cash,COUPON008,44.37,AUD
2184,2023-10-28T18:57:43Z,2023-10-28,32816,2491,Online,Gift Card,COUPON019,46.40,AUD
2185,2024-02-16T01:26:59Z,2024-02-16,61486,663,Retail,PayPal,,10.44,AUD
2186,2024-02-18T11:06:23Z,2024-02-18,21761,3784,Online,PayPal,COUPON033,48.24,AUD
2187,2024-06-03T02:51:52Z,2024-06-03,74674,4389,Online,Credit Card,COUPON030,4.59,AUD
2188,2024-06-24T10:13:16Z,2024-06-24,10626,1072,Franchise,Credit Card,COUPON022,43.79,AUD
2189,2023-01-16T14:47:50Z,2023-01-16,78734,271,Retail,Gift Card,COUPON044,47.10,AUD
2190,2023-05-31T00:44:01Z,2023-05-31,39100,4356,Franchise,Afterpay,COUPON008,6.40,AUD
2191,2024-06-20T16:43:45Z,2024-06-20,78254,1145,Franchise,Cash,COUPON004,5.52,EUR
2192,2023-03-25T05:41:33Z,2023-03-25,38067,2292,Online,PayPal,COUPON011,45.68,USD
2193,2024-02-15T21:33:17Z,2024-02-15,68993,3018,Franchise,Afterpay,COUPON025,8.68,USD
2194,2023-05-21T00:41:44Z,2023-05-21,74621,3124,Online,Cash,COUPON005,33.67,AUD
2195,2024-08-30T18:33:50Z,2024-08-30,19097,2814,Online,Gift Card,COUPON041,37.37,AUD
2196,2023-11-01T02:00:11Z,2023-11-01,30826,4291,Online,Afterpay,COUPON041,3.06,USD
2197,2024-09-05T14:00:42Z,2024-09-05,7754,2117,Retail,Credit Card,COUPON007,12.08,AUD
2198,2024-02-02T19:47:57Z,2024-02-02,57791,3975,Franchise,Credit Card,COUPON036,17.12,AUD
2199,2023-06-04T22:21:46Z,2023-06-04,25741,2062,Retail,Cash,COUPON029,32.30,AUD
2200,2024-05-11T11:29:03Z,2024-05-11,21307,2664,Online,Gift Card,COUPON034,16.51,AUD
2201,2024-01-19T01:13:59Z,2024-01-19,79823,1874,Retail,Cash,COUPON008,8.56,USD
2202,2023-06-30T23:35:19Z,2023-06-30,4662,446,Franchise,Credit Card,COUPON029,26.56,AUD
2203,2023-01-31T17:13:29Z,2023-01-31,6602,4030,Retail,PayPal,COUPON040,4.24,AUD
2204,2023-04-07T16:12:29Z,2023-04-07,75729,3748,Franchise,Credit Card,COUPON044,7.11,USD
2205,2024-08-24T12:43:39Z,2024-08-24,22168,4406,Franchise,Gift Card,COUPON049,16.45,EUR
2206,2023-12-19T23:00:24Z,2023-12-19,16215,3854,Franchise,Cash,COUPON045,5.90,AUD
2207,2024-07-27T16:59:53Z,2024-07-27,9234,4822,Retail,Afterpay,COUPON002,7.70,AUD
2208,2024-01-04T17:05:52Z,2024-01-04,53537,1798,Retail,PayPal,COUPON017,13.09,AUD
2209,2023-03-28T00:47:03Z,2023-03-28,74225,2467,Franchise,Cash,COUPON050,34.29,AUD
2210,2023-02-11T20:36:11Z,2023-02-11,2214,3188,Franchise,Gift Card,COUPON039,30.85,EUR
2211,2023-09-23T03:40:43Z,2023-09-23,44247,1494,Online,Gift Card,COUPON003,15.90,USD
2212,2023-07-30T09:20:49Z,2023-07-30,43175,2753,Retail,Afterpay,COUPON041,39.54,USD
2213,2024-04-19T12:11:08Z,2024-04-19,8923,4389,Online,Credit Card,COUPON022,32.10,USD
2214,2023-10-27T03:25:03Z,2023-10-27,70799,676,Online,Cash,COUPON041,40.61,EUR
2215,2023-03-04T15:25:37Z,2023-03-04,31039,1129,Franchise,Afterpay,COUPON007,3.23,EUR
2216,2024-06-04T08:58:44Z,2024-06-04,75804,3692,Retail,PayPal,COUPON018,46.80,AUD
2217,2024-08-18T10:39:24Z,2024-08-18,65429,4442,Franchise,PayPal,COUPON022,41.89,USD
2218,2023-04-12T15:37:18Z,2023-04-12,25381,3890,Franchise,Cash,COUPON038,3.67,EUR
2219,2024-04-25T02:04:29Z,2024-04-25,63150,2620,Franchise,Cash,COUPON042,35.29,EUR
2220,2024-03-25T08:36:10Z,2024-03-25,8080,4406,Online,Afterpay,COUPON022,19.50,USD
2221,2024-06-03T18:41:15Z,2024-06-03,65557,583,Franchise,Gift Card,COUPON032,32.05,USD
2222,2023-09-03T14:04:11Z,2023-09-03,77712,1493,Retail,Cash,COUPON045,24.38,USD
2223,2023-03-13T09:11:15Z,2023-03-13,52568,1259,Online,Gift Card,COUPON032,34.25,AUD
2224,2024-08-19T16:16:02Z,2024-08-19,33167,2672,Online,Credit Card,COUPON021,44.10,EUR
2225,2024-08-17T09:19:30Z,2024-08-17,2059,336,Online,Credit Card,COUPON013,22.99,AUD
2226,2024-06-18T11:19:25Z,2024-06-18,62070,3356,Online,Credit Card,COUPON028,35.58,EUR
2227,2023-12-31T04:56:25Z,2023-12-31,46374,2694,Franchise,Afterpay,COUPON022,1.44,AUD
2228,2023-02-28T07:26:16Z,2023-02-28,38920,4932,Online,Afterpay,COUPON037,48.33,USD
2229,2024-03-16T08:42:29Z,2024-03-16,77038,4503,Retail,Cash,COUPON017,20.58,USD
2230,2023-10-26T02:06:04Z,2023-10-26,60557,3883,Retail,Gift Card,COUPON026,15.81,EUR
2231,2024-07-20T03:15:29Z,2024-07-20,24711,2656,Online,Afterpay,COUPON032,0.11,EUR
2232,2023-03-23T13:22:58Z,2023-03-23,78700,3767,Franchise,Credit Card,COUPON045,24.58,EUR
2233,2024-06-25T12:54:56Z,2024-06-25,57080,4183,Online,PayPal,COUPON025,37.97,USD
2234,2023-05-16T12:06:14Z,2023-05-16,11004,3496,Franchise,Afterpay,COUPON021,31.34,USD
2235,2023-11-09T14:15:46Z,2023-11-09,42387,2316,Retail,Gift Card,COUPON029,10.91,AUD
2236,2023-12-03T15:14:08Z,2023-12-03,71187,522,Online,Afterpay,COUPON048,3.41,EUR
2237,2023-03-31T16:25:51Z,2023-03-31,47303,4005,Retail,Cash,COUPON039,6.58,EUR
2238,2023-02-23T14:28:28Z,2023-02-23,78346,407,Retail,Cash,COUPON040,41.72,USD
2239,2024-07-04T17:55:27Z,2024-07-04,59429,3117,Franchise,PayPal,COUPON043,29.74,EUR
2240,2024-02-15T07:58:20Z,2024-02-15,1047,564,Online,Afterpay,,35.92,EUR
2241,2024-01-21T09:41:17Z,2024-01-21,54643,4793,Online,Cash,COUPON047,27.61,EUR
2242,2024-09-02T06:38:33Z,2024-09-02,39502,4822,Online,PayPal,COUPON046,32.66,AUD
2243,2023-01-07T20:37:27Z,2023-01-07,54719,3601,Franchise,Cash,COUPON011,9.33,AUD
2244,2024-04-02T19:27:52Z,2024-04-02,33464,1144,Online,Cash,COUPON023,18.21,USD
2245,2023-05-28T22:11:41Z,2023-05-28,72758,2144,Online,Cash,COUPON024,39.00,AUD
2246,2024-03-21T01:55:08Z,2024-03-21,63890,244,Online,Afterpay,COUPON050,18.76,AUD
2247,2023-05-04T14:41:43Z,2023-05-04,14189,2084,Online,Cash,COUPON011,46.25,USD
2248,2023-09-06T16:35:52Z,2023-09-06,62302,1943,Retail,PayPal,COUPON004,37.14,EUR
2249,2023-11-01T10:12:28Z,2023-11-01,64962,1095,Franchise,PayPal,COUPON030,35.99,EUR
2250,2023-06-06T20:37:07Z,2023-06-06,57057,3425,Online,Cash,COUPON034,41.12,AUD
2251,2023-01-17T13:49:49Z,2023-01-17,5168,3247,Online,PayPal,COUPON021,49.24,EUR
2252,2023-03-14T00:04:26Z,2023-03-14,34499,722,Franchise,Gift Card,COUPON021,33.00,EUR
2253,2024-08-31T10:57:02Z,2024-08-31,7072,1581,Retail,Cash,COUPON042,37.20,EUR
2254,2023-02-23T08:30:56Z,2023-02-23,49423,4288,Online,Cash,COUPON037,32.89,EUR
2255,2023-05-23T22:48:39Z,2023-05-23,30658,702,Online,Gift Card,COUPON010,8.08,EUR
2256,2024-06-25T20:13:59Z,2024-06-25,21723,3161,Franchise,Credit Card,COUPON014,43.92,USD
2257,2024-03-22T05:36:46Z,2024-03-22,23169,2389,Franchise,Credit Card,COUPON050,44.31,USD
2258,2023-01-18T08:43:48Z,2023-01-18,14515,1224,Retail,Cash,COUPON028,22.83,EUR
2259,2023-11-29T02:26:16Z,2023-11-29,30714,644,Retail,PayPal,COUPON012,12.54,EUR
2260,2023-09-02T16:01:16Z,2023-09-02,32535,1120,Online,Cash,COUPON018,13.25,EUR
2261,2023-09-11T22:51:35Z,2023-09-11,48693,461,Retail,PayPal,COUPON046,3.19,EUR
2262,2023-10-19T08:19:08Z,2023-10-19,43807,2095,Online,Credit Card,COUPON025,4.88,EUR
2263,2023-03-04T10:52:42Z,2023-03-04,19852,1554,Online,Credit Card,COUPON048,3.47,EUR
2264,2023-07-05T05:06:25Z,2023-07-05,11730,4292,Franchise,Afterpay,COUPON047,28.28,EUR
2265,2023-06-06T13:36:23Z,2023-06-06,5820,1939,Online,Gift Card,COUPON017,3.07,AUD
2266,2024-03-06T14:24:23Z,2024-03-06,45155,3529,Online,PayPal,COUPON026,17.01,USD
2267,2023-02-24T19:18:05Z,2023-02-24,62206,1922,Retail,PayPal,COUPON037,40.55,AUD
2268,2023-12-06T16:34:15Z,2023-12-06,45750,2956,Retail,PayPal,COUPON029,3.64,AUD
2269,2023-05-05T09:13:19Z,2023-05-05,1202,1583,Retail,Cash,COUPON039,33.40,EUR
2270,2023-02-17T06:42:56Z,2023-02-17,12434,500,Retail,PayPal,COUPON025,21.28,AUD
2271,2023-10-06T16:23:45Z,2023-10-06,24296,3010,Online,PayPal,COUPON036,35.45,AUD
2272,2024-05-19T11:37:41Z,2024-05-19,60073,4475,Retail,Gift Card,COUPON007,10.44,USD
2273,2024-09-18T01:14:17Z,2024-09-18,37281,1699,Retail,Gift Card,COUPON016,9.49,USD
2274,2023-07-11T09:34:27Z,2023-07-11,5046,3289,Franchise,Gift Card,,31.93,EUR
2275,2023-11-30T17:17:13Z,2023-11-30,51039,1951,Franchise,Gift Card,COUPON046,21.60,AUD
2276,2024-09-05T06:02:57Z,2024-09-05,40998,874,Online,Afterpay,COUPON050,33.55,AUD
2277,2023-01-06T01:47:19Z,2023-01-06,35385,2002,Online,PayPal,COUPON030,19.13,USD
2278,2023-03-06T16:30:29Z,2023-03-06,45883,1706,Online,Cash,COUPON013,48.69,EUR
2279,2023-06-21T05:41:53Z,2023-06-21,51706,2442,Online,Cash,COUPON037,47.82,EUR
2280,2023-02-13T07:43:17Z,2023-02-13,43417,3286,Online,Afterpay,COUPON033,25.11,USD
2281,2023-01-19T23:24:43Z,2023-01-19,45943,102,Online,Cash,COUPON033,32.34,EUR
2282,2023-03-02T01:57:37Z,2023-03-02,38027,4482,Online,Afterpay,COUPON038,32.84,USD
2283,2023-08-17T19:06:11Z,2023-08-17,13014,2433,Online,Afterpay,COUPON022,44.60,AUD
2284,2024-09-15T16:42:20Z,2024-09-15,72448,3695,Retail,Credit Card,COUPON039,14.37,USD
2285,2024-03-21T19:03:42Z,2024-03-21,41310,3511,Franchise,Credit Card,COUPON004,2.56,USD
2286,2024-09-26T04:06:34Z,2024-09-26,63599,830,Online,PayPal,COUPON033,24.40,EUR
2287,2024-07-13T23:34:19Z,2024-07-13,22895,4531,Online,Credit Card,COUPON037,11.10,EUR
2288,2023-01-23T07:33:32Z,2023-01-23,59299,4351,Online,Credit Card,COUPON038,0.94,EUR
2289,2023-07-25T19:19:46Z,2023-07-25,73205,1615,Online,Afterpay,COUPON014,4.51,EUR
2290,2023-07-30T01:38:29Z,2023-07-30,1036,1755,Retail,Credit Card,COUPON043,17.16,AUD
2291,2024-01-17T18:10:47Z,2024-01-17,63479,1458,Online,PayPal,COUPON025,39.77,USD
2292,2023-04-18T14:14:05Z,2023-04-18,23117,4912,Online,Credit Card,COUPON035,4.41,EUR
2293,2023-02-05T19:36:20Z,2023-02-05,44352,3094,Retail,Credit Card,COUPON014,49.62,USD
2294,2024-07-03T08:54:46Z,2024-07-03,59515,3095,Online,Gift Card,COUPON048,40.95,AUD
2295,2023-03-24T20:21:35Z,2023-03-24,35048,2935,Retail,PayPal,COUPON044,33.56,AUD
2296,2023-04-09T19:31:32Z,2023-04-09,45697,3556,Franchise,Afterpay,COUPON030,17.59,EUR
2297,2024-09-14T04:02:33Z,2024-09-14,3021,2780,Online,Credit Card,COUPON017,34.43,AUD
2298,2023-03-17T04:53:51Z,2023-03-17,87691,5800,Franchise,Afterpay,COUPON044,47.91,AUD
2299,2024-05-19T16:03:59Z,2024-05-19,34406,1618,Online,Cash,COUPON007,30.75,EUR
2300,2024-02-25T14:44:50Z,2024-02-25,75684,3291,Online,PayPal,COUPON014,18.65,USD
2301,2023-01-15T13:55:51Z,2023-01-15,15840,3518,Retail,PayPal,COUPON038,33.56,USD
2302,2023-01-23T18:45:17Z,2023-01-23,52337,2006,Franchise,Credit Card,COUPON034,21.15,AUD
2303,2023-12-04T22:54:30Z,2023-12-04,182,479,Online,Afterpay,COUPON048,2.70,EUR
2304,2023-08-12T03:25:43Z,2023-08-12,81130,5126,Franchise,Afterpay,COUPON050,36.09,USD
2305,2024-09-21T01:34:03Z,2024-09-21,79114,2946,Retail,Cash,COUPON045,47.80,USD
2306,2023-10-24T20:49:17Z,2023-10-24,40556,2972,Retail,Credit Card,COUPON008,47.40,EUR
2307,2023-03-19T15:56:22Z,2023-03-19,53083,6,Franchise,PayPal,COUPON047,36.26,USD
2308,2023-07-21T20:05:55Z,2023-07-21,35358,3310,Franchise,Afterpay,COUPON044,34.75,EUR
2309,2023-12-19T15:03:19Z,2023-12-19,75604,2120,Online,Afterpay,COUPON026,36.10,USD
2310,2023-12-13T13:37:18Z,2023-12-13,47090,2288,Retail,Credit Card,COUPON047,12.43,USD
2311,2024-01-18T17:47:49Z,2024-01-18,9267,205,Retail,PayPal,COUPON034,44.43,EUR
2312,2024-05-14T19:34:01Z,2024-05-14,27596,2600,Retail,Cash,COUPON049,3.64,EUR
2313,2024-08-13T02:52:24Z,2024-08-13,34337,327,Retail,PayPal,COUPON046,6.82,AUD
2314,2023-08-11T15:28:45Z,2023-08-11,20757,2413,Retail,PayPal,COUPON047,3.72,EUR
2315,2024-06-12T15:36:31Z,2024-06-12,20062,2906,Franchise,Credit Card,COUPON034,13.07,EUR
2316,2023-11-11T21:01:34Z,2023-11-11,18025,365,Retail,Afterpay,COUPON040,48.08,USD
2317,2024-09-21T18:42:13Z,2024-09-21,36071,3012,Online,Credit Card,COUPON008,43.84,AUD
2318,2024-04-13T17:50:50Z,2024-04-13,45684,953,Franchise,Afterpay,COUPON014,27.81,USD
2319,2023-04-04T09:02:04Z,2023-04-04,6161,2517,Franchise,Afterpay,COUPON017,17.96,USD
2320,2024-01-12T02:47:36Z,2024-01-12,54816,2427,Retail,Afterpay,COUPON005,17.35,EUR
2321,2023-03-15T03:48:44Z,2023-03-15,72729,181,Online,Cash,COUPON021,49.13,USD
2322,2024-01-26T01:30:25Z,2024-01-26,43801,1426,Franchise,Cash,COUPON021,15.18,USD
2323,2023-04-04T04:32:38Z,2023-04-04,43725,1831,Franchise,PayPal,COUPON003,9.61,AUD
2324,2023-01-09T06:19:41Z,2023-01-09,37579,1741,Franchise,Credit Card,COUPON012,22.30,EUR
2325,2023-04-14T00:32:13Z,2023-04-14,44542,3465,Online,Cash,COUPON039,48.86,EUR
2326,2024-01-17T21:07:21Z,2024-01-17,21092,230,Franchise,PayPal,COUPON001,31.75,USD
2327,2023-09-13T03:29:42Z,2023-09-13,85748,5866,Online,PayPal,COUPON017,14.95,USD
2328,2024-01-15T13:12:05Z,2024-01-15,61690,2150,Online,PayPal,COUPON005,1.64,AUD
2329,2024-08-12T10:41:31Z,2024-08-12,32795,4530,Franchise,Cash,COUPON030,1.50,AUD
2330,2024-05-26T05:43:39Z,2024-05-26,20977,2827,Retail,PayPal,COUPON010,9.65,USD
2331,2024-03-14T06:47:33Z,2024-03-14,21981,2345,Online,Gift Card,COUPON041,49.01,USD
2332,2023-08-11T21:40:30Z,2023-08-11,46493,1293,Franchise,Cash,COUPON011,8.05,AUD
2333,2023-12-19T09:49:13Z,2023-12-19,68245,3380,Retail,Afterpay,,39.40,AUD
2334,2024-02-21T05:48:20Z,2024-02-21,40065,2289,Online,Credit Card,COUPON036,43.75,AUD
2335,2023-05-28T17:37:55Z,2023-05-28,76233,2493,Franchise,Gift Card,COUPON032,27.67,EUR
2336,2024-04-09T13:11:51Z,2024-04-09,5217,4714,Franchise,Credit Card,COUPON042,19.75,EUR
2337,2023-12-05T10:30:51Z,2023-12-05,24401,4034,Online,Credit Card,COUPON006,6.23,AUD
2338,2023-06-12T22:19:44Z,2023-06-12,24775,3637,Franchise,Gift Card,COUPON049,8.13,AUD
2339,2024-02-02T07:35:50Z,2024-02-02,56255,2618,Online,Cash,COUPON042,24.82,EUR
2340,2023-08-31T00:52:50Z,2023-08-31,68336,4987,Franchise,PayPal,COUPON026,18.17,USD
2341,2024-07-12T15:31:54Z,2024-07-12,69474,1308,Retail,Gift Card,COUPON031,38.97,USD
2342,2024-05-27T08:08:01Z,2024-05-27,27954,2955,Retail,Credit Card,COUPON037,19.99,EUR
2343,2024-02-04T17:31:15Z,2024-02-04,8010,758,Franchise,PayPal,COUPON013,49.56,AUD
2344,2023-04-09T17:08:00Z,2023-04-09,57147,3090,Online,Gift Card,COUPON044,36.13,EUR
2345,2023-07-02T17:37:07Z,2023-07-02,44278,4071,Retail,Cash,COUPON017,13.19,USD
2346,2024-09-11T21:30:47Z,2024-09-11,38544,4328,Retail,Cash,COUPON039,2.24,AUD
2347,2024-03-02T15:59:10Z,2024-03-02,7096,4145,Retail,Afterpay,COUPON025,49.37,EUR
2348,2023-03-25T02:43:43Z,2023-03-25,74879,1585,Online,Gift Card,COUPON033,43.18,USD
2349,2023-08-10T17:11:44Z,2023-08-10,63884,4222,Retail,Cash,COUPON014,25.57,AUD
2350,2023-06-24T12:32:25Z,2023-06-24,63972,2805,Franchise,Gift Card,COUPON018,2.24,USD
2351,2024-03-03T14:43:52Z,2024-03-03,36726,4425,Franchise,PayPal,COUPON003,26.47,AUD
2352,2024-07-11T15:56:50Z,2024-07-11,41654,614,Franchise,Gift Card,COUPON025,31.73,USD
2353,2024-08-20T17:04:03Z,2024-08-20,73608,761,Retail,Credit Card,COUPON006,11.73,USD
2354,2023-01-26T14:58:29Z,2023-01-26,17104,1665,Franchise,PayPal,COUPON007,26.39,USD
2355,2023-02-22T11:39:06Z,2023-02-22,34655,3879,Retail,PayPal,COUPON035,46.81,EUR
2356,2023-06-30T16:39:56Z,2023-06-30,39833,2292,Franchise,Gift Card,COUPON014,28.69,EUR
2357,2023-06-29T09:13:35Z,2023-06-29,78288,438,Retail,Credit Card,COUPON006,30.96,USD
2358,2023-03-20T23:30:18Z,2023-03-20,45327,970,Retail,Credit Card,COUPON028,26.49,EUR
2359,2024-01-25T23:44:33Z,2024-01-25,13269,540,Online,Afterpay,COUPON028,2.84,USD
2360,2023-12-16T12:27:11Z,2023-12-16,21210,62,Retail,Cash,COUPON048,45.84,EUR
2361,2023-11-19T20:19:37Z,2023-11-19,53813,4656,Retail,PayPal,COUPON011,47.41,USD
2362,2024-04-20T09:15:49Z,2024-04-20,41134,868,Online,PayPal,COUPON050,22.96,EUR
2363,2023-06-02T18:59:59Z,2023-06-02,882,4010,Online,PayPal,COUPON041,20.18,AUD
2364,2024-07-14T09:38:10Z,2024-07-14,61944,1391,Online,Gift Card,COUPON020,37.13,AUD
2365,2023-02-14T07:55:47Z,2023-02-14,49123,4027,Franchise,Credit Card,COUPON049,39.73,USD
2366,2023-05-27T16:09:22Z,2023-05-27,13962,2747,Franchise,Afterpay,COUPON050,13.17,USD
2367,2024-01-14T05:48:47Z,2024-01-14,44643,4590,Online,Gift Card,COUPON041,3.72,EUR
2368,2023-12-20T14:44:27Z,2023-12-20,5456,2181,Online,Cash,COUPON050,48.54,AUD
2369,2024-09-04T23:27:14Z,2024-09-04,62718,1402,Online,Credit Card,COUPON001,27.00,USD
2370,2024-01-19T02:52:30Z,2024-01-19,3666,1813,Franchise,Cash,COUPON034,25.62,USD
2371,2024-03-31T20:59:36Z,2024-03-31,34598,3038,Online,Cash,COUPON022,1.70,USD
2372,2024-05-23T10:53:58Z,2024-05-23,64715,3134,Retail,Afterpay,COUPON042,43.83,AUD
2373,2023-12-06T07:02:32Z,2023-12-06,68478,3229,Online,Credit Card,COUPON019,35.52,EUR
2374,2023-06-13T00:36:00Z,2023-06-13,19470,294,Franchise,Afterpay,COUPON047,41.82,EUR
2375,2023-05-30T08:35:01Z,2023-05-30,27533,4886,Online,Credit Card,COUPON013,10.23,EUR
2376,2023-09-04T12:05:04Z,2023-09-04,74390,3550,Online,Afterpay,,0.82,USD
2377,2023-05-29T07:44:16Z,2023-05-29,60912,669,Retail,Afterpay,COUPON025,8.34,USD
2378,2023-06-14T06:40:14Z,2023-06-14,50401,3524,Franchise,PayPal,COUPON004,45.49,AUD
2379,2024-02-14T08:30:36Z,2024-02-14,78564,1199,Franchise,Afterpay,COUPON047,5.01,USD
2380,2024-05-24T00:44:04Z,2024-05-24,69675,2574,Retail,Cash,COUPON032,6.92,AUD
2381,2023-11-07T05:57:34Z,2023-11-07,8352,229,Franchise,PayPal,COUPON002,8.28,USD
2382,2023-07-19T22:51:51Z,2023-07-19,16774,645,Retail,Gift Card,COUPON021,33.31,USD
2383,2024-06-03T05:41:17Z,2024-06-03,59,2930,Online,Credit Card,COUPON047,2.95,EUR
2384,2024-08-31T16:46:01Z,2024-08-31,42616,211,Franchise,PayPal,COUPON022,33.32,EUR
2385,2023-07-11T00:13:03Z,2023-07-11,77040,4085,Franchise,Cash,COUPON019,29.11,AUD
2386,2023-10-23T03:22:45Z,2023-10-23,68933,2503,Franchise,Cash,COUPON040,26.31,EUR
2387,2023-07-07T00:17:12Z,2023-07-07,12687,142,Franchise,Afterpay,COUPON032,13.82,AUD
2388,2024-03-21T05:14:32Z,2024-03-21,22201,1751,Franchise,Afterpay,COUPON043,25.39,AUD
2389,2023-06-07T09:49:53Z,2023-06-07,48456,2527,Online,Credit Card,COUPON012,16.61,USD
2390,2023-11-30T00:46:02Z,2023-11-30,28501,4098,Franchise,Credit Card,COUPON001,40.04,EUR
2391,2023-10-15T06:59:40Z,2023-10-15,12479,219,Online,Gift Card,COUPON047,16.23,AUD
2392,2024-07-01T21:20:00Z,2024-07-01,6155,573,Franchise,Gift Card,COUPON003,22.00,EUR
2393,2023-02-18T00:49:40Z,2023-02-18,65893,1962,Retail,Gift Card,COUPON039,23.80,USD
2394,2024-01-25T12:43:51Z,2024-01-25,53501,2048,Online,PayPal,COUPON050,22.55,EUR
2395,2024-03-31T13:33:22Z,2024-03-31,28442,4140,Franchise,PayPal,COUPON012,43.46,USD
2396,2024-07-31T13:05:31Z,2024-07-31,65768,3123,Online,PayPal,COUPON002,18.02,USD
2397,2023-03-06T15:29:36Z,2023-03-06,21975,2879,Franchise,Cash,COUPON041,5.63,EUR
2398,2024-06-09T15:22:06Z,2024-06-09,77397,2408,Online,PayPal,COUPON024,36.43,AUD
2399,2023-10-05T09:52:20Z,2023-10-05,76273,2332,Franchise,Credit Card,COUPON034,21.34,USD
2400,2023-07-25T05:20:06Z,2023-07-25,58708,1449,Online,Credit Card,COUPON015,28.46,EUR
2401,2023-01-21T13:28:10Z,2023-01-21,51732,2459,Retail,Cash,COUPON043,42.70,USD
2402,2023-01-18T23:18:49Z,2023-01-18,18989,2313,Retail,Credit Card,COUPON002,24.52,AUD
2403,2023-11-10T13:22:34Z,2023-11-10,6208,3361,Retail,Afterpay,COUPON037,27.12,EUR
2404,2023-07-02T21:42:01Z,2023-07-02,78231,4569,Online,PayPal,COUPON039,40.08,USD
2405,2024-07-09T16:25:36Z,2024-07-09,42673,1048,Retail,PayPal,COUPON034,27.04,USD
2406,2023-06-26T15:31:41Z,2023-06-26,66528,4515,Online,Cash,COUPON037,21.13,AUD
2407,2024-01-30T14:58:42Z,2024-01-30,78257,636,Franchise,PayPal,COUPON038,30.52,AUD
2408,2024-06-14T00:12:27Z,2024-06-14,24805,1844,Online,Afterpay,COUPON002,38.56,EUR
2409,2024-05-24T17:35:26Z,2024-05-24,57122,392,Online,PayPal,COUPON002,37.78,EUR
2410,2023-09-03T23:07:07Z,2023-09-03,9836,835,Retail,Afterpay,COUPON023,39.89,AUD
2411,2023-06-26T19:49:27Z,2023-06-26,74976,2456,Retail,Afterpay,COUPON007,7.82,EUR
2412,2024-09-04T07:23:10Z,2024-09-04,16376,2572,Online,Credit Card,COUPON050,30.45,EUR
2413,2024-09-19T04:41:17Z,2024-09-19,26105,4238,Online,Afterpay,COUPON031,26.75,USD
2414,2023-05-15T03:21:47Z,2023-05-15,57380,679,Online,Credit Card,COUPON018,36.29,AUD
2415,2023-11-04T19:04:03Z,2023-11-04,32571,4830,Franchise,Credit Card,COUPON026,49.21,AUD
2416,2024-05-26T23:22:33Z,2024-05-26,9483,934,Franchise,Gift Card,COUPON044,46.50,AUD
2417,2023-10-25T00:13:31Z,2023-10-25,67746,1964,Retail,Credit Card,COUPON006,46.70,USD
2418,2024-07-18T02:36:27Z,2024-07-18,7063,2095,Retail,Cash,COUPON030,33.49,USD
2419,2023-07-01T00:40:25Z,2023-07-01,24335,2454,Retail,Gift Card,COUPON022,9.86,AUD
2420,2024-07-10T15:19:50Z,2024-07-10,56445,4314,Online,Gift Card,COUPON022,24.05,AUD
2421,2023-02-27T06:37:43Z,2023-02-27,8754,4010,Franchise,Afterpay,COUPON035,49.24,USD
2422,2023-05-13T16:20:06Z,2023-05-13,46970,2919,Retail,Afterpay,COUPON018,14.93,AUD
2423,2023-03-02T16:24:05Z,2023-03-02,14579,2718,Online,Gift Card,COUPON022,49.03,USD
2424,2023-03-03T06:16:25Z,2023-03-03,27877,4577,Online,Gift Card,COUPON012,18.09,USD
2425,2023-02-12T16:05:53Z,2023-02-12,37877,2722,Franchise,PayPal,COUPON001,30.28,AUD
2426,2024-03-14T16:39:36Z,2024-03-14,76851,4801,Franchise,PayPal,COUPON009,28.31,USD
2427,2024-09-22T19:11:01Z,2024-09-22,36577,3520,Retail,Afterpay,COUPON016,0.91,AUD
2428,2024-07-19T19:32:56Z,2024-07-19,21829,4360,Retail,Cash,COUPON043,27.77,EUR
2429,2024-08-25T02:09:13Z,2024-08-25,24112,729,Franchise,Afterpay,COUPON024,39.54,USD
2430,2024-09-21T18:47:37Z,2024-09-21,1554,2628,Retail,PayPal,COUPON007,22.58,EUR
2431,2023-11-30T17:24:16Z,2023-11-30,32806,2348,Online,PayPal,COUPON008,37.69,EUR
2432,2023-07-16T06:19:22Z,2023-07-16,37191,2346,Franchise,Cash,COUPON004,26.69,USD
2433,2023-06-02T19:29:59Z,2023-06-02,72214,4133,Franchise,Credit Card,COUPON006,13.67,EUR
2434,2023-08-26T17:31:03Z,2023-08-26,15160,2246,Franchise,Cash,COUPON017,9.90,AUD
2435,2024-08-26T17:59:44Z,2024-08-26,18503,3762,Retail,Credit Card,COUPON004,22.41,EUR
2436,2023-04-07T21:43:17Z,2023-04-07,75786,4247,Franchise,Cash,,39.04,AUD
2437,2023-09-10T03:11:24Z,2023-09-10,2976,1818,Online,Afterpay,COUPON034,7.74,AUD
2438,2023-07-16T19:49:07Z,2023-07-16,74624,4913,Franchise,Credit Card,COUPON016,26.11,AUD
2439,2024-02-22T09:13:36Z,2024-02-22,41413,2160,Retail,PayPal,COUPON036,45.03,EUR
2440,2024-07-06T22:56:34Z,2024-07-06,14172,3611,Retail,Afterpay,COUPON008,30.05,EUR
2441,2023-01-01T15:17:44Z,2023-01-01,3116,4365,Franchise,Afterpay,COUPON014,18.25,USD
2442,2024-07-28T19:20:09Z,2024-07-28,13735,4783,Franchise,Cash,COUPON021,44.47,USD
2443,2024-04-18T03:24:03Z,2024-04-18,50709,4890,Franchise,Afterpay,COUPON008,21.14,USD
2444,2024-01-29T01:44:45Z,2024-01-29,30832,1198,Retail,Gift Card,COUPON017,49.75,USD
2445,2023-12-05T19:53:13Z,2023-12-05,47639,1617,Online,Gift Card,COUPON050,5.20,EUR
2446,2024-03-29T21:06:44Z,2024-03-29,79738,3575,Online,PayPal,COUPON035,13.26,EUR
2447,2023-04-19T10:20:22Z,2023-04-19,17892,688,Online,Afterpay,COUPON048,26.67,USD
2448,2024-06-10T02:39:32Z,2024-06-10,60592,2371,Retail,Afterpay,COUPON018,11.17,AUD
2449,2024-06-28T11:39:13Z,2024-06-28,76293,261,Retail,PayPal,COUPON035,3.64,EUR
2450,2024-09-09T22:07:48Z,2024-09-09,66579,1607,Retail,Afterpay,COUPON025,27.67,AUD
2451,2023-02-26T21:43:27Z,2023-02-26,79223,2971,Online,Gift Card,COUPON019,2.01,AUD
2452,2023-06-01T14:04:56Z,2023-06-01,47321,2356,Retail,Gift Card,COUPON016,17.10,USD
2453,2024-02-19T15:06:46Z,2024-02-19,37059,3311,Retail,PayPal,COUPON028,30.40,AUD
2454,2023-04-12T12:55:26Z,2023-04-12,36655,2296,Online,Cash,COUPON021,9.44,EUR
2455,2024-03-15T22:24:35Z,2024-03-15,47280,3101,Retail,Gift Card,COUPON008,45.94,USD
2456,2023-07-01T23:11:42Z,2023-07-01,42545,2190,Franchise,Afterpay,COUPON022,38.38,AUD
2457,2024-09-03T22:22:55Z,2024-09-03,37594,3993,Retail,Gift Card,COUPON050,49.93,USD
2458,2024-08-22T01:16:57Z,2024-08-22,31222,2289,Franchise,Gift Card,COUPON022,37.75,EUR
2459,2023-08-07T06:59:44Z,2023-08-07,79607,1845,Online,Gift Card,COUPON024,25.46,USD
2460,2023-10-17T02:10:46Z,2023-10-17,34255,2536,Franchise,Credit Card,COUPON018,36.89,EUR
2461,2023-08-07T00:39:41Z,2023-08-07,79670,2946,Franchise,Cash,COUPON008,37.39,AUD
2462,2024-07-19T20:44:02Z,2024-07-19,9512,3890,Online,Cash,COUPON044,33.59,EUR
2463,2023-08-19T08:27:36Z,2023-08-19,40351,2768,Franchise,Afterpay,COUPON015,23.53,USD
2464,2023-08-16T09:19:22Z,2023-08-16,15641,2207,Retail,Gift Card,COUPON022,45.55,AUD
2465,2023-02-27T05:41:16Z,2023-02-27,63102,377,Online,Gift Card,COUPON001,9.39,USD
2466,2024-09-09T20:28:55Z,2024-09-09,13988,2349,Retail,Afterpay,COUPON016,32.63,USD
2467,2023-06-10T07:28:07Z,2023-06-10,17284,259,Retail,Cash,COUPON036,38.35,EUR
2468,2023-08-11T01:08:12Z,2023-08-11,23760,1857,Retail,PayPal,COUPON050,9.29,AUD
2469,2023-01-02T23:09:29Z,2023-01-02,21971,3267,Online,Credit Card,COUPON038,34.93,USD
2470,2023-01-08T22:50:22Z,2023-01-08,58910,262,Online,PayPal,COUPON029,11.34,USD
2471,2023-04-22T19:25:23Z,2023-04-22,69642,2284,Franchise,PayPal,COUPON020,31.68,USD
2472,2023-09-18T08:15:18Z,2023-09-18,38553,4886,Franchise,Gift Card,COUPON046,41.16,EUR
2473,2024-01-01T16:10:41Z,2024-01-01,43427,2485,Franchise,Cash,COUPON019,24.01,AUD
2474,2023-09-12T12:01:27Z,2023-09-12,49515,3701,Online,Afterpay,COUPON021,14.50,USD
2475,2024-06-09T07:57:20Z,2024-06-09,12137,4332,Online,Afterpay,COUPON042,27.33,USD
2476,2023-06-28T12:00:55Z,2023-06-28,51313,1181,Franchise,Cash,COUPON028,0.78,EUR
2477,2023-12-26T14:50:20Z,2023-12-26,44806,4489,Online,Credit Card,COUPON019,42.91,USD
2478,2024-04-23T01:35:49Z,2024-04-23,31318,2260,Online,Gift Card,COUPON004,48.83,EUR
2479,2023-04-12T21:03:24Z,2023-04-12,68825,4305,Online,PayPal,COUPON046,12.05,AUD
2480,2024-03-31T15:55:14Z,2024-03-31,17533,2073,Franchise,PayPal,COUPON002,36.46,USD
2481,2023-05-18T03:56:09Z,2023-05-18,12646,3911,Online,Credit Card,COUPON023,22.08,USD
2482,2024-02-26T21:42:38Z,2024-02-26,28159,438,Online,PayPal,,11.76,USD
2483,2023-04-11T18:20:27Z,2023-04-11,61390,489,Retail,Credit Card,COUPON037,22.32,USD
2484,2024-08-19T15:28:10Z,2024-08-19,14584,1965,Franchise,Afterpay,COUPON046,37.23,EUR
2485,2023-09-19T20:06:46Z,2023-09-19,6763,443,Retail,Afterpay,COUPON006,2.61,AUD
2486,2023-06-23T13:21:06Z,2023-06-23,20670,4549,Franchise,Gift Card,COUPON004,40.81,EUR
2487,2023-09-07T03:09:50Z,2023-09-07,27312,3826,Franchise,Gift Card,COUPON022,23.23,AUD
2488,2024-05-19T16:44:25Z,2024-05-19,58167,2308,Franchise,PayPal,COUPON043,38.12,EUR
2489,2023-01-26T10:19:25Z,2023-01-26,26116,1464,Franchise,Cash,COUPON003,40.50,AUD
2490,2023-07-13T21:49:50Z,2023-07-13,24119,3014,Retail,PayPal,COUPON040,6.99,EUR
2491,2024-08-02T13:38:12Z,2024-08-02,78934,2816,Online,Cash,COUPON029,41.94,EUR
2492,2023-02-13T01:40:37Z,2023-02-13,30614,459,Retail,Credit Card,COUPON028,38.23,USD
2493,2024-02-01T02:45:39Z,2024-02-01,34957,3430,Online,Cash,COUPON035,7.14,AUD
2494,2024-07-13T08:43:07Z,2024-07-13,70686,4045,Retail,Cash,COUPON039,12.40,AUD
2495,2023-11-14T04:40:32Z,2023-11-14,63078,4008,Franchise,Credit Card,COUPON012,47.53,AUD
2496,2024-09-16T01:57:03Z,2024-09-16,42336,4388,Retail,Credit Card,COUPON027,37.43,EUR
2497,2023-05-12T10:02:10Z,2023-05-12,50916,4140,Retail,Afterpay,COUPON014,17.02,AUD
2498,2024-08-28T05:30:44Z,2024-08-28,69571,2874,Online,Credit Card,COUPON023,17.75,EUR
2499,2024-05-06T18:11:26Z,2024-05-06,47610,3070,Franchise,Cash,COUPON049,47.00,AUD
2500,2023-04-29T10:02:10Z,2023-04-29,23492,97,Online,Credit Card,COUPON001,21.08,USD
2501,2024-09-04T04:11:54Z,2024-09-04,14469,3579,Retail,Credit Card,COUPON011,6.73,EUR
2502,2023-12-11T07:12:59Z,2023-12-11,33792,2399,Online,Afterpay,COUPON014,42.31,USD
2503,2024-05-18T01:30:17Z,2024-05-18,79713,4883,Retail,PayPal,COUPON036,48.65,EUR
2504,2023-02-13T22:53:19Z,2023-02-13,5107,3039,Franchise,Cash,COUPON039,25.51,AUD
2505,2024-08-21T11:19:11Z,2024-08-21,75526,32,Retail,Credit Card,COUPON007,2.06,AUD
2506,2023-06-09T23:34:36Z,2023-06-09,51952,3498,Franchise,Afterpay,COUPON042,4.16,AUD
2507,2024-03-31T04:17:36Z,2024-03-31,730,3307,Franchise,Afterpay,COUPON023,31.22,AUD
2508,2023-02-17T02:16:31Z,2023-02-17,68597,445,Retail,Afterpay,COUPON019,25.06,EUR
2509,2023-11-18T23:03:45Z,2023-11-18,14517,4231,Online,PayPal,COUPON039,37.43,USD
2510,2023-11-24T20:35:17Z,2023-11-24,73450,801,Online,PayPal,COUPON034,15.05,EUR
2511,2023-11-17T04:00:22Z,2023-11-17,43029,4367,Online,Gift Card,COUPON023,22.67,AUD
2512,2023-07-14T03:10:02Z,2023-07-14,44015,3656,Franchise,Cash,COUPON013,27.55,AUD
2513,2023-03-19T19:15:04Z,2023-03-19,31965,2330,Franchise,Credit Card,COUPON014,39.32,EUR
2514,2023-03-20T01:28:06Z,2023-03-20,9764,939,Retail,PayPal,COUPON024,5.36,AUD
2515,2023-08-18T08:27:34Z,2023-08-18,52376,3975,Retail,PayPal,COUPON007,19.63,USD
2516,2024-04-29T00:26:33Z,2024-04-29,45109,4698,Retail,Gift Card,COUPON022,37.21,USD
2517,2023-08-16T02:40:04Z,2023-08-16,20831,4465,Franchise,Cash,COUPON048,9.47,USD
2518,2024-07-09T23:53:28Z,2024-07-09,69261,77,Franchise,PayPal,COUPON038,14.37,USD
2519,2023-12-04T16:52:51Z,2023-12-04,29936,2255,Retail,Cash,COUPON043,39.53,EUR
2520,2023-04-08T23:28:59Z,2023-04-08,68527,2037,Online,Credit Card,COUPON049,10.67,AUD
2521,2023-08-10T03:40:30Z,2023-08-10,24085,3319,Online,Cash,COUPON048,16.92,USD
2522,2024-06-02T20:30:14Z,2024-06-02,9674,1234,Franchise,Afterpay,COUPON048,19.28,EUR
2523,2023-12-08T13:24:46Z,2023-12-08,52618,3949,Retail,PayPal,COUPON007,2.14,AUD
2524,2023-03-02T16:44:22Z,2023-03-02,47734,1443,Online,Cash,COUPON003,41.23,AUD
2525,2023-12-07T05:52:26Z,2023-12-07,65114,2081,Franchise,Afterpay,COUPON002,9.40,AUD
2526,2024-04-01T06:42:13Z,2024-04-01,80864,5134,Franchise,Afterpay,COUPON043,31.95,AUD
2527,2024-01-23T21:43:22Z,2024-01-23,7670,1571,Online,Afterpay,COUPON028,20.29,AUD
2528,2024-03-05T02:27:20Z,2024-03-05,55210,2207,Retail,PayPal,COUPON016,43.42,USD
2529,2023-01-07T18:57:17Z,2023-01-07,33394,1956,Retail,Gift Card,COUPON017,15.43,EUR
2530,2023-02-20T22:36:29Z,2023-02-20,77978,3400,Online,Gift Card,COUPON022,42.97,AUD
2531,2024-10-01T20:26:55Z,2024-10-01,13898,4267,Retail,Gift Card,COUPON019,19.13,AUD
2532,2024-03-28T19:20:40Z,2024-03-28,7744,2077,Franchise,Cash,COUPON042,38.85,EUR
2533,2023-12-25T19:46:32Z,2023-12-25,31387,956,Online,Gift Card,COUPON022,44.33,EUR
2534,2024-09-12T14:09:40Z,2024-09-12,51451,3584,Retail,Gift Card,COUPON036,23.53,USD
2535,2023-06-05T14:23:20Z,2023-06-05,35775,551,Franchise,Cash,,8.59,EUR
2536,2024-06-02T09:59:56Z,2024-06-02,10124,1557,Retail,Afterpay,COUPON038,25.63,AUD
2537,2023-10-04T12:16:05Z,2023-10-04,45373,450,Franchise,Credit Card,COUPON004,41.87,EUR
2538,2023-02-01T21:50:48Z,2023-02-01,30803,1449,Retail,Gift Card,COUPON050,10.74,USD
2539,2024-03-19T02:54:27Z,2024-03-19,17213,13,Retail,Afterpay,COUPON033,6.01,USD
2540,2024-07-01T06:12:09Z,2024-07-01,68959,739,Franchise,Afterpay,COUPON046,35.20,AUD
2541,2023-08-06T12:53:15Z,2023-08-06,61816,1303,Retail,Gift Card,,40.66,USD
2542,2023-12-30T06:28:15Z,2023-12-30,44527,3842,Franchise,Gift Card,COUPON022,36.46,AUD
2543,2024-01-01T08:04:25Z,2024-01-01,73315,2925,Online,Credit Card,COUPON034,40.63,USD
2544,2023-12-08T00:10:02Z,2023-12-08,26975,4254,Online,Credit Card,COUPON024,22.22,EUR
2545,2023-09-08T22:16:22Z,2023-09-08,59221,4554,Online,Cash,COUPON009,15.23,EUR
2546,2024-04-24T21:24:48Z,2024-04-24,24611,4277,Online,Afterpay,COUPON050,47.62,USD
2547,2024-04-22T08:36:13Z,2024-04-22,63741,2021,Online,Gift Card,COUPON011,39.43,EUR
2548,2023-12-24T23:46:41Z,2023-12-24,74142,1324,Retail,Credit Card,COUPON019,34.96,USD
2549,2023-06-07T15:38:03Z,2023-06-07,73409,1172,Franchise,PayPal,COUPON035,47.30,EUR
2550,2024-04-02T07:57:19Z,2024-04-02,16881,7,Franchise,PayPal,COUPON046,20.48,EUR
2551,2023-04-22T17:30:41Z,2023-04-22,19570,4109,Online,Afterpay,COUPON036,39.79,USD
2552,2023-09-13T10:33:04Z,2023-09-13,46760,453,Franchise,Afterpay,COUPON023,40.28,EUR
2553,2023-05-06T12:22:31Z,2023-05-06,50707,1825,Online,Gift Card,COUPON035,45.23,AUD
2554,2024-07-04T23:43:53Z,2024-07-04,58638,4403,Online,Credit Card,COUPON009,16.94,AUD
2555,2024-08-21T09:49:53Z,2024-08-21,18740,1439,Online,PayPal,COUPON013,21.88,AUD
2556,2023-01-10T16:16:04Z,2023-01-10,31542,3370,Retail,Credit Card,COUPON041,45.85,USD
2557,2023-12-01T02:01:09Z,2023-12-01,38850,3011,Online,PayPal,COUPON040,19.98,USD
2558,2023-05-16T01:53:47Z,2023-05-16,21621,1783,Online,PayPal,COUPON025,37.27,EUR
2559,2023-07-15T09:07:00Z,2023-07-15,31518,879,Retail,Cash,COUPON007,32.01,EUR
2560,2023-03-21T23:30:10Z,2023-03-21,6812,2986,Franchise,Afterpay,COUPON031,46.94,EUR
2561,2024-01-25T14:26:56Z,2024-01-25,1536,3570,Franchise,PayPal,COUPON036,29.26,EUR
2562,2024-06-11T05:57:00Z,2024-06-11,26765,3671,Retail,Afterpay,COUPON042,14.94,USD
2563,2023-04-01T03:45:34Z,2023-04-01,28316,4138,Franchise,PayPal,COUPON041,46.22,AUD
2564,2023-10-01T00:24:29Z,2023-10-01,61318,1213,Online,Afterpay,COUPON014,10.91,AUD
2565,2023-11-17T16:32:14Z,2023-11-17,50817,880,Retail,Afterpay,COUPON047,26.44,USD
2566,2023-04-29T09:13:23Z,2023-04-29,17910,2196,Franchise,Afterpay,COUPON046,7.87,AUD
2567,2024-04-11T02:14:39Z,2024-04-11,76290,4019,Online,PayPal,COUPON032,20.64,AUD
2568,2023-05-20T06:13:34Z,2023-05-20,41157,843,Franchise,Cash,COUPON023,45.86,EUR
2569,2023-06-27T19:27:29Z,2023-06-27,37349,3385,Online,PayPal,COUPON021,46.39,EUR
2570,2023-10-12T12:53:05Z,2023-10-12,28042,2919,Online,PayPal,COUPON045,14.66,AUD
2571,2023-02-22T14:29:19Z,2023-02-22,13152,441,Franchise,PayPal,COUPON043,25.56,AUD
2572,2024-05-18T09:03:13Z,2024-05-18,67308,2260,Online,Credit Card,COUPON032,34.21,USD
2573,2023-01-11T12:42:44Z,2023-01-11,78544,1400,Retail,Gift Card,COUPON002,37.52,EUR
2574,2023-10-20T19:10:22Z,2023-10-20,51228,3812,Online,PayPal,COUPON035,47.77,EUR
2575,2024-07-18T16:05:46Z,2024-07-18,28769,671,Retail,Cash,COUPON012,30.10,AUD
2576,2023-06-12T15:08:57Z,2023-06-12,51652,2042,Retail,PayPal,COUPON045,33.10,AUD
2577,2023-12-30T19:14:12Z,2023-12-30,6904,1327,Franchise,Gift Card,COUPON013,30.67,AUD
2578,2023-05-28T23:49:05Z,2023-05-28,64468,414,Online,Credit Card,COUPON049,44.14,USD
2579,2024-01-29T08:01:44Z,2024-01-29,53343,1376,Franchise,Credit Card,COUPON007,27.77,USD
2580,2023-04-21T19:09:32Z,2023-04-21,36044,3337,Retail,Afterpay,COUPON019,25.51,EUR
2581,2023-06-23T00:11:58Z,2023-06-23,42180,1284,Franchise,Credit Card,COUPON033,30.03,AUD
2582,2023-09-10T16:13:27Z,2023-09-10,32389,4263,Retail,Gift Card,COUPON020,42.16,AUD
2583,2023-06-20T21:13:43Z,2023-06-20,53877,3561,Online,PayPal,COUPON038,47.32,AUD
2584,2024-01-23T09:28:45Z,2024-01-23,42777,3793,Franchise,Afterpay,COUPON021,42.15,EUR
2585,2024-07-28T22:25:37Z,2024-07-28,17826,327,Online,Cash,COUPON002,33.09,AUD
2586,2023-11-01T19:28:07Z,2023-11-01,76819,3589,Online,Gift Card,COUPON040,8.18,EUR
2587,2023-06-13T11:58:04Z,2023-06-13,13648,3774,Online,Gift Card,COUPON028,12.91,EUR
2588,2024-02-21T17:11:27Z,2024-02-21,13041,3265,Retail,Gift Card,,27.84,EUR
2589,2023-12-05T16:10:09Z,2023-12-05,61292,1398,Online,Cash,COUPON010,26.87,AUD
2590,2024-02-09T02:42:27Z,2024-02-09,1688,2363,Franchise,Afterpay,COUPON030,44.79,AUD
2591,2023-07-21T23:46:01Z,2023-07-21,51634,2772,Online,PayPal,COUPON016,7.66,AUD
2592,2023-12-09T18:14:06Z,2023-12-09,40540,2506,Retail,Cash,COUPON040,32.22,USD
2593,2023-10-23T19:15:07Z,2023-10-23,13494,2432,Online,Cash,,35.02,EUR
2594,2023-12-29T07:22:13Z,2023-12-29,38542,1564,Franchise,Credit Card,COUPON043,6.37,EUR
2595,2023-12-10T16:05:15Z,2023-12-10,49586,999,Franchise,Afterpay,COUPON028,36.61,EUR
2596,2023-05-06T06:35:38Z,2023-05-06,27587,2332,Online,PayPal,,7.74,EUR
2597,2023-07-30T11:46:47Z,2023-07-30,13070,1783,Retail,Afterpay,COUPON026,49.61,AUD
2598,2023-05-22T21:55:30Z,2023-05-22,60974,2865,Retail,Gift Card,COUPON043,34.56,USD
2599,2024-06-18T16:17:10Z,2024-06-18,53545,855,Retail,Gift Card,COUPON047,29.87,AUD
2600,2023-06-22T10:18:42Z,2023-06-22,72976,1923,Franchise,Afterpay,COUPON047,24.67,EUR
2601,2023-10-15T18:00:29Z,2023-10-15,7750,2369,Retail,Credit Card,COUPON005,26.14,USD
2602,2023-02-03T11:38:13Z,2023-02-03,33640,1471,Franchise,Credit Card,COUPON050,18.86,USD
2603,2024-06-19T10:32:21Z,2024-06-19,19703,3166,Franchise,Gift Card,COUPON025,11.64,USD
2604,2023-08-07T13:25:08Z,2023-08-07,4278,3492,Franchise,Gift Card,COUPON049,30.37,USD
2605,2023-06-05T11:34:24Z,2023-06-05,75959,2623,Franchise,PayPal,COUPON023,12.90,AUD
2606,2024-04-14T14:55:08Z,2024-04-14,44713,3088,Online,Credit Card,COUPON036,22.39,AUD
2607,2023-04-05T15:19:46Z,2023-04-05,15050,4217,Franchise,Afterpay,,34.40,USD
2608,2024-04-12T03:05:06Z,2024-04-12,34906,4632,Franchise,Afterpay,COUPON049,21.62,AUD
2609,2023-09-20T18:05:57Z,2023-09-20,27344,3800,Online,Cash,COUPON016,21.12,USD
2610,2023-05-30T03:52:53Z,2023-05-30,77128,2100,Online,PayPal,COUPON029,2.67,USD
2611,2024-08-23T23:44:58Z,2024-08-23,64460,1409,Retail,Cash,COUPON050,1.47,USD
2612,2024-06-04T03:14:00Z,2024-06-04,53088,3153,Online,PayPal,COUPON050,28.97,EUR
2613,2023-01-15T18:40:31Z,2023-01-15,15413,4875,Online,Credit Card,COUPON002,30.41,EUR
2614,2023-04-26T10:25:57Z,2023-04-26,43829,1839,Retail,Gift Card,COUPON024,43.65,USD
2615,2024-07-10T03:43:46Z,2024-07-10,56844,675,Franchise,Afterpay,COUPON007,5.59,AUD
2616,2023-09-15T13:02:04Z,2023-09-15,49967,2614,Franchise,PayPal,COUPON021,25.55,USD
2617,2023-01-17T09:34:05Z,2023-01-17,65972,4853,Franchise,Afterpay,COUPON026,40.44,EUR
2618,2023-04-28T22:35:28Z,2023-04-28,11035,107,Retail,Credit Card,COUPON025,30.33,EUR
2619,2023-01-11T15:45:54Z,2023-01-11,53355,2105,Franchise,Afterpay,COUPON044,17.97,USD
2620,2024-06-10T19:58:08Z,2024-06-10,74239,3983,Retail,Credit Card,COUPON009,4.65,EUR
2621,2023-08-15T10:18:36Z,2023-08-15,44822,893,Retail,Afterpay,COUPON034,21.41,USD
2622,2023-11-06T19:29:51Z,2023-11-06,17770,4823,Online,PayPal,COUPON050,5.47,AUD
2623,2023-10-03T20:22:03Z,2023-10-03,17596,2950,Franchise,Credit Card,COUPON048,38.62,EUR
2624,2024-08-20T20:25:45Z,2024-08-20,32587,1295,Online,Afterpay,COUPON013,36.45,USD
2625,2024-03-03T07:59:24Z,2024-03-03,41771,229,Online,Cash,COUPON041,20.91,AUD
2626,2023-06-01T02:57:48Z,2023-06-01,40147,413,Franchise,PayPal,COUPON044,35.25,EUR
2627,2023-04-11T08:46:55Z,2023-04-11,19864,3805,Franchise,Afterpay,COUPON030,8.71,AUD
2628,2023-09-27T18:15:04Z,2023-09-27,42971,3616,Online,Cash,COUPON008,3.44,USD
2629,2024-05-07T03:49:34Z,2024-05-07,7670,3284,Franchise,Gift Card,COUPON015,3.62,AUD
2630,2023-05-04T03:13:09Z,2023-05-04,61204,4737,Retail,Cash,COUPON040,47.86,EUR
2631,2023-12-15T17:18:09Z,2023-12-15,53962,3089,Retail,Credit Card,COUPON015,14.48,EUR
2632,2023-05-06T10:43:49Z,2023-05-06,67630,591,Franchise,PayPal,COUPON024,32.20,AUD
2633,2024-06-11T19:04:22Z,2024-06-11,73524,1318,Franchise,Afterpay,COUPON001,38.31,AUD
2634,2023-06-18T04:19:55Z,2023-06-18,65592,2292,Franchise,PayPal,COUPON020,28.39,AUD
2635,2023-07-06T01:03:50Z,2023-07-06,14559,1092,Franchise,PayPal,COUPON037,10.98,AUD
2636,2023-07-11T19:36:13Z,2023-07-11,73267,4049,Franchise,PayPal,COUPON019,33.97,EUR
2637,2023-10-15T10:56:39Z,2023-10-15,43069,1506,Franchise,Cash,COUPON037,1.99,EUR
2638,2023-03-03T12:11:14Z,2023-03-03,6909,1822,Franchise,Cash,COUPON047,19.37,EUR
2639,2023-03-02T06:57:44Z,2023-03-02,16291,747,Retail,PayPal,COUPON006,22.28,USD
2640,2023-04-14T19:03:42Z,2023-04-14,53774,3527,Franchise,Credit Card,COUPON042,41.97,AUD
2641,2024-03-04T16:45:25Z,2024-03-04,42952,3092,Retail,Afterpay,COUPON012,0.65,AUD
2642,2023-03-08T03:19:12Z,2023-03-08,18893,4936,Franchise,Afterpay,COUPON017,35.96,EUR
2643,2023-06-26T06:54:23Z,2023-06-26,2775,4613,Franchise,Gift Card,COUPON007,1.81,EUR
2644,2023-02-25T16:10:34Z,2023-02-25,24,239,Retail,Credit Card,COUPON041,16.04,USD
2645,2024-09-10T11:27:40Z,2024-09-10,76985,4745,Online,PayPal,COUPON027,30.76,EUR
2646,2024-01-23T09:31:33Z,2024-01-23,70102,3531,Retail,Cash,COUPON041,31.70,USD
2647,2023-02-18T06:29:58Z,2023-02-18,52906,1905,Retail,Credit Card,COUPON008,41.80,AUD
2648,2024-06-25T09:50:53Z,2024-06-25,54878,3043,Online,PayPal,COUPON027,45.90,EUR
2649,2023-03-10T03:52:54Z,2023-03-10,28775,2107,Franchise,Afterpay,COUPON013,45.29,EUR
2650,2024-02-17T09:13:04Z,2024-02-17,37834,2290,Online,Credit Card,COUPON004,41.55,USD
2651,2023-03-19T16:49:51Z,2023-03-19,73528,1586,Retail,Gift Card,COUPON008,49.99,EUR
2652,2023-05-24T14:21:25Z,2023-05-24,56159,2399,Retail,PayPal,COUPON046,39.64,EUR
2653,2024-07-30T16:58:14Z,2024-07-30,42889,1846,Online,Credit Card,COUPON026,28.26,EUR
2654,2023-07-18T02:02:50Z,2023-07-18,36423,3013,Retail,Credit Card,COUPON049,20.54,USD
2655,2024-09-18T09:19:58Z,2024-09-18,71925,2069,Retail,Afterpay,COUPON037,29.13,USD
2656,2023-02-19T02:41:03Z,2023-02-19,68666,1579,Retail,Gift Card,COUPON020,1.03,EUR
2657,2024-01-01T22:22:09Z,2024-01-01,76586,4478,Franchise,Gift Card,COUPON050,12.71,USD
2658,2023-09-27T04:00:37Z,2023-09-27,57104,4664,Retail,Gift Card,COUPON037,10.64,USD
2659,2023-08-04T00:59:08Z,2023-08-04,51538,4636,Online,Cash,COUPON030,49.22,AUD
2660,2023-12-01T14:39:01Z,2023-12-01,25824,3468,Online,PayPal,COUPON030,9.38,AUD
2661,2024-03-05T09:31:04Z,2024-03-05,27420,428,Retail,Credit Card,COUPON039,5.11,AUD
2662,2024-09-09T05:31:58Z,2024-09-09,16463,4843,Retail,Afterpay,COUPON041,9.10,EUR
2663,2023-11-30T07:46:47Z,2023-11-30,59985,3634,Online,PayPal,COUPON050,7.98,USD
2664,2024-06-25T16:56:50Z,2024-06-25,31274,1210,Retail,Afterpay,COUPON002,10.79,AUD
2665,2023-05-26T16:48:53Z,2023-05-26,76875,4427,Franchise,PayPal,COUPON012,37.25,EUR
2666,2024-05-04T20:56:59Z,2024-05-04,76753,1789,Retail,Gift Card,COUPON047,12.30,EUR
2667,2024-02-26T01:26:04Z,2024-02-26,46214,2061,Franchise,Gift Card,COUPON031,25.17,USD
2668,2024-01-26T19:18:53Z,2024-01-26,29171,1284,Retail,Afterpay,COUPON011,34.12,AUD
2669,2023-08-01T07:55:12Z,2023-08-01,63359,2894,Retail,Afterpay,COUPON040,3.89,AUD
2670,2023-06-28T12:35:40Z,2023-06-28,2451,3269,Franchise,Afterpay,COUPON037,42.29,EUR
2671,2023-01-28T14:53:34Z,2023-01-28,67738,3013,Retail,Gift Card,COUPON017,5.65,EUR
2672,2023-08-16T18:05:52Z,2023-08-16,77883,19,Online,Afterpay,COUPON022,33.87,AUD
2673,2024-06-19T16:53:56Z,2024-06-19,12791,2938,Franchise,Afterpay,COUPON049,20.80,USD
2674,2023-05-11T01:00:59Z,2023-05-11,32628,1569,Online,Gift Card,COUPON037,40.03,EUR
2675,2024-07-22T15:56:24Z,2024-07-22,55553,4348,Franchise,Afterpay,COUPON043,31.68,USD
2676,2024-04-01T19:20:46Z,2024-04-01,33661,4684,Franchise,PayPal,COUPON042,7.95,EUR
2677,2024-07-15T22:05:34Z,2024-07-15,53063,1372,Online,Gift Card,COUPON025,7.53,EUR
2678,2023-07-20T12:11:40Z,2023-07-20,45678,4855,Franchise,Gift Card,COUPON045,48.12,USD
2679,2024-05-09T18:03:26Z,2024-05-09,47229,2603,Online,Afterpay,,34.44,USD
2680,2024-03-03T19:17:16Z,2024-03-03,37168,1307,Franchise,Gift Card,COUPON044,8.17,AUD
2681,2023-11-29T10:14:46Z,2023-11-29,49633,1191,Online,Credit Card,COUPON031,30.78,EUR
2682,2024-02-27T04:06:34Z,2024-02-27,48328,3055,Franchise,Cash,COUPON037,45.58,AUD
2683,2024-04-14T18:59:43Z,2024-04-14,32163,4222,Franchise,Gift Card,COUPON043,35.50,AUD
2684,2024-08-04T18:20:41Z,2024-08-04,45363,835,Online,Gift Card,COUPON022,46.12,USD
2685,2023-10-04T18:09:17Z,2023-10-04,32435,207,Retail,Credit Card,COUPON002,0.39,AUD
2686,2023-03-03T01:01:20Z,2023-03-03,37572,3733,Online,PayPal,COUPON006,20.74,AUD
2687,2024-05-29T02:40:41Z,2024-05-29,18312,256,Franchise,Credit Card,COUPON037,13.11,USD
2688,2024-01-23T15:15:40Z,2024-01-23,32485,253,Online,Gift Card,COUPON033,19.95,AUD
2689,2024-03-22T17:17:00Z,2024-03-22,67695,4253,Online,Cash,COUPON023,27.36,AUD
2690,2023-04-09T15:56:00Z,2023-04-09,15370,4499,Franchise,PayPal,COUPON013,25.49,AUD
2691,2024-01-10T10:37:51Z,2024-01-10,2372,9,Franchise,Afterpay,COUPON027,7.36,EUR
2692,2024-05-02T22:35:53Z,2024-05-02,43755,2672,Online,Gift Card,COUPON041,35.22,USD
2693,2023-07-23T03:40:45Z,2023-07-23,52913,4994,Retail,PayPal,COUPON013,40.01,EUR
2694,2024-02-18T05:41:36Z,2024-02-18,37218,3005,Franchise,Afterpay,COUPON008,15.23,USD
2695,2023-09-23T03:57:17Z,2023-09-23,75077,733,Retail,Cash,COUPON008,0.86,AUD
2696,2024-08-27T15:37:56Z,2024-08-27,24306,2423,Online,Credit Card,COUPON043,46.97,AUD
2697,2023-01-10T14:21:03Z,2023-01-10,938,3728,Retail,Afterpay,COUPON008,27.41,AUD
2698,2023-05-10T20:44:03Z,2023-05-10,6303,2764,Franchise,Credit Card,COUPON043,28.42,AUD
2699,2024-07-05T06:00:06Z,2024-07-05,58265,3836,Franchise,Cash,COUPON038,44.43,AUD
2700,2023-03-24T08:28:16Z,2023-03-24,1584,3321,Franchise,Cash,COUPON005,6.76,USD
2701,2024-01-03T22:22:52Z,2024-01-03,20915,16,Franchise,Cash,COUPON034,48.72,AUD
2702,2024-03-16T23:04:22Z,2024-03-16,63745,118,Franchise,Afterpay,COUPON006,46.75,EUR
2703,2023-07-16T08:05:41Z,2023-07-16,14498,4007,Online,Gift Card,COUPON044,39.03,EUR
2704,2023-11-08T14:30:57Z,2023-11-08,83045,5962,Franchise,Cash,COUPON019,21.32,AUD
2705,2023-09-02T07:23:08Z,2023-09-02,12599,1670,Online,Credit Card,COUPON008,25.55,USD
2706,2023-08-22T20:07:38Z,2023-08-22,35534,4836,Online,Cash,COUPON009,33.22,AUD
2707,2024-03-30T12:17:30Z,2024-03-30,51822,1172,Retail,Credit Card,COUPON021,0.31,EUR
2708,2024-02-16T11:13:27Z,2024-02-16,33998,1551,Retail,PayPal,COUPON012,28.57,USD
2709,2023-05-07T22:29:33Z,2023-05-07,61189,224,Online,Credit Card,COUPON038,9.81,EUR
2710,2023-04-12T00:06:32Z,2023-04-12,58454,1645,Retail,Credit Card,COUPON005,14.80,EUR
2711,2023-06-15T13:31:53Z,2023-06-15,58094,1274,Retail,Cash,COUPON019,18.54,EUR
2712,2023-10-17T04:03:33Z,2023-10-17,31754,3821,Retail,Cash,,8.70,EUR
2713,2023-12-22T03:05:06Z,2023-12-22,27306,1427,Retail,Gift Card,COUPON035,0.53,USD
2714,2023-06-18T18:01:12Z,2023-06-18,11953,1725,Online,Afterpay,COUPON023,16.14,AUD
2715,2024-04-16T23:10:19Z,2024-04-16,24835,4167,Franchise,Gift Card,COUPON043,19.37,EUR
2716,2024-02-02T18:04:29Z,2024-02-02,3357,86,Franchise,Cash,COUPON040,44.63,USD
2717,2023-07-14T23:57:46Z,2023-07-14,17888,840,Online,Afterpay,COUPON030,14.25,AUD
2718,2023-02-03T12:29:43Z,2023-02-03,56769,2572,Franchise,Credit Card,COUPON013,40.18,AUD
2719,2023-09-07T15:45:33Z,2023-09-07,9814,3050,Online,Gift Card,COUPON049,32.57,AUD
2720,2024-01-10T18:25:17Z,2024-01-10,73792,4060,Online,Cash,COUPON039,27.36,EUR
2721,2023-01-11T02:50:48Z,2023-01-11,43269,4012,Online,Gift Card,COUPON034,38.69,USD
2722,2023-01-31T14:58:16Z,2023-01-31,7163,950,Franchise,Cash,COUPON042,8.31,AUD
2723,2023-04-04T02:02:13Z,2023-04-04,31606,2656,Online,Credit Card,COUPON035,30.55,USD
2724,2023-04-04T17:11:28Z,2023-04-04,37041,4012,Retail,Gift Card,COUPON021,7.01,USD
2725,2023-04-28T00:37:29Z,2023-04-28,67659,4734,Retail,Gift Card,COUPON004,33.79,USD
2726,2024-05-08T12:58:18Z,2024-05-08,35521,2811,Retail,Afterpay,COUPON040,42.63,AUD
2727,2023-05-21T16:38:10Z,2023-05-21,6215,2534,Online,Afterpay,COUPON009,22.98,USD
2728,2024-08-10T05:57:34Z,2024-08-10,63127,31,Franchise,Cash,COUPON050,12.31,EUR
2729,2023-07-01T17:56:00Z,2023-07-01,70333,4438,Online,Afterpay,COUPON036,1.41,AUD
2730,2024-02-16T04:17:03Z,2024-02-16,27886,1328,Franchise,PayPal,COUPON027,14.40,EUR
2731,2024-06-07T04:24:57Z,2024-06-07,46785,4081,Online,Gift Card,COUPON002,10.43,AUD
2732,2023-11-02T08:30:49Z,2023-11-02,60119,1341,Franchise,Gift Card,COUPON018,39.01,EUR
2733,2023-06-24T18:27:20Z,2023-06-24,52792,2898,Franchise,Cash,COUPON027,22.83,USD
2734,2023-07-13T12:33:21Z,2023-07-13,61143,2276,Franchise,PayPal,COUPON001,19.91,USD
2735,2024-09-23T03:22:53Z,2024-09-23,72993,3721,Franchise,Cash,COUPON005,14.30,EUR
2736,2023-10-15T05:16:16Z,2023-10-15,55035,2958,Online,Gift Card,COUPON019,4.34,USD
2737,2023-06-21T10:34:01Z,2023-06-21,10084,4956,Retail,Afterpay,COUPON019,37.67,USD
2738,2024-08-10T05:34:23Z,2024-08-10,61174,1534,Online,Gift Card,COUPON026,42.20,EUR
2739,2024-06-30T18:53:14Z,2024-06-30,33053,799,Retail,Afterpay,COUPON031,4.87,AUD
2740,2023-10-07T18:24:03Z,2023-10-07,54750,1864,Franchise,Afterpay,COUPON013,16.33,AUD
2741,2024-04-17T12:02:29Z,2024-04-17,18614,2511,Franchise,Gift Card,,29.51,EUR
2742,2023-07-28T18:26:51Z,2023-07-28,33824,3443,Online,Gift Card,COUPON022,44.64,AUD
2743,2024-03-03T20:23:25Z,2024-03-03,57335,1339,Online,PayPal,COUPON049,10.13,EUR
2744,2024-02-04T08:44:29Z,2024-02-04,1342,2088,Franchise,PayPal,COUPON019,41.56,USD
2745,2024-08-11T14:52:31Z,2024-08-11,76072,1525,Retail,PayPal,COUPON001,16.21,USD
2746,2024-07-06T22:21:47Z,2024-07-06,59639,890,Retail,PayPal,COUPON044,14.51,EUR
2747,2023-01-26T08:13:30Z,2023-01-26,25764,657,Retail,PayPal,COUPON035,25.34,USD
2748,2024-06-17T19:21:45Z,2024-06-17,54624,1320,Franchise,Cash,COUPON037,29.45,USD
2749,2024-07-16T07:15:41Z,2024-07-16,74837,2901,Franchise,Gift Card,COUPON018,0.20,EUR
2750,2023-04-05T17:36:02Z,2023-04-05,18607,1015,Retail,Credit Card,COUPON033,42.58,USD
2751,2023-04-29T19:26:15Z,2023-04-29,67582,3185,Franchise,Afterpay,COUPON049,4.98,USD
2752,2023-06-16T14:29:56Z,2023-06-16,87709,5438,Online,Cash,COUPON010,8.58,AUD
2753,2023-01-05T09:47:46Z,2023-01-05,66246,4590,Online,Afterpay,COUPON046,19.64,EUR
2754,2024-09-23T06:14:34Z,2024-09-23,38874,4753,Franchise,Cash,COUPON046,47.66,AUD
2755,2023-04-26T22:14:22Z,2023-04-26,32229,4070,Retail,PayPal,COUPON034,3.52,EUR
2756,2023-07-26T10:47:52Z,2023-07-26,3251,938,Retail,PayPal,COUPON036,44.95,EUR
2757,2023-11-01T21:13:01Z,2023-11-01,67743,877,Online,Credit Card,COUPON024,44.38,USD
2758,2024-07-07T00:52:48Z,2024-07-07,58162,2402,Online,Gift Card,COUPON006,32.07,EUR
2759,2023-10-30T08:43:10Z,2023-10-30,1873,1137,Online,Cash,COUPON033,31.66,USD
2760,2024-09-03T08:56:09Z,2024-09-03,17233,3975,Retail,Cash,COUPON024,27.94,USD
2761,2024-05-26T03:38:14Z,2024-05-26,73062,403,Retail,Gift Card,COUPON001,10.09,AUD
2762,2023-07-18T19:16:19Z,2023-07-18,43533,1726,Online,Afterpay,COUPON020,49.21,USD
2763,2024-06-09T05:43:39Z,2024-06-09,2650,539,Online,Credit Card,COUPON049,45.95,USD
2764,2023-05-08T05:05:07Z,2023-05-08,15910,1845,Online,Afterpay,COUPON005,3.71,USD
2765,2023-03-20T03:43:23Z,2023-03-20,55193,34,Franchise,Gift Card,COUPON011,37.39,EUR
2766,2024-02-20T16:11:03Z,2024-02-20,68275,1973,Retail,Afterpay,COUPON014,1.98,EUR
2767,2023-01-16T21:18:15Z,2023-01-16,10500,2947,Franchise,Cash,COUPON022,20.37,USD
2768,2023-08-10T03:37:52Z,2023-08-10,56404,922,Franchise,Credit Card,,18.58,EUR
2769,2023-07-12T23:45:11Z,2023-07-12,17873,4241,Retail,Credit Card,COUPON043,42.01,USD
2770,2023-06-24T11:56:01Z,2023-06-24,18004,4968,Franchise,Cash,COUPON044,44.59,EUR
2771,2024-07-29T01:14:22Z,2024-07-29,2792,1204,Retail,Credit Card,COUPON012,11.60,AUD
2772,2023-11-09T21:56:53Z,2023-11-09,26662,2786,Franchise,Credit Card,COUPON005,21.74,EUR
2773,2023-06-25T20:07:34Z,2023-06-25,25217,817,Franchise,Cash,COUPON047,13.69,EUR
2774,2024-07-25T11:13:52Z,2024-07-25,71025,2656,Franchise,Cash,COUPON007,14.91,EUR
2775,2024-07-08T03:28:23Z,2024-07-08,5664,2336,Franchise,Credit Card,COUPON001,44.14,USD
2776,2023-08-01T03:31:34Z,2023-08-01,40724,4926,Online,Cash,COUPON015,15.30,AUD
2777,2023-03-06T10:46:35Z,2023-03-06,62994,2692,Franchise,Cash,COUPON042,49.68,AUD
2778,2024-08-21T10:21:31Z,2024-08-21,65119,1474,Retail,Credit Card,COUPON004,15.12,AUD
2779,2024-01-29T06:43:05Z,2024-01-29,56015,2580,Retail,PayPal,COUPON035,12.78,USD
2780,2024-09-25T19:10:34Z,2024-09-25,24308,4548,Retail,Afterpay,COUPON002,18.27,USD
2781,2023-01-04T01:58:43Z,2023-01-04,58295,557,Franchise,PayPal,COUPON035,4.26,AUD
2782,2023-07-04T12:06:00Z,2023-07-04,39664,1267,Franchise,Afterpay,,17.04,USD
2783,2024-01-10T18:48:34Z,2024-01-10,52783,1921,Online,Gift Card,COUPON022,36.98,EUR
2784,2024-04-26T12:33:08Z,2024-04-26,7063,4501,Online,Gift Card,COUPON048,0.80,EUR
2785,2024-05-16T10:45:26Z,2024-05-16,56271,3400,Retail,Gift Card,COUPON018,1.02,AUD
2786,2023-03-16T12:33:47Z,2023-03-16,58250,2100,Franchise,PayPal,COUPON023,6.12,USD
2787,2024-03-21T18:51:38Z,2024-03-21,25370,4993,Franchise,PayPal,COUPON013,22.04,AUD
2788,2023-10-25T09:39:50Z,2023-10-25,20653,1795,Franchise,Gift Card,COUPON016,19.07,AUD
2789,2024-09-29T13:34:05Z,2024-09-29,48372,500,Online,Afterpay,COUPON028,11.48,AUD
2790,2024-05-06T04:42:26Z,2024-05-06,7841,1500,Franchise,PayPal,COUPON004,16.84,USD
2791,2023-03-18T03:54:11Z,2023-03-18,63229,1958,Online,PayPal,COUPON011,39.04,EUR
2792,2024-02-11T15:42:19Z,2024-02-11,59622,284,Franchise,Cash,COUPON001,34.78,AUD
2793,2024-02-02T19:39:26Z,2024-02-02,33264,4318,Franchise,PayPal,COUPON030,37.71,EUR
2794,2023-05-11T16:58:45Z,2023-05-11,62025,889,Retail,Gift Card,COUPON015,47.99,EUR
2795,2023-02-28T01:43:41Z,2023-02-28,53940,795,Retail,Credit Card,COUPON020,3.15,USD
2796,2023-08-22T21:21:20Z,2023-08-22,832,3363,Franchise,Cash,COUPON027,43.05,AUD
2797,2024-01-17T20:29:31Z,2024-01-17,50658,1571,Online,Gift Card,COUPON048,17.53,USD
2798,2023-02-02T04:29:42Z,2023-02-02,56457,4408,Retail,Cash,COUPON010,15.03,AUD
2799,2023-12-22T19:10:32Z,2023-12-22,66057,3555,Online,Cash,COUPON046,8.98,AUD
2800,2023-09-14T01:07:33Z,2023-09-14,71629,3110,Retail,Credit Card,COUPON007,1.91,AUD
2801,2023-09-09T09:07:49Z,2023-09-09,46412,3001,Retail,Afterpay,COUPON013,23.45,USD
2802,2024-04-08T09:08:14Z,2024-04-08,2660,1761,Franchise,Credit Card,COUPON016,49.15,USD
2803,2023-10-30T19:23:31Z,2023-10-30,37361,1506,Franchise,PayPal,COUPON024,31.46,EUR
2804,2024-09-03T08:20:49Z,2024-09-03,79747,3704,Franchise,Afterpay,COUPON034,47.11,EUR
2805,2024-07-11T10:19:41Z,2024-07-11,40808,2571,Retail,Gift Card,COUPON039,28.33,USD
2806,2023-05-29T04:03:55Z,2023-05-29,25647,104,Online,Gift Card,COUPON004,15.39,USD
2807,2023-08-20T23:23:29Z,2023-08-20,6971,231,Online,Credit Card,COUPON045,23.96,EUR
2808,2023-08-24T17:50:30Z,2023-08-24,21864,866,Franchise,PayPal,COUPON018,45.18,EUR
2809,2023-06-16T00:32:12Z,2023-06-16,33646,2893,Retail,Gift Card,COUPON026,40.04,USD
2810,2023-10-31T10:43:44Z,2023-10-31,5112,4454,Franchise,Cash,COUPON007,8.42,EUR
2811,2023-10-08T18:55:20Z,2023-10-08,20034,656,Franchise,Cash,COUPON002,41.49,AUD
2812,2024-06-16T13:29:02Z,2024-06-16,36248,1231,Franchise,PayPal,COUPON041,34.20,USD
2813,2023-07-27T13:27:59Z,2023-07-27,5578,3942,Online,Credit Card,COUPON023,34.81,USD
2814,2023-05-11T00:51:44Z,2023-05-11,77802,3426,Online,Cash,COUPON049,28.73,AUD
2815,2023-07-07T12:12:36Z,2023-07-07,30177,3826,Franchise,Gift Card,COUPON018,10.62,AUD
2816,2024-04-15T05:42:47Z,2024-04-15,74304,794,Franchise,PayPal,COUPON030,20.70,AUD
2817,2023-09-26T04:54:26Z,2023-09-26,22971,263,Retail,Gift Card,COUPON022,32.26,EUR
2818,2023-12-24T22:50:14Z,2023-12-24,59203,1073,Retail,Afterpay,COUPON004,17.95,USD
2819,2023-04-19T19:37:07Z,2023-04-19,55597,1086,Retail,PayPal,COUPON044,33.71,EUR
2820,2023-02-20T12:16:51Z,2023-02-20,38002,1799,Franchise,Cash,COUPON019,21.64,USD
2821,2023-06-27T03:03:22Z,2023-06-27,2378,3229,Franchise,Gift Card,COUPON012,48.63,USD
2822,2024-06-13T16:20:05Z,2024-06-13,37187,432,Online,Gift Card,COUPON035,11.22,USD
2823,2023-07-26T00:50:19Z,2023-07-26,77700,4597,Franchise,Cash,COUPON038,44.52,AUD
2824,2023-07-18T04:33:47Z,2023-07-18,6108,2059,Retail,PayPal,COUPON043,19.62,EUR
2825,2024-05-31T06:41:48Z,2024-05-31,44430,1970,Retail,Afterpay,COUPON037,26.66,EUR
2826,2023-02-24T15:36:51Z,2023-02-24,55998,1428,Franchise,Cash,COUPON024,9.51,USD
2827,2024-02-27T19:33:16Z,2024-02-27,72396,4925,Franchise,Credit Card,COUPON025,36.13,AUD
2828,2024-07-20T16:30:21Z,2024-07-20,55596,2145,Franchise,Credit Card,COUPON017,9.75,USD
2829,2023-03-13T23:00:43Z,2023-03-13,30278,1368,Online,Afterpay,,7.33,AUD
2830,2023-09-22T13:20:08Z,2023-09-22,37571,4694,Franchise,Credit Card,COUPON033,24.30,EUR
2831,2023-11-30T07:30:33Z,2023-11-30,67895,1553,Retail,PayPal,COUPON005,10.14,EUR
2832,2024-08-04T04:48:17Z,2024-08-04,9165,2847,Retail,PayPal,COUPON017,28.72,EUR
2833,2023-01-06T12:13:15Z,2023-01-06,40470,585,Retail,Cash,COUPON044,6.12,AUD
2834,2024-09-19T00:59:54Z,2024-09-19,17152,2181,Online,PayPal,COUPON023,39.94,USD
2835,2023-05-12T04:52:35Z,2023-05-12,48768,2736,Online,PayPal,COUPON013,13.82,AUD
2836,2023-03-23T13:00:37Z,2023-03-23,41360,836,Online,Afterpay,COUPON009,43.64,USD
2837,2024-06-05T09:12:02Z,2024-06-05,3460,4713,Retail,PayPal,COUPON023,42.57,AUD
2838,2023-05-01T15:48:19Z,2023-05-01,15557,1810,Online,Cash,COUPON006,41.20,AUD
2839,2023-08-07T09:56:35Z,2023-08-07,23440,4161,Online,Afterpay,COUPON043,40.50,AUD
2840,2024-01-22T15:57:06Z,2024-01-22,61447,1129,Retail,Afterpay,COUPON019,38.19,AUD
2841,2023-02-24T01:45:23Z,2023-02-24,6118,3130,Franchise,Gift Card,COUPON032,16.79,USD
2842,2023-08-10T04:47:12Z,2023-08-10,72474,595,Online,Gift Card,COUPON036,36.74,EUR
2843,2024-06-24T17:13:11Z,2024-06-24,44480,217,Online,Credit Card,COUPON041,38.55,EUR
2844,2023-05-27T05:19:20Z,2023-05-27,41638,1810,Franchise,Afterpay,COUPON041,35.68,USD
2845,2024-06-18T01:04:38Z,2024-06-18,14235,2707,Franchise,Afterpay,COUPON018,31.73,EUR
2846,2023-12-07T21:24:24Z,2023-12-07,46996,1837,Franchise,Gift Card,COUPON007,15.35,EUR
2847,2023-01-04T04:27:29Z,2023-01-04,31011,3598,Online,Gift Card,COUPON044,1.61,USD
2848,2024-05-30T23:34:38Z,2024-05-30,17239,198,Online,PayPal,,43.01,USD
2849,2023-11-05T23:03:43Z,2023-11-05,25260,4342,Retail,PayPal,COUPON004,47.35,USD
2850,2023-10-18T14:54:39Z,2023-10-18,7958,1523,Online,PayPal,COUPON011,4.21,EUR
2851,2024-04-26T12:18:49Z,2024-04-26,65279,2841,Online,PayPal,COUPON049,12.09,USD
2852,2023-04-14T03:31:52Z,2023-04-14,26996,1066,Online,Afterpay,COUPON025,35.85,USD
2853,2024-09-28T09:19:48Z,2024-09-28,12897,3873,Online,Afterpay,COUPON008,45.24,AUD
2854,2024-08-29T14:16:02Z,2024-08-29,3122,4268,Online,Gift Card,COUPON029,23.68,AUD
2855,2023-12-31T20:39:32Z,2023-12-31,75358,4125,Franchise,Afterpay,COUPON049,49.15,AUD
2856,2023-01-03T11:07:36Z,2023-01-03,31972,586,Retail,Credit Card,COUPON010,38.39,USD
2857,2023-11-18T15:57:50Z,2023-11-18,69124,3876,Franchise,PayPal,COUPON006,16.79,AUD
2858,2024-05-03T05:08:42Z,2024-05-03,11939,396,Retail,Credit Card,COUPON031,20.34,USD
2859,2023-09-30T18:55:34Z,2023-09-30,36940,3199,Retail,Cash,COUPON022,44.49,USD
2860,2023-05-26T20:27:40Z,2023-05-26,34612,2399,Retail,PayPal,COUPON005,22.61,USD
2861,2023-11-05T05:39:25Z,2023-11-05,62050,870,Online,PayPal,COUPON044,27.01,EUR
2862,2023-08-06T17:11:10Z,2023-08-06,10588,2368,Online,Cash,COUPON034,29.74,USD
2863,2023-07-14T20:36:00Z,2023-07-14,78858,2180,Franchise,Cash,,47.72,AUD
2864,2023-11-05T05:11:10Z,2023-11-05,65794,960,Online,Gift Card,COUPON017,28.81,USD
2865,2024-04-22T10:39:51Z,2024-04-22,6607,4100,Online,PayPal,COUPON046,16.08,AUD
2866,2023-12-28T08:54:00Z,2023-12-28,58652,1189,Retail,Cash,,15.88,USD
2867,2024-08-20T08:54:45Z,2024-08-20,57615,3109,Franchise,PayPal,COUPON029,20.38,USD
2868,2024-04-11T00:28:27Z,2024-04-11,60861,2404,Franchise,Afterpay,COUPON004,11.64,AUD
2869,2023-11-28T15:30:18Z,2023-11-28,59151,2658,Franchise,PayPal,COUPON031,22.47,EUR
2870,2024-07-13T14:11:10Z,2024-07-13,49776,2727,Franchise,Credit Card,COUPON028,32.43,AUD
2871,2024-05-08T01:37:16Z,2024-05-08,67706,3798,Retail,PayPal,COUPON009,24.85,EUR
2872,2024-01-31T02:43:04Z,2024-01-31,16445,537,Online,Cash,COUPON028,6.37,AUD
2873,2024-05-24T22:23:59Z,2024-05-24,26010,4313,Retail,Afterpay,COUPON028,20.09,AUD
2874,2023-07-18T20:39:17Z,2023-07-18,27949,1381,Franchise,Credit Card,COUPON038,22.80,USD
2875,2023-05-27T19:02:00Z,2023-05-27,39655,873,Retail,Gift Card,COUPON012,23.52,EUR
2876,2023-08-02T11:11:27Z,2023-08-02,16059,274,Retail,Afterpay,COUPON025,6.89,USD
2877,2024-02-29T07:26:03Z,2024-02-29,11352,2176,Franchise,PayPal,COUPON026,23.11,AUD
2878,2023-09-11T01:07:52Z,2023-09-11,58220,1204,Online,Gift Card,COUPON043,41.61,AUD
2879,2023-09-06T08:39:09Z,2023-09-06,8573,2339,Online,Cash,COUPON025,38.85,USD
2880,2024-08-27T01:29:09Z,2024-08-27,19310,4230,Online,Afterpay,COUPON022,13.50,EUR
2881,2024-02-11T06:23:54Z,2024-02-11,60824,360,Retail,Afterpay,COUPON044,35.30,USD
2882,2023-11-24T12:49:49Z,2023-11-24,56929,1610,Retail,Credit Card,COUPON011,11.64,USD
2883,2023-06-07T14:26:07Z,2023-06-07,27666,3928,Online,Afterpay,COUPON047,45.84,USD
2884,2023-08-23T07:34:56Z,2023-08-23,73269,2801,Franchise,Credit Card,COUPON015,48.01,AUD
2885,2023-07-28T23:10:44Z,2023-07-28,22985,835,Retail,Cash,COUPON003,42.28,EUR
2886,2023-08-25T23:48:09Z,2023-08-25,44201,3585,Retail,Afterpay,COUPON012,19.88,EUR
2887,2023-10-02T04:48:01Z,2023-10-02,50143,4670,Franchise,Cash,COUPON015,16.87,EUR
2888,2023-07-08T08:33:41Z,2023-07-08,29128,2439,Franchise,Cash,COUPON006,33.51,USD
2889,2024-01-15T21:22:14Z,2024-01-15,60172,978,Online,Cash,COUPON025,48.46,USD
2890,2023-01-07T13:24:57Z,2023-01-07,72684,2583,Online,Afterpay,COUPON028,37.69,USD
2891,2023-04-21T18:59:48Z,2023-04-21,12616,1079,Franchise,PayPal,COUPON031,12.53,EUR
2892,2023-08-29T14:45:43Z,2023-08-29,70921,3191,Retail,Credit Card,COUPON043,21.00,EUR
2893,2024-02-26T10:10:30Z,2024-02-26,66253,411,Retail,Afterpay,COUPON014,17.92,AUD
2894,2023-01-23T12:13:16Z,2023-01-23,55350,1681,Online,PayPal,COUPON013,9.90,AUD
2895,2023-05-02T22:20:42Z,2023-05-02,64915,3061,Online,Cash,COUPON022,22.14,USD
2896,2023-05-30T16:20:46Z,2023-05-30,70087,412,Retail,Afterpay,COUPON011,44.11,AUD
2897,2023-03-12T19:08:53Z,2023-03-12,75564,3090,Franchise,Cash,COUPON050,27.94,EUR
2898,2023-10-13T03:27:04Z,2023-10-13,52407,405,Online,Cash,COUPON008,41.09,USD
2899,2024-08-30T06:46:18Z,2024-08-30,53226,1847,Franchise,Afterpay,COUPON044,42.88,EUR
2900,2023-04-04T12:43:31Z,2023-04-04,47020,2213,Retail,Credit Card,COUPON017,19.33,AUD
2901,2023-06-14T19:11:23Z,2023-06-14,44895,3958,Online,Credit Card,COUPON011,47.08,AUD
2902,2024-04-28T05:47:32Z,2024-04-28,34470,4818,Franchise,Credit Card,COUPON025,48.11,AUD
2903,2023-09-05T04:14:31Z,2023-09-05,11497,1861,Online,PayPal,COUPON022,45.74,USD
2904,2024-05-18T23:16:39Z,2024-05-18,60828,4181,Online,Gift Card,COUPON026,27.60,USD
2905,2023-07-29T20:43:32Z,2023-07-29,19712,621,Retail,Credit Card,COUPON026,34.70,EUR
2906,2024-03-14T18:38:15Z,2024-03-14,53951,4068,Franchise,Cash,COUPON015,1.49,USD
2907,2023-03-13T04:06:48Z,2023-03-13,61249,3356,Online,Credit Card,COUPON038,35.80,USD
2908,2024-04-27T05:10:02Z,2024-04-27,56897,3935,Franchise,PayPal,COUPON040,16.94,USD
2909,2024-05-23T21:22:37Z,2024-05-23,39030,3900,Franchise,PayPal,COUPON037,0.78,AUD
2910,2023-08-12T10:01:23Z,2023-08-12,29001,4936,Retail,Gift Card,COUPON025,33.03,EUR
2911,2023-06-06T02:27:32Z,2023-06-06,14344,4910,Franchise,PayPal,COUPON036,39.43,USD
2912,2023-04-23T02:46:05Z,2023-04-23,42914,2565,Online,Afterpay,COUPON026,9.23,AUD
2913,2023-06-17T12:23:41Z,2023-06-17,65647,4456,Online,Credit Card,COUPON022,28.36,AUD
2914,2024-06-09T05:09:34Z,2024-06-09,24872,1914,Online,Afterpay,COUPON050,0.41,USD
2915,2023-07-28T13:52:37Z,2023-07-28,9978,17,Retail,Afterpay,COUPON044,6.41,AUD
2916,2024-01-11T23:43:47Z,2024-01-11,5988,881,Online,Credit Card,COUPON022,0.78,USD
2917,2024-01-10T08:52:10Z,2024-01-10,77517,3460,Online,Credit Card,COUPON025,12.00,USD
2918,2023-07-08T21:46:01Z,2023-07-08,16322,498,Franchise,PayPal,COUPON024,35.00,USD
2919,2023-01-03T19:07:36Z,2023-01-03,61044,4147,Retail,PayPal,COUPON026,15.75,AUD
2920,2023-04-22T04:02:28Z,2023-04-22,45686,2023,Online,Cash,COUPON019,33.00,USD
2921,2023-04-03T12:07:20Z,2023-04-03,57162,320,Online,PayPal,COUPON021,44.68,EUR
2922,2023-02-04T12:18:44Z,2023-02-04,14266,3409,Online,Gift Card,COUPON038,48.74,AUD
2923,2024-04-22T03:33:42Z,2024-04-22,72853,3789,Retail,Afterpay,COUPON012,3.14,EUR
2924,2024-02-08T00:29:43Z,2024-02-08,28765,841,Retail,Credit Card,COUPON040,45.58,EUR
2925,2023-09-24T16:08:05Z,2023-09-24,18148,2199,Franchise,PayPal,COUPON026,41.83,AUD
2926,2023-11-17T14:22:13Z,2023-11-17,49215,231,Online,Cash,COUPON019,2.71,AUD
2927,2023-05-28T17:39:27Z,2023-05-28,72110,2517,Online,Cash,COUPON028,24.43,AUD
2928,2023-06-04T04:59:41Z,2023-06-04,806,2756,Online,Cash,COUPON015,1.27,EUR
2929,2024-04-13T08:26:49Z,2024-04-13,48926,2828,Franchise,Credit Card,COUPON005,13.29,USD
2930,2024-06-29T05:51:22Z,2024-06-29,79673,943,Retail,PayPal,COUPON040,4.69,AUD
2931,2023-02-17T05:40:00Z,2023-02-17,12342,2416,Retail,Gift Card,COUPON031,20.77,USD
2932,2024-03-28T08:48:41Z,2024-03-28,68128,4347,Retail,Cash,COUPON049,2.24,AUD
2933,2023-06-27T14:49:10Z,2023-06-27,821,813,Franchise,PayPal,COUPON037,14.64,AUD
2934,2023-11-23T18:06:12Z,2023-11-23,66321,4369,Franchise,Afterpay,COUPON002,21.28,AUD
2935,2024-05-02T21:47:35Z,2024-05-02,75380,4274,Franchise,Afterpay,COUPON015,46.84,AUD
2936,2023-06-27T08:56:27Z,2023-06-27,14688,1042,Franchise,Credit Card,COUPON045,29.70,USD
2937,2023-11-18T01:12:50Z,2023-11-18,33334,1939,Online,Credit Card,COUPON021,38.59,USD
2938,2023-02-07T01:35:07Z,2023-02-07,77491,2809,Online,Afterpay,COUPON027,3.14,USD
2939,2024-03-24T15:19:13Z,2024-03-24,54834,2733,Retail,Credit Card,COUPON013,32.32,EUR
2940,2023-12-30T04:52:39Z,2023-12-30,55676,4674,Online,Gift Card,COUPON004,13.90,AUD
2941,2023-06-29T20:08:02Z,2023-06-29,62156,2869,Retail,Cash,COUPON029,2.20,USD
2942,2024-04-20T08:38:38Z,2024-04-20,26644,4816,Online,Afterpay,COUPON046,25.90,EUR
2943,2023-04-30T04:51:37Z,2023-04-30,76398,1186,Franchise,Afterpay,COUPON038,28.48,AUD
2944,2024-08-24T18:50:39Z,2024-08-24,36025,3232,Retail,PayPal,COUPON034,49.21,USD
2945,2024-05-08T22:01:12Z,2024-05-08,36495,4590,Online,Credit Card,COUPON018,24.85,EUR
2946,2024-04-05T06:41:46Z,2024-04-05,56801,1086,Online,Afterpay,COUPON011,15.82,USD
2947,2023-03-10T06:40:31Z,2023-03-10,4279,2324,Franchise,PayPal,COUPON036,18.93,EUR
2948,2023-10-23T21:26:16Z,2023-10-23,67790,3809,Franchise,Credit Card,COUPON019,40.92,AUD
2949,2024-07-20T03:40:29Z,2024-07-20,46430,4692,Online,Cash,COUPON003,30.27,USD
2950,2023-05-27T13:38:27Z,2023-05-27,76098,1206,Franchise,Credit Card,COUPON037,24.87,EUR
2951,2023-08-27T12:31:09Z,2023-08-27,6627,4309,Franchise,Gift Card,COUPON005,20.50,USD
2952,2023-02-25T08:36:53Z,2023-02-25,67317,4673,Retail,PayPal,COUPON036,3.04,EUR
2953,2023-01-09T20:48:48Z,2023-01-09,45299,4044,Online,Afterpay,COUPON032,40.94,AUD
2954,2024-03-20T10:17:17Z,2024-03-20,64310,301,Retail,PayPal,COUPON010,30.70,AUD
2955,2024-03-07T23:19:18Z,2024-03-07,15118,3840,Franchise,Cash,COUPON004,38.56,EUR
2956,2023-01-25T23:16:26Z,2023-01-25,75522,3355,Online,PayPal,COUPON040,14.21,AUD
2957,2024-03-06T13:45:59Z,2024-03-06,42963,621,Online,Afterpay,COUPON049,39.68,AUD
2958,2023-12-22T19:54:58Z,2023-12-22,17171,2350,Retail,Cash,COUPON013,12.09,USD
2959,2023-12-02T03:58:12Z,2023-12-02,56184,2418,Online,Cash,COUPON035,46.43,USD
2960,2023-09-08T21:29:26Z,2023-09-08,40530,4982,Retail,Afterpay,COUPON024,35.99,AUD
2961,2023-02-25T00:31:41Z,2023-02-25,49814,2412,Retail,PayPal,COUPON027,34.63,USD
2962,2023-08-24T14:40:08Z,2023-08-24,27428,1971,Online,Credit Card,COUPON023,45.70,USD
2963,2024-04-11T04:11:00Z,2024-04-11,24765,2231,Online,Gift Card,COUPON003,45.50,USD
2964,2023-03-22T23:04:44Z,2023-03-22,74119,2388,Franchise,Gift Card,COUPON012,6.35,USD
2965,2023-12-02T06:27:24Z,2023-12-02,38321,3773,Online,Gift Card,COUPON041,47.62,AUD
2966,2024-08-12T18:06:31Z,2024-08-12,44952,1989,Online,Afterpay,COUPON020,28.18,AUD
2967,2023-01-26T04:01:37Z,2023-01-26,41024,988,Online,Cash,COUPON027,37.81,USD
2968,2023-12-28T04:04:19Z,2023-12-28,12912,84,Online,Gift Card,COUPON010,8.81,EUR
2969,2023-03-27T14:26:14Z,2023-03-27,3884,2136,Franchise,Afterpay,COUPON026,13.93,EUR
2970,2023-10-10T22:18:19Z,2023-10-10,14878,99,Online,Cash,COUPON040,31.61,USD
2971,2024-10-01T12:46:08Z,2024-10-01,60987,1929,Franchise,Afterpay,COUPON022,16.92,AUD
2972,2024-08-10T11:30:30Z,2024-08-10,15970,828,Retail,Afterpay,COUPON029,27.17,USD
2973,2023-02-15T22:50:39Z,2023-02-15,5290,2208,Online,Afterpay,COUPON020,3.44,EUR
2974,2023-06-11T18:56:35Z,2023-06-11,48569,439,Retail,Credit Card,COUPON021,39.55,USD
2975,2024-08-26T17:05:27Z,2024-08-26,39151,2265,Retail,Credit Card,COUPON008,13.51,AUD
2976,2023-04-30T21:23:07Z,2023-04-30,21097,2782,Franchise,Credit Card,COUPON028,38.16,AUD
2977,2024-07-04T00:11:18Z,2024-07-04,69384,516,Retail,Afterpay,COUPON003,12.90,USD
2978,2024-05-06T15:23:27Z,2024-05-06,52602,3149,Retail,PayPal,COUPON017,42.02,AUD
2979,2023-08-12T02:07:10Z,2023-08-12,77936,3937,Retail,Gift Card,COUPON039,46.98,AUD
2980,2024-07-22T21:27:56Z,2024-07-22,71070,3566,Franchise,Gift Card,COUPON036,16.52,AUD
2981,2023-06-14T16:40:56Z,2023-06-14,8375,2783,Franchise,Gift Card,COUPON021,27.84,USD
2982,2023-11-20T14:37:30Z,2023-11-20,25354,274,Franchise,Gift Card,COUPON046,42.63,EUR
2983,2024-04-01T23:29:18Z,2024-04-01,58847,4923,Online,Credit Card,COUPON006,23.79,EUR
2984,2023-06-02T08:02:52Z,2023-06-02,3550,747,Retail,PayPal,COUPON016,25.00,EUR
2985,2023-10-27T22:41:24Z,2023-10-27,61283,4933,Franchise,Cash,COUPON021,15.06,USD
2986,2023-01-01T15:13:16Z,2023-01-01,23104,3283,Franchise,Gift Card,COUPON041,16.40,USD
2987,2024-04-17T16:03:18Z,2024-04-17,73892,400,Retail,Cash,COUPON041,32.42,EUR
2988,2023-01-09T19:09:30Z,2023-01-09,29816,3300,Franchise,PayPal,COUPON046,20.32,USD
3257,2023-09-04T05:37:35Z,2023-09-04,39689,3071,Franchise,Gift Card,COUPON003,1.09,AUD
2990,2024-07-20T14:29:35Z,2024-07-20,26873,2499,Franchise,Gift Card,COUPON038,25.50,USD
2991,2024-05-21T07:10:38Z,2024-05-21,8989,1453,Retail,Credit Card,COUPON001,12.29,EUR
2992,2024-05-22T01:15:02Z,2024-05-22,74342,2285,Online,Credit Card,COUPON046,15.08,USD
2993,2024-09-27T20:43:33Z,2024-09-27,24851,1852,Franchise,Cash,COUPON024,48.12,EUR
2994,2023-11-01T23:58:17Z,2023-11-01,33817,1064,Franchise,Credit Card,COUPON035,0.99,EUR
2995,2023-10-14T13:59:33Z,2023-10-14,60467,2939,Franchise,Afterpay,COUPON044,7.36,AUD
2996,2023-04-09T19:32:31Z,2023-04-09,53339,3566,Online,Credit Card,COUPON018,36.79,AUD
2997,2023-05-12T03:33:50Z,2023-05-12,55438,3093,Retail,Credit Card,COUPON026,30.34,AUD
2998,2024-09-29T11:08:39Z,2024-09-29,53685,256,Retail,PayPal,COUPON006,3.07,USD
2999,2023-07-15T05:33:07Z,2023-07-15,28020,458,Online,Afterpay,COUPON029,17.84,USD
3000,2024-09-22T14:37:17Z,2024-09-22,49745,2254,Online,Gift Card,COUPON019,10.57,EUR
3001,2024-03-21T07:04:59Z,2024-03-21,40280,2878,Online,Cash,COUPON011,46.21,USD
3002,2023-10-06T16:38:36Z,2023-10-06,40945,3980,Franchise,PayPal,COUPON050,32.28,USD
3003,2024-01-24T22:43:10Z,2024-01-24,59068,734,Retail,Afterpay,COUPON040,5.48,AUD
3004,2023-04-08T16:21:43Z,2023-04-08,19974,1710,Online,Cash,COUPON048,3.41,USD
3005,2024-05-07T09:03:30Z,2024-05-07,23535,3461,Franchise,Gift Card,COUPON047,20.89,EUR
3006,2023-01-10T06:35:39Z,2023-01-10,53024,4471,Retail,Credit Card,COUPON006,46.99,AUD
3007,2024-02-29T03:43:16Z,2024-02-29,71494,858,Retail,Cash,COUPON048,33.03,AUD
3008,2023-01-26T06:04:58Z,2023-01-26,56756,2941,Franchise,Cash,COUPON027,36.34,AUD
3009,2023-12-09T03:19:56Z,2023-12-09,32051,4949,Retail,Credit Card,COUPON021,6.49,EUR
3010,2024-08-21T16:33:33Z,2024-08-21,52310,3504,Franchise,Afterpay,COUPON008,33.23,USD
3011,2023-10-03T19:49:55Z,2023-10-03,47267,4211,Online,Gift Card,COUPON038,40.19,EUR
3012,2024-03-07T17:57:47Z,2024-03-07,67114,2573,Franchise,Afterpay,COUPON044,20.07,USD
3013,2024-05-26T15:36:18Z,2024-05-26,68955,2111,Franchise,Afterpay,COUPON010,27.01,USD
3014,2023-06-21T00:49:49Z,2023-06-21,43468,4558,Franchise,Afterpay,COUPON043,6.00,AUD
3015,2023-07-13T13:33:34Z,2023-07-13,20843,1104,Retail,Credit Card,COUPON035,5.96,EUR
3016,2024-09-15T04:14:55Z,2024-09-15,44187,4292,Online,Gift Card,COUPON017,9.20,EUR
3017,2024-02-13T05:29:09Z,2024-02-13,43369,3368,Online,Credit Card,COUPON040,23.47,AUD
3018,2023-09-27T14:54:09Z,2023-09-27,13290,1322,Franchise,Credit Card,COUPON044,48.41,EUR
3019,2023-07-16T08:01:09Z,2023-07-16,29240,1691,Online,Credit Card,COUPON030,6.76,USD
3020,2024-05-17T15:47:00Z,2024-05-17,50236,3569,Online,PayPal,COUPON018,17.73,EUR
3021,2024-09-22T10:48:21Z,2024-09-22,16480,1905,Retail,Afterpay,COUPON044,16.41,EUR
3022,2023-10-15T12:15:46Z,2023-10-15,8233,4388,Retail,Gift Card,COUPON017,30.53,EUR
3023,2023-01-09T22:28:35Z,2023-01-09,13641,2334,Retail,PayPal,COUPON015,4.83,EUR
3024,2024-05-10T00:57:22Z,2024-05-10,46611,2840,Retail,Afterpay,COUPON036,2.61,USD
3025,2024-01-29T10:35:29Z,2024-01-29,29670,1300,Online,Gift Card,COUPON004,6.22,AUD
3026,2023-05-24T21:06:21Z,2023-05-24,16105,2806,Franchise,PayPal,COUPON010,31.81,USD
3027,2023-02-20T11:32:41Z,2023-02-20,52019,742,Online,Gift Card,COUPON043,34.73,AUD
3028,2023-06-07T17:32:28Z,2023-06-07,66294,3518,Online,Gift Card,COUPON003,10.10,USD
3029,2024-09-06T17:02:22Z,2024-09-06,30537,122,Retail,Gift Card,COUPON020,15.01,AUD
3030,2023-11-15T09:05:25Z,2023-11-15,49975,2258,Online,Afterpay,COUPON040,39.94,AUD
3031,2024-08-24T01:35:23Z,2024-08-24,29768,4829,Retail,Cash,COUPON030,25.57,AUD
3032,2023-09-12T03:26:43Z,2023-09-12,84020,5905,Retail,Gift Card,COUPON046,24.97,USD
3033,2024-06-02T19:22:06Z,2024-06-02,63028,1473,Franchise,Gift Card,COUPON019,30.42,USD
3034,2024-07-08T09:17:33Z,2024-07-08,77471,4114,Retail,Afterpay,COUPON015,46.10,USD
3035,2023-10-25T03:01:12Z,2023-10-25,65032,1515,Retail,Gift Card,COUPON011,34.00,USD
3036,2024-03-06T15:26:39Z,2024-03-06,24669,417,Retail,Cash,COUPON032,11.99,AUD
3037,2024-05-17T10:14:51Z,2024-05-17,18312,2033,Online,Cash,COUPON050,4.11,AUD
3038,2024-01-06T11:56:12Z,2024-01-06,18587,2376,Retail,Gift Card,COUPON021,3.29,USD
3039,2024-02-10T19:07:08Z,2024-02-10,7075,308,Online,Gift Card,COUPON012,18.44,AUD
3040,2023-04-29T13:19:19Z,2023-04-29,55293,3020,Retail,Afterpay,COUPON043,17.24,USD
3041,2024-05-07T03:50:02Z,2024-05-07,61252,4813,Franchise,Cash,COUPON035,35.28,AUD
3042,2023-09-04T05:00:41Z,2023-09-04,9962,55,Franchise,Afterpay,COUPON027,45.53,AUD
3043,2023-02-23T05:29:28Z,2023-02-23,78116,3754,Online,PayPal,COUPON003,2.48,USD
3044,2023-02-06T00:22:14Z,2023-02-06,22137,2064,Franchise,Credit Card,COUPON018,1.91,EUR
3045,2024-08-04T12:27:31Z,2024-08-04,21948,1172,Franchise,PayPal,COUPON039,25.58,AUD
3046,2023-08-15T20:32:25Z,2023-08-15,14949,532,Retail,Credit Card,COUPON034,43.48,EUR
3047,2024-01-11T00:41:41Z,2024-01-11,46724,785,Retail,Cash,COUPON044,17.70,AUD
3048,2023-01-03T01:05:37Z,2023-01-03,31545,3695,Franchise,Afterpay,COUPON026,7.78,USD
3049,2024-04-11T06:14:40Z,2024-04-11,68843,3737,Online,Afterpay,COUPON034,41.12,USD
3050,2023-08-15T09:39:44Z,2023-08-15,53194,652,Retail,Gift Card,COUPON033,11.63,AUD
3051,2024-06-14T00:05:46Z,2024-06-14,20489,2036,Franchise,PayPal,COUPON037,15.70,AUD
3052,2024-02-21T04:34:50Z,2024-02-21,44397,3789,Retail,PayPal,COUPON029,28.04,USD
3053,2024-05-18T23:17:36Z,2024-05-18,45757,2317,Retail,Afterpay,COUPON007,26.70,AUD
3054,2023-01-15T23:56:08Z,2023-01-15,62946,2174,Retail,PayPal,COUPON023,31.62,AUD
3055,2023-06-09T20:37:35Z,2023-06-09,22069,1017,Franchise,Cash,COUPON002,14.99,USD
3056,2023-06-25T21:48:13Z,2023-06-25,59873,568,Franchise,Afterpay,COUPON010,4.09,USD
3057,2023-08-06T00:22:42Z,2023-08-06,74350,2882,Online,Credit Card,COUPON016,22.42,AUD
3058,2024-09-15T14:59:34Z,2024-09-15,72578,4769,Retail,Gift Card,COUPON037,2.25,AUD
3059,2024-05-20T15:10:46Z,2024-05-20,67814,3589,Franchise,Credit Card,COUPON024,25.04,USD
3060,2024-08-17T09:24:06Z,2024-08-17,55603,2394,Retail,Afterpay,COUPON018,49.75,USD
3061,2024-07-26T17:04:59Z,2024-07-26,44588,4732,Franchise,Gift Card,COUPON004,31.69,EUR
3062,2024-08-20T07:27:45Z,2024-08-20,5953,117,Franchise,PayPal,COUPON023,15.26,USD
3063,2024-08-04T03:21:53Z,2024-08-04,58278,2940,Online,Afterpay,COUPON006,7.33,USD
3064,2023-02-26T02:01:24Z,2023-02-26,28564,4665,Retail,Credit Card,COUPON029,30.26,USD
3065,2023-09-27T21:23:49Z,2023-09-27,54210,1516,Franchise,Cash,COUPON031,1.64,AUD
3066,2023-12-15T18:26:57Z,2023-12-15,46257,1055,Online,Credit Card,COUPON018,25.16,EUR
3067,2023-09-20T20:56:51Z,2023-09-20,12701,3860,Online,Credit Card,COUPON036,29.78,EUR
3068,2023-10-26T00:07:24Z,2023-10-26,42501,308,Online,Cash,COUPON043,0.11,USD
3069,2023-12-12T20:19:23Z,2023-12-12,88126,5547,Online,Gift Card,COUPON003,17.43,USD
3070,2023-05-17T02:18:59Z,2023-05-17,54541,2661,Online,Credit Card,COUPON042,35.60,AUD
3071,2024-01-03T02:00:46Z,2024-01-03,77648,3850,Retail,Cash,COUPON039,8.98,USD
3072,2023-06-08T03:28:42Z,2023-06-08,70879,239,Retail,Afterpay,COUPON011,28.19,EUR
3073,2023-03-02T03:41:31Z,2023-03-02,32874,1101,Online,Cash,COUPON031,17.20,USD
3074,2024-03-21T04:59:16Z,2024-03-21,34337,3082,Franchise,Cash,COUPON017,46.68,EUR
3075,2024-07-29T13:40:00Z,2024-07-29,62065,1175,Retail,Afterpay,COUPON037,37.58,AUD
3076,2023-02-19T21:12:00Z,2023-02-19,66037,2636,Online,Afterpay,COUPON004,36.67,USD
3077,2023-12-19T15:55:14Z,2023-12-19,34300,1309,Online,Gift Card,COUPON044,6.04,USD
3078,2023-02-04T01:56:15Z,2023-02-04,39134,1590,Retail,Gift Card,COUPON013,17.30,EUR
3079,2024-05-24T17:05:02Z,2024-05-24,56522,2017,Online,Afterpay,COUPON025,40.64,AUD
3080,2024-05-03T05:43:44Z,2024-05-03,59561,2137,Retail,Gift Card,COUPON036,47.71,AUD
3081,2023-05-20T05:36:59Z,2023-05-20,49870,1044,Online,Gift Card,COUPON046,24.24,USD
3082,2023-05-11T15:03:59Z,2023-05-11,18103,257,Retail,Gift Card,COUPON021,26.48,EUR
3083,2023-10-10T15:16:11Z,2023-10-10,12521,4321,Retail,Credit Card,COUPON032,19.95,AUD
3084,2023-01-14T21:40:01Z,2023-01-14,10281,1699,Retail,Cash,COUPON038,21.58,USD
3085,2023-05-29T21:07:28Z,2023-05-29,71333,4609,Retail,Credit Card,COUPON010,22.73,AUD
3086,2024-02-02T08:00:44Z,2024-02-02,36215,1203,Online,Credit Card,COUPON033,38.44,EUR
3087,2023-03-10T03:35:40Z,2023-03-10,44289,1566,Retail,Gift Card,COUPON032,32.95,USD
3088,2023-09-16T10:54:24Z,2023-09-16,65197,937,Retail,Gift Card,COUPON016,45.79,USD
3089,2023-02-16T17:04:08Z,2023-02-16,55128,1981,Online,PayPal,COUPON011,38.03,USD
3090,2024-01-25T13:03:53Z,2024-01-25,53113,652,Retail,Cash,COUPON008,49.84,AUD
3091,2023-09-20T02:39:59Z,2023-09-20,12588,1462,Franchise,Gift Card,COUPON027,15.14,EUR
3092,2024-05-20T09:40:17Z,2024-05-20,79637,841,Retail,PayPal,COUPON038,41.40,USD
3093,2023-03-24T12:12:45Z,2023-03-24,45243,697,Franchise,PayPal,COUPON001,7.90,USD
3094,2024-02-21T21:37:35Z,2024-02-21,51500,170,Franchise,Credit Card,COUPON008,24.47,USD
3095,2024-07-18T08:32:41Z,2024-07-18,14911,2570,Retail,Afterpay,COUPON006,41.21,USD
3096,2023-12-25T21:24:26Z,2023-12-25,78183,707,Online,Gift Card,COUPON013,42.04,AUD
3097,2024-05-01T02:05:52Z,2024-05-01,57880,3948,Franchise,Gift Card,COUPON042,39.67,AUD
3098,2023-05-26T20:01:56Z,2023-05-26,71383,2901,Retail,PayPal,COUPON031,5.75,EUR
3099,2024-08-07T12:11:52Z,2024-08-07,8306,1926,Retail,Credit Card,COUPON007,15.55,USD
3100,2024-02-10T13:30:45Z,2024-02-10,24535,4556,Franchise,Credit Card,COUPON025,20.06,EUR
3101,2023-05-23T19:38:41Z,2023-05-23,28136,2238,Retail,PayPal,COUPON031,0.37,AUD
3102,2023-01-01T07:52:59Z,2023-01-01,52329,4136,Franchise,Cash,COUPON004,16.84,AUD
3103,2024-08-18T07:40:41Z,2024-08-18,39166,1351,Retail,Cash,COUPON009,14.03,AUD
3104,2023-09-26T08:57:01Z,2023-09-26,47328,3242,Franchise,PayPal,COUPON003,9.60,EUR
3105,2024-03-15T01:26:52Z,2024-03-15,45608,1792,Franchise,Credit Card,COUPON044,45.66,USD
3106,2023-04-04T06:05:00Z,2023-04-04,43663,2614,Retail,Gift Card,COUPON049,46.48,EUR
3107,2024-01-22T05:47:38Z,2024-01-22,20300,1233,Online,Gift Card,COUPON004,39.09,EUR
3108,2024-05-20T03:16:31Z,2024-05-20,33491,3325,Online,PayPal,COUPON029,18.51,USD
3109,2023-11-18T22:06:37Z,2023-11-18,77655,314,Online,Credit Card,COUPON028,16.75,EUR
3110,2024-04-27T11:39:58Z,2024-04-27,64956,1141,Retail,Credit Card,COUPON023,34.78,AUD
3111,2023-11-13T00:24:32Z,2023-11-13,21249,4351,Franchise,Credit Card,COUPON038,12.48,USD
3112,2023-07-07T16:46:06Z,2023-07-07,31741,3368,Online,Gift Card,COUPON037,46.01,USD
3113,2023-09-06T21:10:04Z,2023-09-06,24203,2900,Online,PayPal,COUPON020,32.64,USD
3114,2023-05-05T12:14:07Z,2023-05-05,12772,174,Online,Cash,COUPON001,25.37,AUD
3115,2024-08-08T08:00:56Z,2024-08-08,10998,1574,Retail,Cash,COUPON016,3.36,USD
3116,2023-11-07T04:37:09Z,2023-11-07,76400,3237,Retail,Gift Card,COUPON029,25.15,USD
3117,2023-03-27T20:08:54Z,2023-03-27,25203,1489,Retail,Gift Card,COUPON018,9.59,AUD
3118,2023-04-05T16:29:56Z,2023-04-05,5805,471,Franchise,PayPal,COUPON008,30.77,USD
3119,2024-05-25T01:00:40Z,2024-05-25,30768,4127,Online,Afterpay,COUPON007,26.09,AUD
3120,2023-05-12T23:58:50Z,2023-05-12,63525,2048,Franchise,Afterpay,COUPON025,1.33,AUD
3121,2024-01-28T19:03:15Z,2024-01-28,50955,3679,Retail,Afterpay,,40.66,AUD
3122,2023-07-23T13:17:00Z,2023-07-23,35310,3534,Franchise,Afterpay,COUPON012,48.74,EUR
3123,2024-04-19T16:22:24Z,2024-04-19,80,1175,Retail,Cash,COUPON002,0.06,USD
3124,2023-09-16T05:31:56Z,2023-09-16,594,2792,Franchise,Cash,COUPON039,8.88,AUD
3125,2024-02-18T03:46:34Z,2024-02-18,72559,1975,Online,Afterpay,COUPON039,16.77,USD
3126,2023-08-12T03:37:31Z,2023-08-12,37173,3684,Retail,Cash,COUPON011,49.90,EUR
3127,2024-04-10T14:22:41Z,2024-04-10,12701,3472,Franchise,Credit Card,COUPON046,37.21,AUD
3128,2023-11-29T21:24:40Z,2023-11-29,74804,1378,Online,PayPal,COUPON028,41.49,EUR
3129,2023-11-01T20:48:01Z,2023-11-01,73748,3489,Franchise,Afterpay,COUPON039,47.51,USD
3130,2024-04-04T14:26:53Z,2024-04-04,46140,4276,Retail,Cash,COUPON002,19.60,EUR
3131,2023-05-09T20:58:02Z,2023-05-09,22071,3196,Online,Afterpay,COUPON027,20.53,AUD
3132,2024-07-25T18:29:25Z,2024-07-25,52280,4830,Franchise,Afterpay,COUPON030,16.66,EUR
3133,2024-07-13T10:04:02Z,2024-07-13,42727,4188,Online,Credit Card,COUPON006,19.78,AUD
3134,2024-03-12T13:03:23Z,2024-03-12,78372,2772,Franchise,Credit Card,COUPON045,12.71,EUR
3135,2023-04-21T08:31:00Z,2023-04-21,44179,1240,Franchise,Afterpay,COUPON001,41.03,USD
3136,2023-09-03T09:32:33Z,2023-09-03,33936,3123,Franchise,Credit Card,COUPON026,11.61,AUD
3137,2024-02-12T15:34:00Z,2024-02-12,34421,1014,Retail,Credit Card,COUPON016,39.40,USD
3138,2023-11-11T14:40:12Z,2023-11-11,73259,375,Franchise,Afterpay,COUPON030,44.00,USD
3139,2024-02-10T00:42:43Z,2024-02-10,22352,667,Online,Cash,COUPON025,22.47,AUD
3140,2024-08-19T19:53:42Z,2024-08-19,8030,2452,Online,PayPal,COUPON043,16.34,AUD
3141,2024-01-30T19:24:47Z,2024-01-30,48347,55,Franchise,Credit Card,COUPON028,30.01,AUD
3142,2023-06-03T12:56:53Z,2023-06-03,13985,3769,Online,Afterpay,COUPON028,28.43,AUD
3143,2023-02-04T05:26:28Z,2023-02-04,70921,247,Franchise,Gift Card,COUPON038,39.48,AUD
3144,2023-10-26T15:17:43Z,2023-10-26,18237,2831,Online,Gift Card,COUPON021,13.01,AUD
3145,2024-08-22T03:58:03Z,2024-08-22,33955,3404,Online,Gift Card,COUPON008,24.75,USD
3146,2023-11-12T11:09:11Z,2023-11-12,69500,4855,Online,Afterpay,COUPON005,43.73,USD
3147,2023-03-30T04:52:15Z,2023-03-30,59325,437,Franchise,Afterpay,COUPON046,27.37,USD
3148,2023-10-07T10:51:09Z,2023-10-07,37427,1751,Retail,Cash,COUPON012,14.01,EUR
3149,2023-08-09T10:11:56Z,2023-08-09,31204,1602,Online,Gift Card,COUPON033,42.42,EUR
3150,2023-06-18T00:29:05Z,2023-06-18,2986,5,Retail,Cash,COUPON035,44.77,EUR
3151,2024-02-26T16:15:58Z,2024-02-26,30667,3992,Online,Cash,COUPON037,2.63,USD
3152,2023-11-17T07:42:57Z,2023-11-17,36568,3228,Franchise,PayPal,COUPON046,10.93,EUR
3153,2023-09-06T19:21:04Z,2023-09-06,34381,608,Online,PayPal,COUPON048,15.59,EUR
3154,2023-09-26T23:34:52Z,2023-09-26,37137,2724,Online,Gift Card,COUPON017,15.98,EUR
3155,2023-11-25T02:24:22Z,2023-11-25,53980,466,Franchise,Gift Card,COUPON043,9.12,AUD
3156,2023-07-06T11:50:01Z,2023-07-06,34755,1123,Franchise,Cash,COUPON010,43.28,USD
3157,2023-09-12T10:58:39Z,2023-09-12,8167,4805,Retail,Gift Card,COUPON017,0.91,AUD
3158,2024-04-17T08:36:00Z,2024-04-17,57024,1264,Retail,Gift Card,COUPON021,17.61,AUD
3159,2023-10-26T16:55:31Z,2023-10-26,49858,337,Online,Credit Card,COUPON005,13.97,EUR
3160,2023-12-18T01:42:49Z,2023-12-18,76207,1940,Franchise,Afterpay,COUPON009,5.12,AUD
3161,2023-10-24T10:29:31Z,2023-10-24,389,551,Online,Gift Card,COUPON008,41.48,AUD
3162,2023-02-22T11:13:40Z,2023-02-22,37947,1042,Online,Cash,COUPON049,10.86,USD
3163,2023-04-20T17:32:49Z,2023-04-20,31414,3401,Online,Afterpay,COUPON040,7.95,EUR
3164,2023-04-28T06:23:06Z,2023-04-28,8102,3012,Franchise,Gift Card,COUPON039,16.24,USD
3165,2023-04-03T16:19:03Z,2023-04-03,67865,2453,Retail,Gift Card,COUPON002,30.16,EUR
3166,2023-10-10T05:01:45Z,2023-10-10,1529,1193,Online,Credit Card,COUPON046,4.86,EUR
3167,2024-04-13T09:04:42Z,2024-04-13,42025,673,Franchise,Gift Card,COUPON047,42.91,AUD
3168,2023-10-12T16:22:02Z,2023-10-12,33959,4909,Retail,Credit Card,COUPON046,13.98,EUR
3169,2024-02-10T14:25:15Z,2024-02-10,72973,820,Retail,PayPal,COUPON035,28.88,USD
3170,2024-09-17T17:24:03Z,2024-09-17,71951,2150,Retail,PayPal,COUPON042,0.40,AUD
3171,2023-11-14T20:28:19Z,2023-11-14,42324,2120,Retail,Gift Card,COUPON033,24.24,USD
3172,2023-05-23T06:28:58Z,2023-05-23,13581,1746,Retail,PayPal,COUPON022,14.57,USD
3173,2024-08-24T18:48:23Z,2024-08-24,72409,1301,Online,PayPal,COUPON014,33.64,EUR
3174,2024-07-03T03:05:52Z,2024-07-03,69937,1852,Online,Cash,COUPON022,42.27,AUD
3175,2023-07-31T19:38:54Z,2023-07-31,68430,2565,Franchise,Cash,COUPON045,39.31,AUD
3176,2024-03-16T02:52:34Z,2024-03-16,42898,2078,Online,Afterpay,COUPON040,45.39,AUD
3177,2024-05-04T20:51:51Z,2024-05-04,35316,15,Online,Credit Card,COUPON049,49.03,AUD
3178,2023-10-23T15:06:46Z,2023-10-23,60840,223,Online,Cash,COUPON039,15.72,AUD
3179,2024-05-30T22:11:47Z,2024-05-30,78278,3234,Franchise,Afterpay,COUPON044,13.42,AUD
3180,2023-06-01T16:13:42Z,2023-06-01,72370,3174,Franchise,Cash,,34.01,EUR
3181,2023-12-14T20:57:08Z,2023-12-14,53550,4855,Retail,Cash,COUPON027,3.56,USD
3182,2024-02-19T08:07:41Z,2024-02-19,57178,2014,Online,Gift Card,COUPON012,17.28,AUD
3183,2024-05-24T22:48:31Z,2024-05-24,79899,1557,Online,Cash,COUPON044,26.58,AUD
3184,2023-09-16T18:49:26Z,2023-09-16,73948,1342,Online,Afterpay,COUPON017,48.03,USD
3185,2023-06-03T20:36:08Z,2023-06-03,15677,3422,Franchise,Afterpay,COUPON019,45.86,AUD
3186,2024-02-25T23:08:45Z,2024-02-25,32939,1138,Online,Gift Card,COUPON021,41.01,AUD
3187,2024-02-24T08:21:31Z,2024-02-24,78475,3190,Online,Afterpay,COUPON030,15.18,USD
3188,2024-07-23T13:22:06Z,2024-07-23,76976,1090,Franchise,Cash,COUPON008,33.37,EUR
3189,2024-01-26T08:30:50Z,2024-01-26,76021,2587,Retail,PayPal,COUPON041,37.25,AUD
3190,2024-05-29T08:00:53Z,2024-05-29,22703,2966,Franchise,Afterpay,COUPON017,33.85,AUD
3191,2023-08-26T15:20:46Z,2023-08-26,70076,2395,Retail,Credit Card,COUPON036,40.59,AUD
3192,2023-11-25T20:31:42Z,2023-11-25,67851,3764,Retail,Afterpay,COUPON037,32.15,EUR
3193,2023-07-03T05:52:52Z,2023-07-03,53341,209,Retail,Credit Card,COUPON009,10.54,USD
3194,2024-07-30T06:52:19Z,2024-07-30,46663,1459,Franchise,Afterpay,COUPON043,11.35,EUR
3195,2024-09-11T07:44:41Z,2024-09-11,63199,3465,Online,PayPal,COUPON037,28.91,USD
3196,2023-10-14T21:11:24Z,2023-10-14,24769,3165,Online,Cash,COUPON012,9.04,AUD
3197,2023-02-25T10:25:21Z,2023-02-25,10577,950,Online,PayPal,COUPON044,13.09,EUR
3198,2023-04-24T06:32:24Z,2023-04-24,66735,3901,Retail,Credit Card,COUPON027,6.94,AUD
3199,2023-02-17T05:04:28Z,2023-02-17,7877,2015,Franchise,PayPal,COUPON043,49.56,USD
3200,2023-11-05T17:54:43Z,2023-11-05,57961,171,Online,Credit Card,COUPON005,16.99,EUR
3201,2023-10-15T05:30:00Z,2023-10-15,70925,2653,Franchise,Gift Card,COUPON009,40.74,AUD
3202,2023-09-21T00:09:52Z,2023-09-21,41485,4611,Online,Credit Card,COUPON030,35.53,EUR
3203,2023-10-25T07:58:22Z,2023-10-25,10968,4253,Franchise,Afterpay,COUPON027,29.24,AUD
3204,2023-10-04T16:13:05Z,2023-10-04,70906,135,Retail,Gift Card,COUPON006,18.26,AUD
3205,2023-08-21T13:37:38Z,2023-08-21,33013,2094,Franchise,Gift Card,COUPON003,39.90,EUR
3206,2023-06-25T01:26:21Z,2023-06-25,58182,1817,Retail,Credit Card,COUPON018,38.96,EUR
3207,2024-06-13T15:24:50Z,2024-06-13,20566,754,Franchise,Cash,COUPON022,8.41,USD
3208,2024-07-04T06:55:50Z,2024-07-04,13920,2376,Retail,Afterpay,COUPON016,27.90,EUR
3209,2023-06-23T07:51:13Z,2023-06-23,6217,1692,Franchise,Credit Card,COUPON018,15.64,USD
3210,2024-04-01T18:05:17Z,2024-04-01,62706,2744,Online,PayPal,COUPON048,26.40,EUR
3211,2024-06-11T19:44:23Z,2024-06-11,2381,1796,Franchise,Cash,COUPON037,14.88,AUD
3212,2024-03-11T08:54:25Z,2024-03-11,16530,127,Online,Credit Card,COUPON025,47.03,EUR
3213,2023-11-08T07:13:39Z,2023-11-08,22595,2444,Retail,Afterpay,COUPON035,32.40,EUR
3214,2023-01-15T20:58:58Z,2023-01-15,12198,1717,Franchise,PayPal,COUPON038,17.08,USD
3215,2024-01-16T17:50:27Z,2024-01-16,25069,3048,Franchise,PayPal,COUPON015,43.52,AUD
3216,2024-04-05T06:55:30Z,2024-04-05,17894,929,Online,Cash,COUPON023,25.43,USD
3217,2023-12-27T09:11:26Z,2023-12-27,41346,2533,Online,Afterpay,COUPON008,48.15,USD
3218,2023-12-05T10:50:00Z,2023-12-05,1204,2858,Online,PayPal,COUPON050,22.25,AUD
3219,2023-11-14T17:04:45Z,2023-11-14,5126,1023,Retail,PayPal,COUPON037,5.89,EUR
3220,2024-02-03T04:53:03Z,2024-02-03,77934,3138,Online,Credit Card,COUPON012,0.68,EUR
3221,2024-07-24T08:59:06Z,2024-07-24,42510,4235,Franchise,Credit Card,COUPON048,1.77,AUD
3222,2024-01-06T15:13:07Z,2024-01-06,78901,399,Online,Cash,COUPON040,32.42,AUD
3223,2024-03-31T14:59:49Z,2024-03-31,49098,3039,Franchise,Gift Card,COUPON045,23.79,EUR
3224,2023-07-21T04:41:44Z,2023-07-21,2949,3829,Franchise,Cash,COUPON011,19.33,USD
3225,2024-01-12T18:33:43Z,2024-01-12,5466,1513,Retail,Afterpay,COUPON023,7.81,EUR
3226,2023-11-08T17:26:23Z,2023-11-08,6312,2724,Online,Credit Card,COUPON006,29.46,EUR
3227,2024-04-06T00:27:32Z,2024-04-06,61299,4771,Franchise,Afterpay,COUPON043,47.59,USD
3228,2024-04-11T14:54:50Z,2024-04-11,58059,342,Retail,Afterpay,COUPON031,19.12,EUR
3229,2024-07-31T02:43:54Z,2024-07-31,79793,833,Franchise,Credit Card,COUPON019,11.19,EUR
3230,2023-06-17T17:22:46Z,2023-06-17,23497,1621,Retail,Gift Card,COUPON005,12.84,USD
3231,2023-07-20T04:58:58Z,2023-07-20,30862,4167,Online,Credit Card,COUPON033,16.85,USD
3232,2023-08-11T03:31:35Z,2023-08-11,10787,1024,Online,Gift Card,COUPON034,39.76,AUD
3233,2023-04-18T16:22:53Z,2023-04-18,19702,4878,Online,Afterpay,COUPON038,40.12,EUR
3234,2024-04-04T05:26:18Z,2024-04-04,44942,3359,Online,Gift Card,COUPON050,0.18,EUR
3235,2024-03-27T08:45:57Z,2024-03-27,71232,204,Franchise,Afterpay,COUPON015,32.22,USD
3236,2023-01-13T17:38:02Z,2023-01-13,34003,1685,Franchise,Afterpay,COUPON036,17.58,EUR
3237,2024-08-11T18:02:31Z,2024-08-11,35713,943,Retail,Gift Card,COUPON008,0.66,EUR
3238,2023-02-11T12:03:37Z,2023-02-11,10922,1582,Retail,Credit Card,COUPON041,37.97,USD
3239,2024-02-18T16:12:12Z,2024-02-18,38643,1764,Online,Gift Card,COUPON024,21.69,EUR
3240,2023-08-28T01:54:09Z,2023-08-28,37259,4490,Franchise,Credit Card,COUPON008,20.22,AUD
3241,2023-10-15T14:47:48Z,2023-10-15,50705,4477,Online,PayPal,COUPON039,26.95,USD
3242,2024-01-19T05:30:09Z,2024-01-19,60443,1141,Franchise,Gift Card,COUPON032,0.59,EUR
3243,2023-08-30T11:44:06Z,2023-08-30,26229,141,Online,Credit Card,COUPON016,11.01,USD
3244,2023-07-01T16:56:34Z,2023-07-01,9207,3161,Online,Credit Card,COUPON019,36.68,AUD
3245,2024-06-28T06:47:44Z,2024-06-28,25237,4475,Franchise,Credit Card,COUPON023,48.82,USD
3246,2024-08-28T12:30:50Z,2024-08-28,48020,4603,Online,PayPal,COUPON040,11.89,USD
3247,2023-04-22T03:32:07Z,2023-04-22,79883,801,Online,Cash,COUPON020,4.94,EUR
3248,2023-03-29T23:20:42Z,2023-03-29,63122,4350,Online,Cash,COUPON035,27.66,USD
3249,2024-05-02T13:43:02Z,2024-05-02,33238,2667,Franchise,Credit Card,COUPON050,26.63,EUR
3250,2023-03-31T01:06:31Z,2023-03-31,67349,1274,Retail,Gift Card,COUPON022,11.66,AUD
3251,2024-05-29T10:43:25Z,2024-05-29,71499,714,Online,Cash,COUPON002,43.70,EUR
3252,2023-09-26T11:41:24Z,2023-09-26,75368,839,Online,Credit Card,COUPON009,35.43,AUD
3253,2023-12-16T15:21:34Z,2023-12-16,33149,3981,Franchise,Gift Card,COUPON014,40.35,EUR
3254,2023-12-21T13:53:34Z,2023-12-21,15096,51,Online,Afterpay,COUPON046,22.20,EUR
3255,2024-02-22T06:09:06Z,2024-02-22,54161,3224,Online,Afterpay,COUPON004,31.24,USD
3256,2023-07-13T16:58:33Z,2023-07-13,36545,3240,Franchise,Credit Card,COUPON031,1.84,AUD
3257,2024-08-22T08:36:05Z,2024-08-22,78877,4318,Franchise,Cash,COUPON047,9.51,AUD
3258,2024-07-10T10:51:07Z,2024-07-10,18731,963,Franchise,Afterpay,COUPON021,27.54,USD
3259,2024-02-10T21:11:42Z,2024-02-10,28223,2043,Franchise,Gift Card,COUPON009,29.09,EUR
3260,2023-04-25T11:09:14Z,2023-04-25,73179,2861,Retail,Credit Card,COUPON032,3.88,USD
3261,2023-06-19T09:55:17Z,2023-06-19,13435,4060,Online,Afterpay,COUPON016,14.11,EUR
3262,2023-01-17T03:16:30Z,2023-01-17,20118,1670,Retail,PayPal,COUPON024,33.03,USD
3263,2024-04-24T10:27:01Z,2024-04-24,68875,3451,Franchise,Credit Card,COUPON022,2.00,USD
3264,2023-02-19T06:05:20Z,2023-02-19,8879,2808,Franchise,PayPal,COUPON017,40.05,EUR
3265,2023-05-30T12:44:46Z,2023-05-30,61355,1490,Online,PayPal,COUPON040,38.33,USD
3266,2023-01-10T17:03:20Z,2023-01-10,42454,317,Retail,Afterpay,COUPON002,15.13,AUD
3267,2023-01-20T13:38:56Z,2023-01-20,63641,366,Online,Gift Card,COUPON014,44.83,USD
3268,2023-04-06T05:50:41Z,2023-04-06,67237,4551,Online,Afterpay,COUPON045,0.78,USD
3269,2024-05-18T11:25:05Z,2024-05-18,67598,4497,Online,Cash,COUPON020,23.83,AUD
3270,2023-01-01T21:55:20Z,2023-01-01,75425,1141,Retail,Credit Card,COUPON019,29.37,USD
3271,2024-02-29T03:41:48Z,2024-02-29,63887,4398,Franchise,Credit Card,COUPON047,25.96,USD
3272,2023-05-23T12:04:52Z,2023-05-23,64814,3061,Retail,Afterpay,COUPON033,20.92,AUD
3273,2023-03-07T02:03:34Z,2023-03-07,73654,2602,Franchise,Afterpay,COUPON043,24.22,EUR
3274,2023-02-20T02:22:23Z,2023-02-20,75527,751,Franchise,Gift Card,COUPON039,40.53,EUR
3275,2023-11-06T18:17:53Z,2023-11-06,39631,1884,Online,Afterpay,COUPON001,11.06,EUR
3276,2023-09-20T09:26:03Z,2023-09-20,46598,2018,Franchise,Gift Card,COUPON033,40.15,USD
3277,2024-02-23T20:38:36Z,2024-02-23,61329,2980,Franchise,Gift Card,COUPON046,2.05,EUR
3278,2024-04-29T23:04:59Z,2024-04-29,21643,1443,Retail,PayPal,COUPON005,32.25,EUR
3279,2024-07-18T15:55:48Z,2024-07-18,59627,3407,Retail,Cash,COUPON032,0.08,USD
3280,2023-05-22T01:19:55Z,2023-05-22,8881,4016,Online,Gift Card,COUPON033,17.02,EUR
3281,2023-09-25T05:11:10Z,2023-09-25,12839,2647,Franchise,Afterpay,COUPON006,35.60,AUD
3282,2023-03-17T15:34:16Z,2023-03-17,76523,4465,Retail,Gift Card,COUPON022,45.38,USD
3283,2023-01-21T01:37:34Z,2023-01-21,12837,4465,Franchise,Gift Card,COUPON012,14.20,EUR
3284,2023-03-13T02:36:32Z,2023-03-13,23813,4872,Retail,Gift Card,COUPON035,32.85,EUR
3285,2024-03-23T00:29:45Z,2024-03-23,24479,1900,Franchise,Credit Card,COUPON020,21.07,EUR
3286,2023-02-02T10:12:00Z,2023-02-02,58528,185,Franchise,Afterpay,COUPON047,6.54,EUR
3287,2024-08-02T09:45:46Z,2024-08-02,28112,2464,Franchise,Credit Card,COUPON018,5.13,USD
3288,2023-02-13T07:46:50Z,2023-02-13,6881,203,Franchise,Cash,COUPON002,48.79,AUD
3289,2024-02-21T15:15:20Z,2024-02-21,40444,2235,Retail,Credit Card,COUPON008,8.99,EUR
3290,2024-02-14T03:26:47Z,2024-02-14,19851,1784,Online,Cash,COUPON035,18.75,EUR
3291,2023-04-22T04:11:44Z,2023-04-22,4908,2863,Franchise,Gift Card,COUPON020,14.08,USD
3292,2024-07-18T03:43:56Z,2024-07-18,85568,5522,Online,Gift Card,COUPON023,4.87,EUR
3293,2024-01-18T09:38:07Z,2024-01-18,53714,3828,Online,Credit Card,COUPON001,27.70,EUR
3294,2023-11-26T12:17:38Z,2023-11-26,13630,2687,Franchise,PayPal,,47.98,USD
3295,2023-01-02T17:29:39Z,2023-01-02,57729,4530,Retail,Cash,COUPON030,37.49,AUD
3296,2024-04-17T23:52:26Z,2024-04-17,89521,5436,Online,Credit Card,COUPON036,26.18,EUR
3297,2024-01-24T06:25:52Z,2024-01-24,19818,4140,Online,Credit Card,COUPON027,33.80,EUR
3298,2024-06-26T04:03:19Z,2024-06-26,52400,3358,Retail,PayPal,COUPON005,1.52,USD
3299,2023-01-12T07:09:39Z,2023-01-12,54416,2929,Online,Cash,COUPON047,0.18,EUR
3300,2023-09-30T01:07:08Z,2023-09-30,3389,496,Online,Afterpay,COUPON032,12.97,USD
3301,2024-03-26T10:52:12Z,2024-03-26,43324,438,Retail,Gift Card,COUPON046,7.08,USD
3302,2023-07-12T23:42:05Z,2023-07-12,4686,4683,Franchise,PayPal,COUPON028,23.94,USD
3303,2024-03-07T00:20:52Z,2024-03-07,58333,1807,Online,PayPal,COUPON033,42.58,USD
3304,2023-01-16T23:52:14Z,2023-01-16,70601,33,Retail,Afterpay,COUPON001,3.96,EUR
3305,2024-08-04T18:43:11Z,2024-08-04,29147,4144,Retail,Cash,COUPON038,8.54,AUD
3306,2024-01-03T16:19:15Z,2024-01-03,62745,3457,Retail,Afterpay,COUPON047,4.19,EUR
3307,2024-05-27T18:06:07Z,2024-05-27,27745,3518,Online,Gift Card,COUPON036,49.50,USD
3308,2023-03-30T14:30:39Z,2023-03-30,58313,2886,Retail,Gift Card,COUPON030,5.28,AUD
3309,2024-04-19T03:06:06Z,2024-04-19,12639,2176,Retail,Cash,COUPON047,5.68,AUD
3310,2023-09-08T11:57:47Z,2023-09-08,45851,3271,Franchise,Afterpay,COUPON015,7.55,USD
3311,2024-08-19T22:44:56Z,2024-08-19,28286,3629,Online,Credit Card,,24.01,USD
3312,2023-07-29T08:42:21Z,2023-07-29,73739,3208,Retail,Cash,COUPON010,29.47,USD
3313,2023-08-05T06:20:33Z,2023-08-05,44918,964,Retail,Credit Card,COUPON035,33.76,USD
3314,2023-09-13T03:04:03Z,2023-09-13,14088,1694,Retail,Cash,,28.61,EUR
3315,2023-05-15T19:24:38Z,2023-05-15,15659,4652,Online,Afterpay,COUPON009,36.06,AUD
3316,2023-01-01T20:41:51Z,2023-01-01,54500,500,Retail,Gift Card,COUPON029,30.07,USD
3317,2023-11-26T22:58:54Z,2023-11-26,1250,1659,Retail,Cash,COUPON040,22.74,AUD
3318,2023-04-24T14:37:18Z,2023-04-24,8068,402,Retail,PayPal,COUPON034,29.39,USD
3319,2024-01-10T20:13:23Z,2024-01-10,34655,1572,Retail,PayPal,COUPON006,46.87,AUD
3320,2024-04-04T23:47:41Z,2024-04-04,9216,3654,Franchise,Credit Card,COUPON002,45.25,USD
3321,2024-09-04T13:55:32Z,2024-09-04,29651,719,Retail,PayPal,COUPON018,15.23,AUD
3322,2023-04-28T07:59:33Z,2023-04-28,20481,4040,Franchise,PayPal,COUPON016,22.21,EUR
3323,2024-06-30T05:07:22Z,2024-06-30,50212,4083,Franchise,Afterpay,COUPON038,32.78,USD
3324,2024-06-22T09:48:12Z,2024-06-22,65333,1839,Retail,Afterpay,COUPON024,33.34,USD
3325,2023-05-13T15:00:10Z,2023-05-13,9633,1520,Retail,PayPal,COUPON007,18.56,USD
3326,2023-12-29T10:47:20Z,2023-12-29,28353,2036,Franchise,Gift Card,COUPON033,14.41,EUR
3327,2024-01-17T14:27:47Z,2024-01-17,32957,4015,Online,Credit Card,COUPON033,34.39,USD
3328,2024-02-09T10:38:56Z,2024-02-09,5390,1490,Franchise,Gift Card,COUPON048,26.80,EUR
3329,2024-01-16T01:48:35Z,2024-01-16,57916,2287,Retail,Credit Card,COUPON044,18.78,EUR
3330,2023-03-16T02:14:41Z,2023-03-16,41240,1142,Franchise,PayPal,COUPON043,43.13,USD
3331,2023-12-09T17:18:12Z,2023-12-09,57876,3159,Retail,Cash,COUPON037,20.76,AUD
3332,2024-06-16T22:07:51Z,2024-06-16,56860,1682,Franchise,Gift Card,COUPON011,4.96,EUR
3333,2023-04-21T07:23:40Z,2023-04-21,11567,4704,Franchise,Gift Card,COUPON031,37.04,EUR
3334,2024-05-03T00:54:53Z,2024-05-03,7608,3275,Retail,PayPal,COUPON045,33.08,AUD
3335,2024-01-24T05:53:50Z,2024-01-24,24006,4999,Retail,Gift Card,COUPON041,47.93,USD
3336,2024-05-14T03:47:13Z,2024-05-14,52913,4612,Online,Gift Card,COUPON041,6.36,EUR
3337,2023-06-09T09:49:11Z,2023-06-09,28227,2285,Online,Cash,COUPON025,3.22,USD
3338,2023-11-17T00:15:44Z,2023-11-17,31412,1131,Online,PayPal,COUPON035,47.58,AUD
3339,2023-11-14T17:28:14Z,2023-11-14,45995,4186,Retail,Afterpay,COUPON042,7.58,AUD
3340,2024-08-24T03:13:08Z,2024-08-24,68848,4892,Online,Credit Card,COUPON050,5.35,USD
3341,2024-08-06T05:31:32Z,2024-08-06,70412,2475,Online,Afterpay,COUPON013,32.12,EUR
3342,2023-08-01T04:21:47Z,2023-08-01,11763,1050,Franchise,Cash,COUPON011,8.07,USD
3343,2024-02-13T06:57:20Z,2024-02-13,45738,1824,Online,Cash,COUPON031,48.72,USD
3344,2024-03-30T23:32:02Z,2024-03-30,50388,1793,Franchise,Cash,COUPON010,38.04,USD
3345,2023-09-25T15:48:50Z,2023-09-25,46277,2362,Franchise,PayPal,COUPON007,18.14,EUR
3346,2024-09-19T17:19:43Z,2024-09-19,10753,2347,Retail,PayPal,COUPON031,48.60,AUD
3347,2024-05-04T04:06:18Z,2024-05-04,13637,4134,Franchise,Credit Card,COUPON003,22.15,AUD
3348,2024-02-06T23:33:21Z,2024-02-06,63057,3097,Online,Afterpay,COUPON016,27.95,EUR
3349,2023-05-23T11:15:31Z,2023-05-23,54148,493,Franchise,Afterpay,COUPON045,40.87,USD
3350,2023-08-21T10:39:23Z,2023-08-21,12544,1780,Franchise,PayPal,COUPON002,22.69,EUR
3351,2023-07-14T09:14:22Z,2023-07-14,49129,414,Retail,Afterpay,COUPON012,15.70,USD
3352,2024-03-30T18:31:31Z,2024-03-30,43477,4174,Retail,Cash,COUPON012,11.77,EUR
3353,2023-07-26T16:25:54Z,2023-07-26,63487,1310,Online,Credit Card,COUPON033,49.25,USD
3354,2023-05-31T23:32:26Z,2023-05-31,23673,4587,Franchise,Afterpay,,41.96,EUR
3355,2023-02-20T21:25:16Z,2023-02-20,74803,1284,Retail,Gift Card,COUPON004,27.51,EUR
3356,2023-02-12T04:42:15Z,2023-02-12,12627,4925,Retail,Afterpay,,37.24,AUD
3357,2024-04-06T15:32:50Z,2024-04-06,39537,2821,Retail,Credit Card,COUPON011,0.73,USD
3358,2024-07-01T14:34:17Z,2024-07-01,24558,4780,Franchise,Gift Card,COUPON036,11.60,USD
3359,2023-11-09T06:35:53Z,2023-11-09,35980,3058,Franchise,Gift Card,COUPON031,18.70,USD
3360,2024-02-26T11:33:21Z,2024-02-26,35057,3538,Online,PayPal,COUPON047,27.24,EUR
3361,2023-02-18T02:38:07Z,2023-02-18,48670,1137,Franchise,PayPal,COUPON025,46.61,EUR
3362,2024-08-20T16:05:01Z,2024-08-20,42086,823,Online,Afterpay,COUPON032,29.85,USD
3363,2024-05-02T01:30:02Z,2024-05-02,38829,2095,Franchise,Gift Card,COUPON049,24.72,AUD
3364,2023-07-22T18:29:26Z,2023-07-22,36194,2117,Retail,Cash,COUPON046,33.31,USD
3365,2023-11-08T22:25:13Z,2023-11-08,27091,408,Franchise,Afterpay,COUPON006,16.50,EUR
3366,2024-05-14T12:29:14Z,2024-05-14,63661,294,Retail,Credit Card,COUPON038,0.78,USD
3367,2023-02-26T14:19:05Z,2023-02-26,5329,4779,Online,Cash,COUPON018,23.83,EUR
3368,2024-05-01T07:48:30Z,2024-05-01,25253,875,Retail,Cash,COUPON040,20.42,EUR
3369,2024-01-22T00:11:35Z,2024-01-22,79959,2678,Online,Gift Card,COUPON038,29.51,USD
3370,2024-08-03T06:04:42Z,2024-08-03,22042,454,Online,PayPal,COUPON011,39.00,AUD
3371,2024-01-14T01:48:10Z,2024-01-14,50891,1486,Franchise,Afterpay,COUPON037,45.38,AUD
3372,2023-06-09T22:53:40Z,2023-06-09,75156,3238,Retail,Afterpay,COUPON047,8.21,AUD
3373,2024-02-09T04:50:01Z,2024-02-09,23283,655,Online,Cash,COUPON015,1.12,AUD
3374,2024-05-17T08:59:53Z,2024-05-17,5028,3724,Online,Cash,COUPON049,34.20,AUD
3375,2023-09-13T09:44:02Z,2023-09-13,1599,1543,Franchise,Cash,COUPON038,24.43,USD
3376,2023-06-22T13:56:33Z,2023-06-22,18483,2883,Retail,Afterpay,COUPON016,20.42,USD
3377,2023-01-13T06:54:59Z,2023-01-13,44064,2259,Online,Credit Card,COUPON046,12.67,AUD
3378,2023-04-29T00:06:26Z,2023-04-29,32566,603,Franchise,PayPal,COUPON016,23.28,AUD
3379,2023-06-08T07:10:29Z,2023-06-08,67965,3232,Online,PayPal,COUPON034,44.51,AUD
3380,2023-06-27T17:38:43Z,2023-06-27,37206,267,Online,Credit Card,COUPON015,13.07,USD
3381,2024-03-28T05:58:52Z,2024-03-28,11497,828,Online,PayPal,COUPON032,26.42,USD
3382,2024-03-13T07:16:29Z,2024-03-13,14947,4079,Retail,Afterpay,COUPON031,13.61,USD
3383,2023-07-06T03:04:24Z,2023-07-06,32760,2902,Retail,Afterpay,,9.77,USD
3384,2023-11-11T02:14:18Z,2023-11-11,45953,2176,Retail,Credit Card,COUPON005,30.78,EUR
3385,2023-01-10T18:26:19Z,2023-01-10,59363,585,Franchise,Gift Card,COUPON020,25.85,USD
3386,2024-03-23T08:33:43Z,2024-03-23,22826,2630,Online,PayPal,COUPON002,25.19,USD
3387,2024-09-26T06:26:36Z,2024-09-26,15387,4056,Online,Cash,COUPON040,43.00,AUD
3039,2023-01-05T16:52:52Z,2023-01-05,71775,2551,Online,Afterpay,COUPON041,32.97,AUD
3389,2023-10-07T21:36:44Z,2023-10-07,53594,4099,Retail,PayPal,COUPON029,9.89,EUR
3390,2024-08-02T10:28:28Z,2024-08-02,4262,1501,Online,Gift Card,COUPON004,8.63,AUD
3391,2024-03-13T06:02:54Z,2024-03-13,23417,1730,Retail,Gift Card,COUPON008,18.46,USD
3392,2023-04-12T14:53:10Z,2023-04-12,23553,2779,Retail,PayPal,COUPON011,17.90,EUR
3393,2023-12-23T08:41:36Z,2023-12-23,62819,1818,Retail,Cash,COUPON007,39.05,USD
3394,2024-10-01T01:31:22Z,2024-10-01,23991,7,Retail,Gift Card,COUPON021,4.63,AUD
3395,2023-10-17T10:13:47Z,2023-10-17,6575,3821,Online,Afterpay,COUPON017,15.57,AUD
3396,2023-05-28T14:51:45Z,2023-05-28,58992,2289,Retail,PayPal,COUPON022,36.14,EUR
3397,2023-10-24T14:50:18Z,2023-10-24,47019,2709,Online,Cash,COUPON037,33.26,USD
3398,2023-11-16T10:02:57Z,2023-11-16,33506,648,Franchise,Cash,COUPON014,30.54,AUD
3399,2023-06-30T23:22:27Z,2023-06-30,58379,205,Franchise,PayPal,COUPON028,39.41,USD
3400,2023-09-14T17:40:52Z,2023-09-14,32654,2370,Online,PayPal,COUPON033,24.15,AUD
3401,2023-09-05T22:54:50Z,2023-09-05,5934,666,Retail,PayPal,COUPON012,3.63,USD
3402,2024-06-07T11:10:08Z,2024-06-07,27938,2005,Online,Gift Card,COUPON049,20.63,USD
3403,2024-08-09T14:25:44Z,2024-08-09,226,2596,Franchise,PayPal,COUPON040,32.12,USD
3404,2023-12-16T01:33:42Z,2023-12-16,38904,970,Retail,Afterpay,COUPON045,27.06,USD
3405,2024-02-25T03:43:01Z,2024-02-25,14896,4113,Online,PayPal,COUPON046,13.84,USD
3406,2024-04-04T02:11:03Z,2024-04-04,68050,4798,Retail,Afterpay,COUPON024,49.87,AUD
3407,2023-05-02T09:58:11Z,2023-05-02,21212,1921,Online,Gift Card,COUPON014,12.99,AUD
3408,2024-05-07T21:52:12Z,2024-05-07,14696,2135,Online,Afterpay,COUPON011,39.31,USD
3409,2024-07-27T03:50:14Z,2024-07-27,36586,4218,Franchise,PayPal,COUPON018,26.16,AUD
3410,2024-07-02T22:27:57Z,2024-07-02,7777,2690,Franchise,Credit Card,COUPON002,16.17,EUR
3411,2023-10-15T07:09:06Z,2023-10-15,35697,1391,Franchise,Afterpay,COUPON036,34.95,AUD
3412,2024-05-16T05:12:11Z,2024-05-16,68376,4653,Franchise,Gift Card,COUPON011,1.13,USD
3413,2024-06-14T00:58:24Z,2024-06-14,40454,3868,Retail,Cash,COUPON014,40.16,USD
3414,2023-04-12T13:16:16Z,2023-04-12,59385,1759,Retail,Afterpay,COUPON004,41.38,USD
3415,2023-10-29T23:38:01Z,2023-10-29,64178,2496,Retail,PayPal,COUPON013,16.31,AUD
3416,2024-01-25T01:05:32Z,2024-01-25,23428,1168,Franchise,Gift Card,COUPON022,29.23,USD
3417,2023-09-22T14:38:52Z,2023-09-22,76055,1913,Online,Credit Card,COUPON032,24.10,USD
3418,2024-03-13T15:23:27Z,2024-03-13,38431,4579,Retail,Afterpay,COUPON044,32.26,AUD
3419,2024-01-20T23:35:22Z,2024-01-20,63709,4769,Online,Afterpay,COUPON017,0.06,EUR
3420,2023-05-14T03:12:30Z,2023-05-14,28251,1190,Retail,PayPal,COUPON030,31.39,EUR
3421,2023-08-18T14:59:00Z,2023-08-18,59975,3923,Online,PayPal,COUPON033,19.75,EUR
3422,2024-09-08T11:53:08Z,2024-09-08,27215,3007,Franchise,PayPal,COUPON040,32.90,AUD
3423,2023-02-16T14:46:09Z,2023-02-16,357,4223,Franchise,Cash,COUPON020,12.22,EUR
3424,2023-02-22T04:26:51Z,2023-02-22,15282,3745,Retail,PayPal,COUPON032,3.04,USD
3425,2024-01-30T23:39:22Z,2024-01-30,7776,4618,Franchise,Cash,COUPON011,13.74,AUD
3426,2024-06-28T08:09:03Z,2024-06-28,21034,2820,Franchise,Cash,COUPON029,49.81,EUR
3427,2023-03-07T12:00:22Z,2023-03-07,36655,2141,Franchise,PayPal,COUPON010,23.60,EUR
3428,2023-08-30T11:02:24Z,2023-08-30,3332,3638,Franchise,Gift Card,COUPON004,47.45,EUR
3429,2024-02-01T23:35:47Z,2024-02-01,7303,548,Online,Credit Card,COUPON014,0.94,EUR
3430,2023-11-24T20:18:33Z,2023-11-24,46871,3617,Retail,Credit Card,COUPON028,40.35,AUD
3431,2023-01-10T11:47:11Z,2023-01-10,13411,4414,Retail,Afterpay,COUPON034,16.24,AUD
3432,2023-11-22T04:00:11Z,2023-11-22,62094,2690,Retail,Credit Card,COUPON043,29.72,EUR
3433,2023-11-23T16:47:26Z,2023-11-23,73094,5,Online,Afterpay,COUPON032,27.66,EUR
3434,2023-11-23T05:32:30Z,2023-11-23,6108,1716,Retail,Gift Card,COUPON049,48.26,AUD
3435,2024-06-03T11:16:39Z,2024-06-03,50347,4809,Retail,Cash,COUPON040,17.92,USD
3436,2024-05-03T16:26:00Z,2024-05-03,52439,1594,Franchise,Credit Card,COUPON041,3.03,USD
3437,2024-02-01T12:17:15Z,2024-02-01,40219,2585,Online,Credit Card,COUPON007,26.53,USD
3438,2023-03-22T04:15:38Z,2023-03-22,26634,3261,Franchise,Credit Card,COUPON024,12.83,EUR
3439,2023-06-10T13:33:19Z,2023-06-10,19270,38,Retail,Afterpay,COUPON003,41.98,EUR
3440,2023-03-03T02:39:26Z,2023-03-03,77801,1256,Online,Credit Card,COUPON040,6.65,EUR
3441,2023-12-18T04:56:14Z,2023-12-18,59164,2993,Franchise,Gift Card,COUPON025,42.04,EUR
3442,2023-04-11T16:09:48Z,2023-04-11,58477,695,Retail,Cash,COUPON046,37.25,USD
3443,2023-06-11T04:43:41Z,2023-06-11,50600,2502,Franchise,Afterpay,COUPON021,15.21,EUR
3444,2023-01-08T17:53:28Z,2023-01-08,77008,3608,Franchise,Cash,COUPON039,34.63,USD
3445,2023-11-28T21:08:35Z,2023-11-28,71824,2451,Franchise,PayPal,COUPON032,44.71,AUD
3446,2023-03-30T13:56:19Z,2023-03-30,19431,1524,Franchise,PayPal,COUPON038,31.28,USD
3447,2024-04-19T05:55:33Z,2024-04-19,13495,3841,Online,Afterpay,COUPON044,4.37,USD
3448,2023-10-21T11:40:37Z,2023-10-21,31818,4186,Retail,Credit Card,COUPON029,7.08,USD
3449,2023-08-30T21:00:13Z,2023-08-30,48112,4059,Online,Afterpay,COUPON015,30.38,EUR
3450,2023-06-16T19:31:28Z,2023-06-16,67933,3225,Online,PayPal,COUPON006,42.86,USD
3451,2023-08-28T14:47:10Z,2023-08-28,38357,934,Online,Afterpay,COUPON002,8.32,EUR
3452,2023-04-01T19:43:52Z,2023-04-01,64348,4384,Retail,Afterpay,COUPON026,19.31,EUR
3453,2023-12-29T14:25:19Z,2023-12-29,60254,1264,Retail,PayPal,COUPON016,9.40,EUR
3454,2024-06-30T18:11:14Z,2024-06-30,5426,443,Retail,Credit Card,COUPON017,44.41,USD
3455,2024-05-23T18:16:12Z,2024-05-23,42776,2423,Retail,PayPal,COUPON019,10.92,USD
3456,2023-09-01T11:12:14Z,2023-09-01,24252,1588,Retail,Cash,COUPON029,4.29,AUD
3457,2023-08-04T09:09:40Z,2023-08-04,44995,4640,Online,Cash,COUPON032,47.72,USD
3458,2023-02-24T15:38:55Z,2023-02-24,351,1339,Online,Afterpay,COUPON026,45.63,EUR
3459,2023-09-18T11:41:02Z,2023-09-18,60844,3930,Online,Credit Card,COUPON003,18.32,EUR
3460,2023-01-26T23:23:35Z,2023-01-26,54607,4348,Online,PayPal,COUPON042,46.91,USD
3461,2024-05-04T09:12:06Z,2024-05-04,30878,4674,Franchise,Afterpay,COUPON043,19.07,AUD
3462,2023-03-28T12:42:14Z,2023-03-28,24398,3792,Retail,PayPal,COUPON002,34.97,AUD
3463,2023-04-15T11:02:26Z,2023-04-15,69842,3800,Retail,Cash,COUPON048,29.38,AUD
3464,2023-07-12T18:42:10Z,2023-07-12,15670,2999,Retail,PayPal,COUPON031,37.15,AUD
3465,2023-08-26T02:07:10Z,2023-08-26,20885,3940,Online,Cash,COUPON002,29.61,EUR
3466,2023-03-28T01:28:47Z,2023-03-28,11041,710,Online,Gift Card,COUPON049,12.90,EUR
3467,2024-05-03T08:11:43Z,2024-05-03,45754,4616,Franchise,Cash,,20.44,AUD
3468,2023-05-06T09:29:13Z,2023-05-06,650,229,Retail,Credit Card,COUPON019,41.55,USD
3469,2024-06-16T05:49:33Z,2024-06-16,53041,3858,Retail,Cash,COUPON020,39.06,EUR
3470,2024-09-04T19:22:31Z,2024-09-04,69314,4154,Online,Cash,COUPON022,1.28,EUR
3471,2023-09-08T02:18:58Z,2023-09-08,54377,3064,Online,PayPal,COUPON014,22.25,AUD
3472,2023-02-01T17:57:59Z,2023-02-01,69516,141,Online,Credit Card,COUPON017,15.66,EUR
3473,2024-05-04T22:14:30Z,2024-05-04,59304,927,Franchise,Cash,COUPON019,32.98,EUR
3474,2024-06-07T00:39:44Z,2024-06-07,11472,3275,Franchise,Afterpay,COUPON001,5.22,EUR
3475,2024-06-27T17:03:50Z,2024-06-27,826,4152,Online,PayPal,COUPON017,30.27,AUD
3476,2023-02-06T22:06:00Z,2023-02-06,25217,2223,Online,Credit Card,COUPON041,21.56,USD
3477,2024-05-14T17:52:12Z,2024-05-14,3981,1726,Online,Cash,COUPON049,43.35,EUR
3478,2024-08-27T14:59:55Z,2024-08-27,30106,2627,Retail,Afterpay,COUPON002,12.00,AUD
3479,2023-08-07T16:14:52Z,2023-08-07,2320,81,Retail,Afterpay,,40.68,EUR
3480,2023-08-27T13:32:01Z,2023-08-27,9054,1666,Online,PayPal,COUPON035,8.51,AUD
3481,2024-09-27T05:34:13Z,2024-09-27,42009,318,Franchise,Cash,COUPON006,47.39,USD
3482,2023-03-27T21:46:19Z,2023-03-27,25769,4866,Franchise,Afterpay,COUPON013,14.58,USD
3483,2023-10-31T13:36:35Z,2023-10-31,6373,1305,Retail,Afterpay,COUPON011,10.03,AUD
3484,2023-05-17T16:18:39Z,2023-05-17,50024,2336,Franchise,Cash,COUPON019,9.25,AUD
3485,2024-04-27T01:09:03Z,2024-04-27,34927,448,Retail,Afterpay,COUPON036,27.74,EUR
3486,2023-09-04T02:13:40Z,2023-09-04,36213,2808,Franchise,Afterpay,COUPON050,17.56,AUD
3487,2023-06-30T19:40:21Z,2023-06-30,34855,144,Retail,Gift Card,COUPON048,24.47,AUD
3488,2023-09-20T21:09:13Z,2023-09-20,71546,4397,Retail,Credit Card,COUPON024,33.71,USD
3489,2023-08-21T17:07:55Z,2023-08-21,49911,3356,Online,Gift Card,COUPON047,21.71,AUD
3490,2023-12-07T22:25:18Z,2023-12-07,76581,1393,Retail,Cash,COUPON045,12.10,EUR
3491,2023-11-17T16:58:26Z,2023-11-17,64234,620,Online,Credit Card,COUPON008,29.48,USD
3492,2023-09-18T16:34:10Z,2023-09-18,16808,259,Franchise,Afterpay,COUPON019,1.83,EUR
3493,2023-12-29T02:22:57Z,2023-12-29,15125,1299,Online,Cash,COUPON016,39.27,USD
3494,2023-03-31T19:22:45Z,2023-03-31,22863,1245,Retail,Afterpay,COUPON040,41.95,USD
3495,2023-12-09T17:21:22Z,2023-12-09,42617,445,Franchise,PayPal,COUPON004,34.19,AUD
3496,2023-11-14T02:36:48Z,2023-11-14,20860,1464,Online,Afterpay,COUPON047,5.57,USD
3497,2023-11-01T17:12:15Z,2023-11-01,33556,4697,Retail,PayPal,COUPON025,1.37,EUR
3498,2024-01-20T20:17:04Z,2024-01-20,14254,1654,Retail,Cash,COUPON014,28.85,AUD
3499,2023-07-17T17:40:15Z,2023-07-17,13456,3972,Online,Credit Card,COUPON027,42.86,EUR
3500,2024-01-27T15:27:24Z,2024-01-27,25712,870,Online,PayPal,COUPON015,39.16,USD
3501,2023-02-21T16:43:40Z,2023-02-21,688,2669,Franchise,Gift Card,COUPON023,41.11,EUR
3502,2023-04-27T15:25:35Z,2023-04-27,17652,328,Franchise,Credit Card,COUPON046,36.47,EUR
3503,2024-07-28T17:27:38Z,2024-07-28,510,1226,Retail,Gift Card,COUPON028,41.72,USD
3504,2023-05-19T10:43:20Z,2023-05-19,58492,1022,Retail,Cash,COUPON044,24.40,USD
3505,2023-11-03T13:38:30Z,2023-11-03,57745,1412,Franchise,Afterpay,,37.47,USD
3506,2023-10-31T20:28:23Z,2023-10-31,25244,3931,Retail,Gift Card,COUPON001,30.09,USD
3507,2024-04-16T14:37:55Z,2024-04-16,2181,2225,Online,Credit Card,COUPON009,46.85,USD
3508,2023-08-13T20:13:49Z,2023-08-13,63878,3578,Retail,PayPal,COUPON028,45.95,AUD
3509,2024-06-24T19:36:41Z,2024-06-24,55992,2869,Online,Afterpay,COUPON006,17.22,EUR
3510,2024-06-03T21:40:51Z,2024-06-03,46473,2516,Retail,Gift Card,COUPON016,0.91,AUD
3511,2024-08-22T02:28:53Z,2024-08-22,57051,881,Retail,Afterpay,COUPON032,30.64,AUD
3512,2023-08-04T09:24:22Z,2023-08-04,55670,4059,Retail,Afterpay,COUPON008,22.45,AUD
3513,2023-07-06T05:02:53Z,2023-07-06,34507,4520,Franchise,Credit Card,COUPON024,37.60,USD
3514,2023-06-30T05:17:44Z,2023-06-30,13109,2560,Online,Gift Card,COUPON001,8.20,EUR
3515,2023-06-22T16:14:02Z,2023-06-22,63888,4197,Online,Credit Card,COUPON048,14.64,EUR
3516,2024-09-10T19:54:07Z,2024-09-10,68242,4724,Retail,Gift Card,COUPON036,44.51,EUR
3517,2024-07-26T22:48:08Z,2024-07-26,66320,71,Retail,Credit Card,COUPON047,46.06,AUD
3518,2023-11-01T23:55:10Z,2023-11-01,7313,3562,Franchise,Cash,COUPON040,10.77,AUD
3519,2023-08-25T11:56:17Z,2023-08-25,77209,1195,Franchise,Afterpay,COUPON038,26.26,USD
3520,2023-12-30T10:07:05Z,2023-12-30,50438,3056,Online,Gift Card,COUPON049,44.87,AUD
3521,2023-06-22T20:04:56Z,2023-06-22,59085,4259,Online,Cash,COUPON033,5.57,EUR
3522,2024-02-02T17:15:57Z,2024-02-02,37239,4413,Retail,Cash,COUPON009,14.14,AUD
3523,2023-07-14T15:34:44Z,2023-07-14,7276,1845,Franchise,Cash,COUPON023,33.34,EUR
3524,2024-04-16T09:42:26Z,2024-04-16,55361,485,Online,Afterpay,COUPON012,48.17,EUR
3525,2024-06-04T12:04:08Z,2024-06-04,78315,3047,Online,Gift Card,COUPON028,13.73,EUR
3526,2023-09-18T11:02:56Z,2023-09-18,57209,3117,Franchise,Credit Card,COUPON008,3.57,EUR
3527,2023-01-25T12:29:05Z,2023-01-25,69065,466,Retail,Credit Card,COUPON041,48.41,USD
3528,2023-01-08T23:15:58Z,2023-01-08,45740,2522,Franchise,Cash,COUPON003,38.81,USD
3529,2024-01-18T03:04:55Z,2024-01-18,47060,2909,Retail,Gift Card,COUPON026,32.24,USD
3530,2024-03-28T15:47:10Z,2024-03-28,50434,2351,Franchise,Gift Card,COUPON037,35.99,EUR
3531,2023-02-24T23:57:27Z,2023-02-24,42758,4408,Retail,Gift Card,COUPON037,44.97,AUD
3532,2023-07-13T18:54:36Z,2023-07-13,1706,1772,Retail,Credit Card,COUPON046,1.23,EUR
3533,2024-07-16T16:41:41Z,2024-07-16,9682,4274,Retail,Gift Card,COUPON033,35.47,USD
3534,2023-08-17T08:09:54Z,2023-08-17,63822,384,Retail,Afterpay,COUPON033,10.25,EUR
3535,2024-06-10T22:39:29Z,2024-06-10,60621,1027,Franchise,Credit Card,COUPON037,33.24,AUD
3536,2024-09-17T12:53:41Z,2024-09-17,11460,1125,Franchise,Cash,COUPON012,32.20,USD
3537,2024-04-22T21:33:30Z,2024-04-22,18341,328,Online,Afterpay,COUPON028,37.48,AUD
3538,2023-10-17T19:47:34Z,2023-10-17,59508,3098,Online,Cash,COUPON050,26.02,USD
3539,2024-01-30T18:20:21Z,2024-01-30,41127,1933,Online,Cash,COUPON038,20.44,EUR
3540,2023-11-30T06:53:31Z,2023-11-30,2542,4995,Retail,Cash,COUPON019,31.51,USD
3541,2023-01-14T05:27:36Z,2023-01-14,13890,3978,Retail,Gift Card,COUPON024,45.07,AUD
3542,2024-03-13T02:06:42Z,2024-03-13,71901,2304,Online,Cash,COUPON041,44.10,AUD
3543,2023-02-09T05:45:57Z,2023-02-09,32049,3895,Retail,Cash,COUPON045,18.94,EUR
3544,2023-11-12T22:13:26Z,2023-11-12,13064,4674,Retail,Afterpay,COUPON009,25.73,USD
3545,2024-05-01T15:33:32Z,2024-05-01,53683,4411,Online,Gift Card,COUPON035,34.34,USD
3546,2024-09-22T15:39:09Z,2024-09-22,69092,4776,Online,Cash,COUPON030,0.63,EUR
3547,2024-03-08T18:44:01Z,2024-03-08,62019,1690,Franchise,Credit Card,COUPON027,10.46,USD
3548,2023-03-10T17:48:30Z,2023-03-10,59296,4128,Retail,Gift Card,COUPON020,5.72,EUR
3549,2024-06-20T15:09:48Z,2024-06-20,48075,693,Online,Afterpay,COUPON036,4.96,USD
3550,2024-02-20T13:19:32Z,2024-02-20,14519,3201,Online,Afterpay,COUPON036,44.26,AUD
3551,2023-02-26T07:08:34Z,2023-02-26,66448,3749,Online,Gift Card,COUPON036,20.32,USD
3552,2023-04-08T10:27:58Z,2023-04-08,22678,4046,Franchise,Credit Card,COUPON016,4.27,AUD
3553,2023-09-27T01:52:13Z,2023-09-27,27036,440,Franchise,PayPal,COUPON028,41.14,EUR
3554,2024-10-01T08:41:36Z,2024-10-01,41106,1635,Franchise,Cash,COUPON027,10.43,USD
3555,2023-12-22T03:39:17Z,2023-12-22,61910,1786,Franchise,Credit Card,COUPON001,2.44,USD
3556,2023-11-14T12:01:31Z,2023-11-14,43507,3255,Franchise,Afterpay,COUPON037,15.45,AUD
3557,2023-01-06T14:58:53Z,2023-01-06,20649,3875,Retail,PayPal,COUPON013,1.03,EUR
3558,2023-08-14T20:46:49Z,2023-08-14,9469,3249,Franchise,Gift Card,COUPON041,42.54,EUR
3559,2024-08-18T20:11:34Z,2024-08-18,53291,3705,Online,Credit Card,COUPON018,44.64,EUR
3560,2023-10-23T12:14:06Z,2023-10-23,55944,84,Online,Credit Card,COUPON023,38.72,EUR
3561,2024-09-27T00:06:02Z,2024-09-27,4386,1585,Retail,Afterpay,COUPON026,40.63,USD
3562,2023-02-26T16:57:12Z,2023-02-26,33434,3484,Retail,Cash,COUPON036,27.63,AUD
3563,2023-05-31T18:35:29Z,2023-05-31,78302,1812,Franchise,Credit Card,COUPON028,10.66,EUR
3564,2024-08-26T21:31:46Z,2024-08-26,6780,3696,Retail,Cash,COUPON024,24.15,AUD
3565,2024-04-22T06:43:00Z,2024-04-22,19245,4294,Online,Credit Card,COUPON045,43.98,EUR
3566,2023-01-23T19:29:46Z,2023-01-23,54719,2177,Online,PayPal,COUPON044,17.46,USD
3567,2023-08-08T07:45:02Z,2023-08-08,27585,3171,Franchise,Gift Card,COUPON035,9.01,EUR
3568,2024-03-11T02:46:24Z,2024-03-11,54686,4298,Franchise,Afterpay,COUPON023,29.84,USD
3569,2024-04-21T15:38:18Z,2024-04-21,10008,752,Retail,Gift Card,COUPON039,21.43,AUD
3570,2024-03-13T14:45:53Z,2024-03-13,78875,1350,Retail,Credit Card,COUPON005,17.02,AUD
3571,2024-03-06T22:17:14Z,2024-03-06,36836,1068,Franchise,Afterpay,COUPON041,32.83,AUD
3572,2024-07-02T05:40:04Z,2024-07-02,11281,4913,Online,Gift Card,COUPON002,47.21,AUD
3573,2023-03-22T16:38:42Z,2023-03-22,26624,2449,Franchise,Afterpay,COUPON016,25.08,EUR
3574,2024-01-09T04:38:14Z,2024-01-09,72380,941,Franchise,Gift Card,COUPON018,12.33,EUR
3575,2024-03-30T12:16:27Z,2024-03-30,4689,3665,Online,Afterpay,COUPON044,4.05,EUR
3576,2023-12-06T09:29:31Z,2023-12-06,37025,2530,Online,Cash,COUPON045,21.04,AUD
3577,2024-01-13T12:09:32Z,2024-01-13,45270,612,Online,Afterpay,COUPON031,13.91,USD
3578,2024-03-18T03:49:45Z,2024-03-18,54086,2665,Online,Gift Card,COUPON038,9.34,USD
3579,2023-06-01T20:41:56Z,2023-06-01,42087,3254,Online,PayPal,COUPON021,37.62,EUR
3580,2024-09-15T02:12:53Z,2024-09-15,14302,3083,Online,Afterpay,COUPON023,9.20,AUD
3581,2024-07-20T22:21:07Z,2024-07-20,43722,4673,Online,Credit Card,COUPON031,15.52,USD
3582,2024-07-30T23:15:20Z,2024-07-30,13757,2219,Franchise,Afterpay,COUPON028,42.03,EUR
3583,2024-09-08T06:16:39Z,2024-09-08,9484,3861,Retail,Credit Card,COUPON042,46.55,USD
3584,2023-10-03T18:43:03Z,2023-10-03,21353,2260,Franchise,Gift Card,COUPON018,14.46,AUD
3585,2023-02-02T23:36:18Z,2023-02-02,14459,4946,Retail,PayPal,COUPON024,22.27,AUD
3586,2023-11-22T00:25:52Z,2023-11-22,57428,1627,Franchise,Cash,COUPON013,15.61,EUR
3587,2023-05-04T14:55:47Z,2023-05-04,24321,4132,Online,PayPal,COUPON003,0.87,EUR
3588,2023-08-08T13:02:29Z,2023-08-08,25813,971,Retail,Credit Card,COUPON049,16.46,EUR
3589,2023-09-14T22:07:58Z,2023-09-14,62494,3877,Retail,Credit Card,COUPON037,10.12,USD
3590,2023-12-05T14:54:09Z,2023-12-05,68420,2434,Online,Cash,COUPON021,28.58,EUR
3591,2023-10-22T04:43:27Z,2023-10-22,43443,1717,Retail,Credit Card,COUPON040,25.46,EUR
3592,2024-07-06T03:28:30Z,2024-07-06,31193,1255,Online,PayPal,COUPON046,0.08,USD
3593,2023-02-24T18:02:47Z,2023-02-24,72239,4638,Franchise,Afterpay,COUPON028,29.76,EUR
3594,2023-12-03T08:57:37Z,2023-12-03,33751,2904,Online,PayPal,COUPON029,37.08,USD
3595,2023-12-04T00:24:10Z,2023-12-04,55260,943,Retail,Afterpay,COUPON047,26.79,USD
3596,2024-08-25T22:08:12Z,2024-08-25,6803,2939,Online,Gift Card,COUPON021,30.67,USD
3597,2023-08-25T00:32:46Z,2023-08-25,2057,2670,Retail,Credit Card,COUPON032,46.05,AUD
3598,2023-01-11T11:40:46Z,2023-01-11,21957,1772,Franchise,Afterpay,COUPON030,1.54,AUD
3599,2023-10-24T01:27:46Z,2023-10-24,46641,899,Retail,PayPal,COUPON007,17.02,AUD
3600,2023-06-02T21:50:27Z,2023-06-02,75610,3313,Franchise,Credit Card,COUPON017,6.29,AUD
3601,2024-04-07T04:28:37Z,2024-04-07,19425,2994,Online,Gift Card,COUPON008,40.06,AUD
3602,2023-07-11T16:22:00Z,2023-07-11,4607,451,Franchise,Afterpay,COUPON038,21.64,AUD
3603,2024-09-15T10:35:11Z,2024-09-15,13798,3258,Online,Gift Card,COUPON025,3.00,AUD
3604,2023-03-04T19:52:14Z,2023-03-04,52250,1061,Retail,Cash,COUPON041,30.78,AUD
3605,2024-09-29T14:16:00Z,2024-09-29,26188,4824,Retail,Gift Card,COUPON041,13.91,USD
3606,2024-07-28T15:09:36Z,2024-07-28,23587,2378,Online,Credit Card,COUPON016,20.85,AUD
3607,2024-02-05T19:28:22Z,2024-02-05,67666,221,Retail,Afterpay,COUPON033,12.30,AUD
3608,2023-07-16T15:42:16Z,2023-07-16,22815,3618,Online,Cash,COUPON047,21.37,EUR
3609,2023-01-31T19:24:04Z,2023-01-31,6216,3350,Franchise,Cash,COUPON036,27.34,USD
3610,2023-04-20T17:19:03Z,2023-04-20,26286,2812,Online,Gift Card,COUPON002,9.81,EUR
3611,2024-05-10T04:20:57Z,2024-05-10,38220,4805,Franchise,PayPal,COUPON050,43.54,EUR
3612,2024-08-14T19:39:50Z,2024-08-14,25060,4308,Retail,Cash,COUPON034,29.20,AUD
3613,2023-11-30T08:40:59Z,2023-11-30,12204,3945,Franchise,Credit Card,COUPON043,42.83,AUD
3614,2023-04-11T15:34:11Z,2023-04-11,7686,635,Online,Gift Card,,4.22,EUR
3615,2024-07-28T02:25:10Z,2024-07-28,79311,1931,Online,Credit Card,COUPON034,5.54,AUD
3616,2023-05-23T11:16:11Z,2023-05-23,77915,3268,Franchise,PayPal,COUPON035,11.74,USD
3617,2023-11-01T11:49:39Z,2023-11-01,75118,4139,Retail,Afterpay,COUPON046,41.71,AUD
3618,2024-09-29T11:36:23Z,2024-09-29,19892,3572,Retail,Credit Card,COUPON012,0.80,USD
3619,2023-08-17T00:35:04Z,2023-08-17,71764,4932,Franchise,Afterpay,COUPON004,48.91,EUR
3620,2024-05-31T01:10:10Z,2024-05-31,73310,4315,Online,Afterpay,COUPON022,5.40,EUR
3621,2023-08-28T12:55:42Z,2023-08-28,43858,2270,Franchise,Credit Card,COUPON048,9.33,USD
3622,2024-09-18T18:36:58Z,2024-09-18,2126,853,Retail,Gift Card,COUPON004,9.55,USD
3623,2023-03-10T22:56:12Z,2023-03-10,33962,3189,Online,Credit Card,COUPON029,48.43,EUR
3624,2023-05-24T12:52:32Z,2023-05-24,66205,2402,Online,PayPal,COUPON010,4.01,EUR
3625,2024-02-27T06:48:36Z,2024-02-27,64678,1441,Franchise,Credit Card,COUPON049,21.82,EUR
3626,2024-03-08T15:55:57Z,2024-03-08,61490,65,Retail,Credit Card,COUPON036,34.68,EUR
3627,2024-08-02T21:45:25Z,2024-08-02,64502,711,Retail,Credit Card,COUPON001,32.59,AUD
3628,2024-03-10T11:32:14Z,2024-03-10,23514,4272,Franchise,PayPal,COUPON046,5.16,USD
3629,2023-06-30T01:56:47Z,2023-06-30,56943,1275,Online,Gift Card,COUPON036,42.22,EUR
3630,2024-02-02T05:16:59Z,2024-02-02,49749,120,Franchise,Credit Card,COUPON043,12.69,USD
3631,2023-12-24T21:03:05Z,2023-12-24,68184,3060,Retail,Cash,COUPON025,34.90,EUR
3632,2023-07-19T23:33:01Z,2023-07-19,63241,1352,Retail,Afterpay,COUPON020,19.53,EUR
3633,2024-05-14T16:27:44Z,2024-05-14,40058,703,Retail,PayPal,COUPON013,41.11,EUR
3634,2023-02-02T12:21:37Z,2023-02-02,52395,1798,Franchise,Gift Card,COUPON044,44.42,EUR
3635,2023-03-22T04:18:02Z,2023-03-22,1493,3963,Franchise,PayPal,COUPON009,31.40,USD
3636,2023-05-24T05:21:16Z,2023-05-24,55974,2113,Online,Cash,COUPON043,33.41,USD
3637,2023-06-04T01:16:31Z,2023-06-04,62148,1455,Franchise,Cash,COUPON040,20.51,USD
3638,2024-09-24T05:01:38Z,2024-09-24,12946,2763,Retail,Credit Card,COUPON047,15.86,AUD
3639,2023-12-25T22:35:33Z,2023-12-25,57487,4707,Franchise,Cash,COUPON019,39.75,AUD
3640,2024-06-10T16:05:13Z,2024-06-10,57454,1230,Retail,Credit Card,COUPON024,25.05,AUD
3641,2023-11-27T04:11:08Z,2023-11-27,6520,2275,Franchise,Gift Card,COUPON042,30.33,USD
3642,2024-03-25T19:40:24Z,2024-03-25,9129,394,Retail,Gift Card,COUPON031,3.52,USD
3643,2023-03-03T07:13:11Z,2023-03-03,62328,3725,Online,Credit Card,COUPON038,45.67,EUR
3644,2023-02-18T23:33:33Z,2023-02-18,27007,1554,Franchise,Cash,COUPON031,0.08,AUD
3645,2023-11-26T22:31:38Z,2023-11-26,61326,723,Online,Credit Card,COUPON040,45.36,USD
3646,2024-03-21T16:51:57Z,2024-03-21,8126,887,Retail,PayPal,COUPON026,40.69,EUR
3647,2023-08-28T21:19:41Z,2023-08-28,60890,4283,Retail,Credit Card,COUPON038,18.82,USD
3648,2023-12-24T01:59:37Z,2023-12-24,69728,1400,Online,Gift Card,COUPON045,44.44,EUR
3649,2024-05-16T19:05:36Z,2024-05-16,22480,4839,Online,Credit Card,COUPON027,31.84,EUR
3650,2023-06-30T02:35:38Z,2023-06-30,75992,3123,Retail,Cash,COUPON046,19.15,EUR
3651,2024-02-07T15:14:45Z,2024-02-07,31491,1768,Franchise,PayPal,COUPON045,16.64,USD
3652,2024-03-08T00:32:41Z,2024-03-08,4424,4865,Online,Gift Card,COUPON047,7.69,USD
3653,2023-02-27T08:51:04Z,2023-02-27,2119,631,Retail,Afterpay,COUPON031,12.85,EUR
3654,2023-01-30T19:36:43Z,2023-01-30,14667,1909,Franchise,Cash,COUPON007,18.36,USD
3655,2024-03-12T14:19:08Z,2024-03-12,42337,3437,Online,Afterpay,COUPON022,32.83,EUR
3656,2024-03-21T02:55:56Z,2024-03-21,59295,4792,Online,Afterpay,COUPON025,15.94,EUR
3657,2023-12-25T12:13:32Z,2023-12-25,41238,3041,Franchise,Gift Card,COUPON039,42.19,AUD
3658,2024-08-05T23:37:04Z,2024-08-05,14032,1615,Franchise,Afterpay,COUPON027,4.24,USD
3659,2024-06-07T21:29:18Z,2024-06-07,31741,3462,Retail,Credit Card,COUPON050,43.94,USD
3660,2023-07-10T00:47:36Z,2023-07-10,21770,4417,Online,PayPal,COUPON018,24.01,AUD
3661,2024-03-27T10:11:01Z,2024-03-27,6470,3246,Online,Afterpay,COUPON016,13.75,USD
3662,2024-09-01T10:58:50Z,2024-09-01,6747,466,Franchise,Credit Card,COUPON021,24.55,USD
3663,2023-01-29T06:08:22Z,2023-01-29,24674,2733,Franchise,Afterpay,COUPON011,10.19,USD
3664,2024-08-18T14:37:40Z,2024-08-18,49814,2189,Online,Afterpay,COUPON014,11.41,EUR
3665,2023-10-11T05:07:36Z,2023-10-11,12825,4360,Franchise,Credit Card,COUPON044,16.16,AUD
3666,2024-08-15T21:04:49Z,2024-08-15,66968,196,Franchise,Cash,COUPON035,6.21,AUD
3667,2023-02-20T06:41:38Z,2023-02-20,22805,1357,Retail,Credit Card,COUPON003,4.10,AUD
3668,2023-10-21T06:40:25Z,2023-10-21,76154,2796,Retail,Cash,COUPON004,41.34,EUR
3669,2024-03-09T03:48:37Z,2024-03-09,59451,836,Retail,Gift Card,COUPON022,32.63,EUR
3670,2024-02-24T14:40:24Z,2024-02-24,67615,4206,Franchise,PayPal,COUPON031,43.94,AUD
3671,2023-10-13T06:46:15Z,2023-10-13,32336,541,Online,PayPal,COUPON048,42.77,AUD
3672,2024-01-12T22:27:46Z,2024-01-12,1414,456,Franchise,Gift Card,COUPON041,21.65,AUD
3673,2024-02-23T03:30:14Z,2024-02-23,66320,196,Online,PayPal,COUPON019,38.85,EUR
3674,2023-07-27T09:36:58Z,2023-07-27,46803,600,Retail,PayPal,COUPON050,2.32,AUD
3675,2023-04-29T09:34:59Z,2023-04-29,2381,47,Franchise,PayPal,COUPON021,42.67,EUR
3676,2023-10-31T04:48:55Z,2023-10-31,67409,127,Online,Gift Card,COUPON050,33.84,AUD
3677,2023-08-11T12:23:13Z,2023-08-11,71463,1223,Franchise,Gift Card,COUPON050,0.57,USD
3678,2024-09-21T14:40:29Z,2024-09-21,9460,1420,Franchise,Afterpay,COUPON022,8.12,EUR
3679,2023-10-26T14:14:38Z,2023-10-26,25224,4106,Franchise,Gift Card,COUPON042,26.30,USD
3680,2024-06-17T11:26:13Z,2024-06-17,23777,966,Franchise,PayPal,COUPON026,36.41,EUR
3681,2023-02-22T21:33:29Z,2023-02-22,70668,3967,Franchise,Cash,COUPON019,38.99,USD
3682,2023-05-16T10:58:05Z,2023-05-16,78253,3885,Online,PayPal,COUPON035,35.30,USD
3683,2023-04-18T20:22:02Z,2023-04-18,10659,2519,Franchise,Credit Card,COUPON034,2.03,USD
3684,2024-06-20T23:58:33Z,2024-06-20,27184,3737,Online,Credit Card,COUPON048,12.30,AUD
3685,2023-09-28T06:06:25Z,2023-09-28,47156,4995,Retail,Gift Card,COUPON023,22.90,USD
3686,2024-07-04T22:45:44Z,2024-07-04,42858,4215,Online,Afterpay,COUPON043,32.92,USD
3687,2023-07-20T18:41:57Z,2023-07-20,28582,4062,Franchise,Gift Card,COUPON042,24.30,AUD
3688,2024-04-16T18:59:16Z,2024-04-16,50209,5,Online,Cash,COUPON001,13.79,AUD
3689,2023-11-13T10:31:24Z,2023-11-13,56547,1212,Franchise,Afterpay,COUPON036,3.10,AUD
3690,2024-08-22T18:07:11Z,2024-08-22,78986,2192,Online,PayPal,COUPON016,13.67,USD
3691,2024-02-20T01:30:52Z,2024-02-20,49083,4683,Retail,PayPal,COUPON023,19.86,AUD
3692,2023-10-16T00:52:31Z,2023-10-16,63640,1640,Online,PayPal,COUPON049,16.57,USD
3693,2023-07-02T03:49:44Z,2023-07-02,48211,3532,Online,Afterpay,COUPON017,47.69,AUD
3694,2023-04-04T20:26:59Z,2023-04-04,69943,1129,Retail,Afterpay,COUPON020,44.67,USD
3695,2023-12-29T02:42:18Z,2023-12-29,22047,93,Franchise,Cash,COUPON033,32.71,USD
3696,2023-09-26T22:53:25Z,2023-09-26,89678,5805,Franchise,Gift Card,COUPON030,37.28,AUD
3697,2023-05-13T08:48:14Z,2023-05-13,53082,2839,Retail,Cash,COUPON014,28.42,EUR
3698,2024-05-23T14:54:33Z,2024-05-23,78276,3956,Online,PayPal,COUPON007,32.09,AUD
3699,2023-10-04T20:58:48Z,2023-10-04,6749,2132,Online,Afterpay,COUPON028,13.05,USD
3700,2023-05-02T19:42:36Z,2023-05-02,21851,2975,Online,Gift Card,COUPON047,24.31,EUR
3701,2024-04-19T19:59:48Z,2024-04-19,64522,2006,Online,Gift Card,COUPON001,7.48,EUR
3702,2023-09-15T23:34:23Z,2023-09-15,58509,3369,Retail,Credit Card,COUPON010,2.93,USD
3703,2024-05-25T04:07:08Z,2024-05-25,11529,4893,Franchise,Gift Card,COUPON036,38.29,EUR
3704,2023-10-20T15:31:16Z,2023-10-20,41607,3185,Franchise,Credit Card,COUPON034,36.68,EUR
3705,2023-08-20T10:20:41Z,2023-08-20,7689,2360,Online,Cash,COUPON008,24.11,EUR
3706,2023-03-25T08:39:36Z,2023-03-25,26913,1717,Online,Gift Card,COUPON045,28.77,AUD
3707,2024-04-25T02:48:04Z,2024-04-25,34308,4979,Retail,Credit Card,COUPON015,11.05,EUR
3708,2024-08-30T19:45:07Z,2024-08-30,54510,3002,Online,PayPal,COUPON013,14.65,AUD
3709,2024-09-10T18:31:52Z,2024-09-10,51000,815,Retail,PayPal,COUPON050,37.10,AUD
3710,2023-09-15T17:47:00Z,2023-09-15,13607,1442,Franchise,Credit Card,COUPON024,48.08,USD
3711,2023-01-02T10:45:41Z,2023-01-02,67014,968,Online,PayPal,COUPON047,28.98,EUR
3712,2024-07-07T12:02:36Z,2024-07-07,58286,1527,Online,Credit Card,COUPON011,36.94,EUR
3713,2023-08-10T02:50:46Z,2023-08-10,7812,184,Online,PayPal,COUPON049,24.83,AUD
3714,2023-10-29T01:48:06Z,2023-10-29,62087,2933,Online,Afterpay,COUPON032,3.51,AUD
3715,2023-02-13T08:08:39Z,2023-02-13,79239,1549,Franchise,Gift Card,COUPON014,24.29,USD
3716,2024-01-19T20:46:02Z,2024-01-19,12855,4015,Franchise,PayPal,COUPON010,12.17,AUD
3717,2023-10-21T18:54:52Z,2023-10-21,88541,5155,Retail,Credit Card,COUPON020,1.71,USD
3718,2023-09-29T09:25:44Z,2023-09-29,13308,879,Franchise,Credit Card,COUPON048,20.95,USD
3719,2023-04-22T01:24:57Z,2023-04-22,40733,1020,Retail,PayPal,COUPON008,47.76,AUD
3720,2024-08-20T03:09:43Z,2024-08-20,51095,3951,Retail,Afterpay,COUPON012,25.30,EUR
3721,2023-09-08T20:47:15Z,2023-09-08,31671,4270,Retail,Gift Card,COUPON001,30.73,AUD
3722,2023-05-16T16:32:48Z,2023-05-16,10718,2889,Online,Gift Card,COUPON027,44.80,AUD
3723,2024-02-06T19:02:44Z,2024-02-06,3276,1652,Retail,PayPal,COUPON047,20.40,AUD
3724,2024-07-07T22:37:23Z,2024-07-07,6313,2372,Online,Afterpay,COUPON013,8.51,AUD
3725,2023-10-06T22:14:13Z,2023-10-06,83827,5684,Franchise,Gift Card,COUPON023,39.74,EUR
3726,2023-02-28T22:02:15Z,2023-02-28,20193,3349,Franchise,Afterpay,COUPON050,47.23,AUD
3727,2024-08-22T15:20:32Z,2024-08-22,61209,1291,Online,Cash,COUPON016,25.16,AUD
3728,2024-07-30T23:27:53Z,2024-07-30,48784,187,Retail,Afterpay,COUPON014,34.07,AUD
3729,2023-07-05T17:29:04Z,2023-07-05,3884,4865,Franchise,Gift Card,COUPON042,7.59,EUR
3730,2023-07-28T13:09:11Z,2023-07-28,15654,2107,Online,Credit Card,COUPON005,26.62,USD
3731,2024-06-19T12:22:16Z,2024-06-19,67941,660,Retail,Credit Card,COUPON001,49.98,USD
3732,2023-09-30T22:52:36Z,2023-09-30,18832,1435,Franchise,Gift Card,COUPON027,43.27,EUR
3733,2023-11-13T08:22:17Z,2023-11-13,46824,1733,Franchise,Credit Card,COUPON029,34.16,AUD
3734,2024-09-02T18:05:06Z,2024-09-02,73209,2290,Franchise,Afterpay,COUPON004,44.13,USD
3735,2024-06-12T19:24:17Z,2024-06-12,43156,676,Retail,Credit Card,COUPON028,32.51,EUR
3736,2024-03-15T21:22:25Z,2024-03-15,70453,4989,Online,Cash,COUPON038,22.54,AUD
3737,2023-04-09T01:35:31Z,2023-04-09,77601,863,Retail,Afterpay,COUPON048,11.73,EUR
3738,2023-06-30T00:03:27Z,2023-06-30,52809,1466,Online,Gift Card,COUPON037,6.82,AUD
3739,2024-06-16T03:35:51Z,2024-06-16,414,4187,Online,Credit Card,COUPON048,13.67,AUD
3740,2024-04-09T13:22:56Z,2024-04-09,44837,2771,Online,Cash,COUPON025,16.76,USD
3741,2024-03-03T07:05:02Z,2024-03-03,41139,446,Franchise,Cash,COUPON044,38.14,USD
3742,2023-09-14T23:01:56Z,2023-09-14,59324,977,Retail,PayPal,COUPON009,31.19,USD
3743,2023-06-09T08:50:19Z,2023-06-09,58530,3812,Online,Cash,COUPON046,33.61,AUD
3744,2023-01-13T03:47:53Z,2023-01-13,78949,3994,Retail,Gift Card,COUPON043,40.89,EUR
3745,2023-01-07T06:00:24Z,2023-01-07,29596,1788,Retail,PayPal,COUPON016,47.65,EUR
3746,2024-09-07T06:05:22Z,2024-09-07,45536,3927,Retail,Afterpay,COUPON017,40.03,EUR
3747,2023-08-01T01:01:42Z,2023-08-01,64327,3002,Online,Afterpay,COUPON015,27.25,EUR
3748,2023-10-31T07:53:57Z,2023-10-31,59482,2987,Franchise,Gift Card,COUPON015,25.56,EUR
3749,2024-08-03T12:45:51Z,2024-08-03,7193,198,Franchise,Gift Card,COUPON006,22.22,USD
3750,2023-08-29T00:48:30Z,2023-08-29,48404,4781,Franchise,Credit Card,COUPON029,44.58,AUD
3751,2023-11-04T02:10:22Z,2023-11-04,38473,4257,Online,Afterpay,COUPON004,20.71,AUD
3752,2023-01-08T08:33:21Z,2023-01-08,21365,3538,Retail,Credit Card,COUPON040,34.43,USD
3753,2023-03-02T18:16:07Z,2023-03-02,19801,1287,Franchise,Cash,COUPON004,24.93,AUD
3754,2023-10-28T21:33:59Z,2023-10-28,35908,2742,Retail,Afterpay,COUPON026,49.05,AUD
3755,2024-03-27T13:20:15Z,2024-03-27,14755,1818,Retail,Credit Card,COUPON029,24.82,AUD
3756,2023-11-15T11:57:41Z,2023-11-15,27246,329,Online,Credit Card,COUPON037,31.62,USD
3757,2023-07-09T05:53:47Z,2023-07-09,61310,804,Retail,Gift Card,COUPON014,15.83,EUR
3758,2023-07-28T20:52:48Z,2023-07-28,30096,319,Retail,PayPal,COUPON047,28.61,EUR
3759,2024-01-01T14:10:33Z,2024-01-01,79978,3006,Franchise,Cash,COUPON041,30.26,USD
3760,2024-01-30T13:06:19Z,2024-01-30,3004,404,Online,Afterpay,COUPON013,24.80,AUD
3761,2023-06-11T20:54:36Z,2023-06-11,15020,4409,Retail,Credit Card,COUPON016,29.82,EUR
3762,2023-09-26T04:04:18Z,2023-09-26,15884,810,Franchise,Credit Card,COUPON047,6.96,AUD
3763,2024-09-04T14:50:07Z,2024-09-04,17115,4123,Online,Gift Card,COUPON047,43.95,EUR
3764,2023-03-28T21:50:12Z,2023-03-28,18383,4571,Retail,Cash,COUPON038,47.02,AUD
3765,2023-09-26T06:42:13Z,2023-09-26,43244,1945,Franchise,Afterpay,COUPON034,24.79,AUD
3766,2024-09-20T01:58:16Z,2024-09-20,60897,174,Retail,Credit Card,COUPON021,49.98,AUD
3767,2024-07-21T22:42:22Z,2024-07-21,46194,4908,Franchise,Gift Card,COUPON041,10.50,EUR
3768,2023-06-23T20:47:34Z,2023-06-23,45052,1639,Retail,Afterpay,COUPON027,25.02,EUR
3769,2024-01-16T17:53:11Z,2024-01-16,50153,5,Retail,Afterpay,COUPON032,19.47,EUR
3770,2023-02-14T04:09:00Z,2023-02-14,15333,1518,Retail,Cash,COUPON037,29.44,USD
3771,2023-10-29T23:50:24Z,2023-10-29,47087,1682,Online,PayPal,COUPON046,31.73,EUR
3772,2024-06-09T20:31:32Z,2024-06-09,20694,745,Retail,Cash,COUPON036,48.96,AUD
3773,2023-05-03T17:21:35Z,2023-05-03,8681,2944,Franchise,PayPal,COUPON035,49.82,USD
3774,2023-07-23T10:13:13Z,2023-07-23,22664,1266,Franchise,Afterpay,COUPON042,25.31,USD
3775,2023-09-09T18:46:17Z,2023-09-09,12240,1042,Franchise,Afterpay,COUPON010,33.99,USD
3776,2024-09-22T04:19:25Z,2024-09-22,52598,2995,Retail,Cash,COUPON050,38.31,USD
3777,2024-08-30T07:18:38Z,2024-08-30,59577,867,Retail,Credit Card,COUPON027,6.78,AUD
3778,2023-07-13T01:53:41Z,2023-07-13,63332,779,Online,Credit Card,COUPON013,22.97,USD
3779,2024-09-06T17:43:30Z,2024-09-06,78640,1860,Retail,Gift Card,COUPON031,49.88,AUD
3780,2024-05-26T03:02:13Z,2024-05-26,23299,911,Online,Afterpay,COUPON025,39.94,USD
3781,2024-09-24T01:23:29Z,2024-09-24,31325,1964,Franchise,PayPal,COUPON033,35.97,AUD
3782,2024-01-17T20:28:45Z,2024-01-17,16183,992,Franchise,Cash,COUPON008,24.17,USD
3783,2024-09-25T01:51:04Z,2024-09-25,22795,3877,Retail,PayPal,COUPON045,45.22,AUD
3784,2023-11-17T04:50:35Z,2023-11-17,53160,1319,Online,Afterpay,COUPON034,39.14,EUR
3785,2023-12-15T17:00:39Z,2023-12-15,35210,941,Online,Credit Card,COUPON039,29.08,USD
3786,2023-03-14T07:38:10Z,2023-03-14,9701,2798,Franchise,Afterpay,COUPON044,48.94,USD
3787,2024-03-10T09:53:27Z,2024-03-10,3488,4103,Franchise,Credit Card,COUPON014,45.41,AUD
3788,2023-06-02T07:32:12Z,2023-06-02,17449,1670,Online,PayPal,COUPON039,16.90,USD
3789,2023-01-31T04:41:36Z,2023-01-31,2910,1945,Franchise,Credit Card,COUPON033,20.43,EUR
3790,2024-07-06T19:55:15Z,2024-07-06,61140,1887,Retail,Afterpay,COUPON003,3.77,AUD
3791,2024-02-07T01:32:57Z,2024-02-07,53796,167,Franchise,PayPal,COUPON032,6.80,AUD
3792,2024-02-24T08:29:35Z,2024-02-24,899,3897,Online,Credit Card,COUPON050,42.35,AUD
3793,2024-06-08T10:54:45Z,2024-06-08,13701,4621,Retail,Cash,COUPON045,2.30,EUR
3794,2023-01-16T17:24:10Z,2023-01-16,8358,3195,Franchise,Afterpay,COUPON014,48.07,EUR
3795,2023-08-01T12:38:11Z,2023-08-01,62497,3911,Retail,Gift Card,COUPON011,18.68,EUR
3796,2024-01-12T02:52:39Z,2024-01-12,27221,625,Franchise,Cash,COUPON021,23.40,AUD
3797,2024-02-21T18:44:06Z,2024-02-21,15583,2262,Online,PayPal,COUPON039,10.91,EUR
3798,2023-07-17T14:45:55Z,2023-07-17,38374,4125,Retail,Cash,COUPON010,2.23,EUR
3799,2023-07-12T02:54:48Z,2023-07-12,3332,4908,Franchise,Credit Card,COUPON008,24.62,EUR
3800,2023-03-19T07:36:43Z,2023-03-19,24247,762,Franchise,Cash,COUPON022,42.80,AUD
3801,2023-03-16T04:18:12Z,2023-03-16,52597,113,Online,PayPal,COUPON008,16.47,USD
3802,2023-09-27T07:34:59Z,2023-09-27,28442,3107,Franchise,Gift Card,COUPON006,42.42,USD
3803,2023-06-13T01:21:47Z,2023-06-13,42410,4934,Franchise,PayPal,COUPON025,13.33,USD
3804,2023-09-22T12:38:03Z,2023-09-22,64887,1067,Online,Cash,COUPON044,48.11,USD
3805,2023-08-16T02:45:36Z,2023-08-16,57850,4488,Retail,PayPal,COUPON017,47.35,AUD
3806,2023-01-12T14:38:47Z,2023-01-12,42424,3443,Franchise,PayPal,COUPON010,40.66,USD
3807,2023-01-02T07:16:36Z,2023-01-02,52782,37,Retail,Cash,COUPON028,7.37,EUR
3808,2023-06-09T18:02:34Z,2023-06-09,77806,3444,Retail,Credit Card,COUPON011,12.41,USD
3809,2024-03-31T22:56:30Z,2024-03-31,87085,5246,Franchise,Gift Card,COUPON001,43.46,AUD
3810,2024-05-29T03:01:12Z,2024-05-29,43433,576,Online,PayPal,COUPON003,0.85,AUD
3811,2023-08-23T06:23:13Z,2023-08-23,52195,300,Franchise,Credit Card,COUPON007,26.03,AUD
3812,2023-06-13T00:20:48Z,2023-06-13,28206,856,Franchise,Credit Card,COUPON038,29.53,AUD
3813,2023-01-08T11:37:05Z,2023-01-08,244,1719,Retail,Cash,COUPON009,30.92,AUD
3814,2024-03-18T05:00:01Z,2024-03-18,32745,2215,Franchise,Afterpay,COUPON013,3.20,EUR
3815,2024-07-18T04:02:56Z,2024-07-18,57652,1279,Franchise,Gift Card,COUPON032,28.58,EUR
3816,2024-02-12T20:39:53Z,2024-02-12,59539,283,Franchise,PayPal,COUPON010,41.06,AUD
3817,2024-03-18T20:00:24Z,2024-03-18,27854,2396,Retail,Cash,COUPON007,18.34,USD
3818,2023-12-07T04:28:12Z,2023-12-07,71930,3935,Retail,Credit Card,COUPON036,5.67,EUR
3819,2024-01-25T15:44:02Z,2024-01-25,47004,4785,Online,PayPal,COUPON010,20.95,USD
3820,2024-07-12T10:48:02Z,2024-07-12,2316,660,Retail,PayPal,COUPON024,26.64,USD
3821,2024-05-18T08:11:06Z,2024-05-18,7319,2039,Retail,PayPal,COUPON029,43.82,EUR
3822,2024-03-27T16:12:20Z,2024-03-27,39804,3296,Online,Gift Card,COUPON038,29.42,EUR
3823,2023-01-01T19:16:59Z,2023-01-01,3322,3271,Online,Afterpay,COUPON044,38.13,AUD
3824,2023-08-27T22:11:21Z,2023-08-27,20128,2791,Franchise,PayPal,COUPON019,13.83,EUR
3825,2023-12-11T05:37:23Z,2023-12-11,47730,3858,Retail,Gift Card,COUPON007,42.13,USD
3826,2023-12-19T20:10:39Z,2023-12-19,8346,4556,Franchise,Afterpay,COUPON045,7.66,USD
3827,2024-08-14T16:16:07Z,2024-08-14,432,2719,Retail,Afterpay,COUPON047,17.81,EUR
3828,2023-06-14T16:51:38Z,2023-06-14,71315,4641,Franchise,PayPal,COUPON007,21.59,EUR
3829,2023-06-02T02:27:21Z,2023-06-02,70621,1979,Online,Gift Card,COUPON024,23.70,AUD
3830,2023-08-27T22:57:48Z,2023-08-27,27510,1145,Retail,Cash,COUPON020,25.52,EUR
3831,2023-06-10T12:16:57Z,2023-06-10,16876,916,Retail,Afterpay,COUPON001,26.71,AUD
3832,2023-11-19T23:36:58Z,2023-11-19,4432,2887,Online,Cash,COUPON011,44.50,AUD
3833,2024-01-25T02:34:59Z,2024-01-25,42854,706,Retail,Credit Card,COUPON034,18.04,EUR
3834,2023-12-01T05:53:22Z,2023-12-01,61905,3732,Franchise,PayPal,COUPON009,16.76,USD
3835,2023-06-24T22:06:08Z,2023-06-24,2976,2214,Online,Afterpay,COUPON041,7.17,AUD
3836,2023-10-19T20:49:51Z,2023-10-19,37201,2567,Franchise,Afterpay,COUPON038,1.38,EUR
3837,2023-03-19T08:41:04Z,2023-03-19,4760,169,Online,Credit Card,COUPON045,6.67,EUR
3838,2024-03-11T00:45:37Z,2024-03-11,60012,1546,Online,Gift Card,COUPON009,2.10,USD
3839,2023-10-02T05:12:36Z,2023-10-02,76960,2670,Retail,Gift Card,COUPON012,45.34,AUD
3840,2023-10-11T02:48:05Z,2023-10-11,33233,4409,Online,PayPal,COUPON025,6.36,AUD
3841,2023-05-02T10:58:09Z,2023-05-02,57563,1929,Franchise,PayPal,COUPON048,39.55,AUD
3842,2023-01-31T11:23:44Z,2023-01-31,21794,643,Franchise,PayPal,COUPON002,22.26,USD
3843,2024-03-02T20:04:33Z,2024-03-02,12350,4099,Online,Afterpay,COUPON002,4.00,AUD
3844,2024-05-17T11:06:10Z,2024-05-17,30154,3394,Franchise,PayPal,COUPON042,0.27,EUR
3845,2024-02-12T14:07:25Z,2024-02-12,76557,3017,Online,Gift Card,COUPON013,48.54,EUR
3846,2024-02-04T03:41:12Z,2024-02-04,39085,4454,Online,Cash,COUPON006,45.09,AUD
3847,2024-01-14T16:10:34Z,2024-01-14,59143,2694,Franchise,Credit Card,COUPON037,17.54,USD
3848,2023-05-31T14:08:18Z,2023-05-31,52664,1834,Franchise,Credit Card,COUPON002,49.15,EUR
3849,2024-05-04T12:26:15Z,2024-05-04,17888,1719,Franchise,PayPal,COUPON037,29.34,USD
3850,2023-10-03T05:54:05Z,2023-10-03,30622,3059,Retail,Afterpay,COUPON012,36.45,EUR
3851,2024-08-28T20:10:57Z,2024-08-28,23646,4430,Online,PayPal,COUPON028,9.19,EUR
3852,2024-09-24T01:40:17Z,2024-09-24,10629,340,Franchise,Cash,COUPON007,30.75,AUD
3853,2023-05-06T02:16:49Z,2023-05-06,66274,4861,Retail,Cash,COUPON043,40.14,AUD
3854,2024-03-25T06:31:40Z,2024-03-25,657,412,Online,Cash,COUPON012,16.48,EUR
3855,2023-01-16T00:13:49Z,2023-01-16,34961,3990,Franchise,PayPal,COUPON005,8.82,AUD
3856,2024-07-23T23:24:28Z,2024-07-23,8035,3078,Franchise,Credit Card,COUPON045,44.94,USD
3857,2023-09-19T12:51:27Z,2023-09-19,39113,2322,Retail,PayPal,COUPON042,15.11,AUD
3858,2024-06-07T09:56:58Z,2024-06-07,61598,2786,Online,Credit Card,COUPON045,46.42,USD
3859,2023-07-18T13:44:40Z,2023-07-18,75682,1448,Online,Credit Card,COUPON043,5.01,AUD
3860,2023-08-14T07:51:38Z,2023-08-14,6093,1209,Franchise,Gift Card,COUPON020,21.66,AUD
3861,2023-06-30T08:38:10Z,2023-06-30,42497,2859,Franchise,Gift Card,COUPON010,17.28,AUD
3862,2024-03-01T17:56:36Z,2024-03-01,77825,3105,Franchise,PayPal,COUPON048,36.26,EUR
3863,2024-04-11T05:30:28Z,2024-04-11,61475,586,Franchise,Cash,COUPON035,8.02,EUR
3864,2023-05-01T07:12:26Z,2023-05-01,38912,1395,Franchise,Gift Card,COUPON037,23.21,EUR
3865,2023-06-14T18:55:38Z,2023-06-14,66050,153,Franchise,Credit Card,COUPON011,29.48,USD
3866,2023-05-06T16:46:19Z,2023-05-06,54519,1902,Online,Afterpay,COUPON017,27.29,AUD
3867,2023-11-23T15:52:23Z,2023-11-23,30879,3221,Online,Cash,COUPON050,49.52,USD
3868,2024-01-19T03:24:33Z,2024-01-19,48029,1080,Retail,Cash,COUPON035,43.35,AUD
3869,2023-03-04T02:06:19Z,2023-03-04,32764,1520,Franchise,Cash,COUPON026,30.87,USD
3870,2023-10-29T01:48:14Z,2023-10-29,23613,269,Online,Afterpay,COUPON024,11.30,AUD
3871,2024-01-09T20:36:26Z,2024-01-09,68275,3391,Retail,Credit Card,COUPON025,29.95,EUR
3872,2024-07-20T09:23:48Z,2024-07-20,11601,4856,Retail,Gift Card,COUPON033,39.56,EUR
3873,2023-08-05T11:00:42Z,2023-08-05,15933,1623,Online,Credit Card,COUPON018,43.54,EUR
3874,2024-09-15T07:06:56Z,2024-09-15,2186,1729,Franchise,Afterpay,COUPON035,31.53,EUR
3875,2024-03-12T17:14:57Z,2024-03-12,54289,2457,Retail,Cash,COUPON037,1.86,AUD
3876,2024-04-27T04:05:07Z,2024-04-27,40492,1803,Online,Gift Card,COUPON038,21.99,USD
3877,2024-09-15T02:25:09Z,2024-09-15,40835,1124,Franchise,Cash,COUPON025,20.43,USD
3878,2023-09-05T15:29:27Z,2023-09-05,7052,2413,Online,Credit Card,COUPON032,10.68,AUD
3879,2023-03-15T21:08:23Z,2023-03-15,12802,2031,Franchise,Gift Card,COUPON020,46.26,AUD
3880,2023-10-17T05:37:30Z,2023-10-17,34993,4010,Retail,PayPal,COUPON013,36.13,USD
3881,2024-09-23T07:35:08Z,2024-09-23,15762,55,Online,Cash,COUPON039,43.46,EUR
3882,2024-03-18T07:10:13Z,2024-03-18,79793,1643,Franchise,Afterpay,COUPON011,11.43,AUD
3883,2024-07-02T06:04:57Z,2024-07-02,15565,4140,Online,Afterpay,COUPON027,19.78,USD
3884,2023-10-15T07:52:16Z,2023-10-15,4859,398,Retail,PayPal,COUPON030,12.95,USD
3885,2023-01-03T20:35:25Z,2023-01-03,51808,2023,Online,Cash,COUPON027,43.69,USD
3886,2023-08-28T06:49:50Z,2023-08-28,1883,3695,Franchise,Gift Card,COUPON038,16.10,AUD
3887,2024-04-06T23:00:46Z,2024-04-06,40831,2780,Retail,PayPal,COUPON024,24.43,USD
3888,2023-10-02T01:33:30Z,2023-10-02,12245,4559,Franchise,Afterpay,COUPON016,8.69,AUD
3889,2023-07-30T12:04:30Z,2023-07-30,18048,147,Online,Credit Card,COUPON046,20.54,EUR
3890,2024-08-06T23:00:20Z,2024-08-06,7553,4028,Franchise,Cash,COUPON033,49.85,EUR
3891,2023-01-25T08:20:40Z,2023-01-25,51637,908,Retail,Credit Card,COUPON010,20.39,EUR
3892,2023-11-06T20:38:52Z,2023-11-06,40871,2926,Franchise,PayPal,COUPON005,40.68,EUR
3893,2023-12-18T09:52:55Z,2023-12-18,75943,3487,Franchise,PayPal,COUPON005,29.65,EUR
3894,2023-04-26T07:56:08Z,2023-04-26,38878,2741,Franchise,Afterpay,COUPON049,45.23,EUR
3895,2024-07-27T17:21:21Z,2024-07-27,79196,4748,Online,PayPal,COUPON043,0.91,EUR
3896,2024-07-13T19:29:08Z,2024-07-13,22310,1514,Franchise,Cash,COUPON013,42.74,EUR
3897,2023-08-06T18:40:53Z,2023-08-06,50756,3208,Online,Afterpay,,43.77,EUR
3898,2023-07-09T02:10:57Z,2023-07-09,2743,3941,Retail,Credit Card,COUPON030,5.92,AUD
3899,2024-09-04T03:36:26Z,2024-09-04,13595,1601,Online,Afterpay,COUPON011,34.17,EUR
3900,2023-07-26T07:05:08Z,2023-07-26,11301,4521,Retail,Credit Card,COUPON030,39.58,AUD
3901,2024-09-22T05:18:57Z,2024-09-22,26608,2118,Retail,Cash,COUPON021,2.35,AUD
3902,2024-04-04T18:59:52Z,2024-04-04,228,2801,Retail,Afterpay,COUPON018,12.03,EUR
3903,2023-05-19T23:39:50Z,2023-05-19,74184,2962,Franchise,Cash,COUPON050,13.46,USD
3904,2024-03-15T21:43:15Z,2024-03-15,15494,2551,Retail,Credit Card,COUPON043,8.84,USD
3905,2023-12-24T11:23:46Z,2023-12-24,7389,1693,Retail,Afterpay,COUPON048,30.71,AUD
3906,2024-06-21T17:10:14Z,2024-06-21,7039,861,Online,PayPal,COUPON047,6.07,AUD
3907,2023-11-07T15:27:37Z,2023-11-07,67793,4932,Online,Cash,COUPON033,26.82,USD
3908,2024-02-23T13:57:08Z,2024-02-23,25317,961,Online,Credit Card,COUPON003,10.05,AUD
3909,2023-07-29T10:16:22Z,2023-07-29,37583,1767,Retail,Cash,COUPON007,41.61,USD
3910,2024-09-13T01:11:50Z,2024-09-13,51635,722,Franchise,Afterpay,COUPON013,36.14,USD
3911,2024-01-26T23:01:37Z,2024-01-26,66940,3558,Franchise,Gift Card,COUPON006,39.24,AUD
3912,2024-09-21T07:13:24Z,2024-09-21,72513,855,Franchise,Afterpay,COUPON023,1.35,USD
3913,2023-06-13T04:10:42Z,2023-06-13,73863,1477,Online,PayPal,COUPON050,15.97,USD
3914,2023-04-27T13:24:19Z,2023-04-27,17106,2951,Online,Afterpay,COUPON017,19.68,EUR
3915,2024-02-08T16:50:56Z,2024-02-08,82002,5420,Franchise,PayPal,COUPON046,18.90,USD
3916,2024-07-20T21:14:40Z,2024-07-20,59548,2548,Online,Credit Card,COUPON016,24.49,EUR
3917,2024-02-10T12:11:41Z,2024-02-10,59274,4223,Retail,Gift Card,COUPON049,23.11,AUD
3918,2024-07-07T05:42:50Z,2024-07-07,38353,1173,Franchise,Afterpay,COUPON044,8.87,AUD
3919,2024-07-15T11:40:27Z,2024-07-15,43199,1788,Franchise,Cash,COUPON025,37.23,AUD
3920,2024-08-01T08:15:06Z,2024-08-01,56155,2481,Retail,Cash,COUPON006,28.78,USD
3921,2023-04-23T14:09:33Z,2023-04-23,3027,3298,Online,PayPal,COUPON013,5.90,AUD
3922,2023-03-20T15:43:20Z,2023-03-20,24596,710,Retail,Credit Card,COUPON036,45.88,USD
3923,2023-02-27T08:41:22Z,2023-02-27,66018,4655,Retail,Gift Card,COUPON050,12.72,USD
3924,2024-04-28T10:08:00Z,2024-04-28,47812,1505,Retail,Afterpay,COUPON002,3.07,AUD
3925,2023-03-13T07:04:00Z,2023-03-13,30989,4203,Franchise,Afterpay,COUPON027,35.24,AUD
3926,2023-10-01T10:41:14Z,2023-10-01,3996,4220,Retail,Gift Card,COUPON008,10.37,EUR
3927,2024-03-08T06:20:27Z,2024-03-08,56577,2762,Online,Gift Card,COUPON033,24.10,AUD
3928,2023-08-08T13:14:21Z,2023-08-08,38367,58,Retail,Gift Card,COUPON043,29.82,EUR
3929,2023-03-13T06:58:13Z,2023-03-13,43628,2022,Franchise,Credit Card,COUPON005,6.55,USD
3930,2023-05-26T18:56:32Z,2023-05-26,75400,2237,Retail,Cash,COUPON008,39.28,EUR
3931,2024-02-09T20:01:38Z,2024-02-09,38848,3522,Retail,Cash,COUPON029,41.85,USD
3932,2023-01-26T13:35:14Z,2023-01-26,41926,2640,Online,Credit Card,COUPON015,16.49,USD
3933,2023-04-11T00:48:31Z,2023-04-11,32064,391,Retail,Cash,COUPON049,16.89,USD
3934,2023-11-13T05:32:51Z,2023-11-13,65552,1277,Online,PayPal,COUPON041,33.21,USD
3935,2023-06-20T11:08:52Z,2023-06-20,13923,952,Retail,Gift Card,COUPON049,42.00,AUD
3936,2024-05-08T08:53:27Z,2024-05-08,75556,3932,Online,Credit Card,COUPON006,15.48,USD
3937,2023-01-16T17:36:15Z,2023-01-16,45471,4432,Online,Gift Card,COUPON014,35.22,USD
3938,2023-01-21T14:32:34Z,2023-01-21,79014,4398,Retail,Gift Card,COUPON004,14.46,EUR
3939,2024-02-21T13:56:15Z,2024-02-21,72610,1847,Online,Afterpay,COUPON024,3.35,EUR
3940,2024-08-03T03:47:16Z,2024-08-03,9501,4811,Retail,PayPal,COUPON045,33.43,AUD
3941,2023-02-09T02:35:24Z,2023-02-09,48058,3360,Online,Afterpay,COUPON030,26.44,EUR
3942,2024-08-26T00:00:29Z,2024-08-26,32790,1289,Online,PayPal,COUPON028,22.00,AUD
3943,2023-03-15T06:50:22Z,2023-03-15,70498,4214,Online,Gift Card,COUPON006,9.58,AUD
3944,2024-01-03T23:52:37Z,2024-01-03,2357,2080,Online,Afterpay,COUPON044,46.87,AUD
3945,2024-01-31T02:04:22Z,2024-01-31,6582,1033,Online,Cash,COUPON019,12.45,EUR
3946,2023-11-29T04:35:32Z,2023-11-29,74602,826,Retail,PayPal,COUPON027,14.18,USD
3947,2023-12-17T01:06:56Z,2023-12-17,5953,581,Retail,Gift Card,COUPON025,45.59,AUD
3948,2023-05-08T06:21:53Z,2023-05-08,6896,1179,Retail,Afterpay,COUPON040,24.43,USD
3949,2023-04-05T19:44:47Z,2023-04-05,45783,69,Retail,Credit Card,COUPON022,33.89,AUD
3950,2023-08-02T21:45:09Z,2023-08-02,61082,2098,Online,Afterpay,COUPON033,20.85,AUD
3951,2023-02-26T03:57:20Z,2023-02-26,23731,1142,Franchise,PayPal,COUPON018,2.48,USD
3952,2023-08-06T07:31:05Z,2023-08-06,22636,3673,Online,Cash,COUPON029,42.69,USD
3953,2023-02-13T19:24:03Z,2023-02-13,36537,2587,Online,Credit Card,COUPON022,46.16,AUD
3954,2023-06-29T18:53:36Z,2023-06-29,2193,3245,Online,Afterpay,COUPON029,22.28,AUD
3955,2024-06-30T00:51:24Z,2024-06-30,73836,2393,Online,Cash,COUPON004,43.29,AUD
3956,2023-12-24T02:21:55Z,2023-12-24,8665,961,Retail,PayPal,COUPON015,2.50,AUD
3957,2023-07-15T22:13:16Z,2023-07-15,53285,2018,Online,Gift Card,COUPON044,16.75,AUD
3958,2024-06-16T21:02:55Z,2024-06-16,71873,4733,Franchise,Gift Card,COUPON016,11.86,USD
3959,2023-11-26T21:08:44Z,2023-11-26,15594,1812,Franchise,Credit Card,COUPON013,20.98,USD
3960,2024-01-10T21:27:33Z,2024-01-10,8055,662,Online,Credit Card,COUPON038,45.04,EUR
3961,2023-11-30T17:31:03Z,2023-11-30,63042,2016,Franchise,Cash,COUPON001,35.56,USD
3962,2023-10-28T16:58:04Z,2023-10-28,19199,3862,Online,PayPal,COUPON020,26.54,USD
3963,2023-11-17T02:49:22Z,2023-11-17,39528,586,Online,Cash,COUPON005,15.69,AUD
3964,2024-09-10T02:15:01Z,2024-09-10,26342,2578,Online,Cash,COUPON032,39.70,AUD
3965,2024-03-30T06:14:34Z,2024-03-30,60198,906,Franchise,Gift Card,COUPON008,16.20,USD
3966,2024-05-18T22:48:20Z,2024-05-18,64091,4101,Online,Credit Card,COUPON024,16.94,USD
3967,2023-03-28T16:06:52Z,2023-03-28,18402,1979,Online,Afterpay,COUPON009,17.81,EUR
3968,2023-04-30T12:41:08Z,2023-04-30,63093,1148,Franchise,PayPal,COUPON034,46.80,USD
3969,2023-08-08T04:54:35Z,2023-08-08,73505,1247,Online,Gift Card,COUPON006,39.67,EUR
3970,2023-11-06T21:41:51Z,2023-11-06,58502,4042,Retail,Afterpay,COUPON002,34.50,EUR
3971,2023-05-06T18:12:53Z,2023-05-06,55682,3000,Online,PayPal,COUPON040,46.42,AUD
3972,2023-12-08T17:25:45Z,2023-12-08,79400,1382,Online,Cash,COUPON002,41.74,AUD
3973,2024-09-25T17:30:51Z,2024-09-25,16467,4944,Retail,Cash,COUPON022,5.30,AUD
3974,2024-05-24T08:30:14Z,2024-05-24,66711,519,Online,PayPal,COUPON013,44.92,EUR
3975,2024-08-23T21:35:36Z,2024-08-23,36082,4564,Franchise,Cash,COUPON050,8.84,EUR
3976,2023-11-06T08:23:03Z,2023-11-06,79362,1211,Retail,Cash,COUPON015,8.20,AUD
3977,2023-03-12T05:00:37Z,2023-03-12,60322,4541,Franchise,Credit Card,COUPON021,30.02,EUR
3978,2023-07-29T06:32:21Z,2023-07-29,28300,3138,Online,Credit Card,COUPON050,9.40,EUR
3979,2023-06-19T03:09:16Z,2023-06-19,64917,580,Franchise,Afterpay,COUPON047,29.18,USD
3980,2023-12-10T18:17:34Z,2023-12-10,77195,1062,Online,Afterpay,COUPON032,43.29,EUR
3981,2023-11-26T14:38:01Z,2023-11-26,38868,4397,Online,Gift Card,COUPON049,8.33,AUD
3982,2024-02-23T17:22:11Z,2024-02-23,37858,3889,Franchise,Gift Card,COUPON025,24.25,EUR
3983,2024-08-25T09:57:59Z,2024-08-25,45817,1862,Franchise,Afterpay,COUPON039,42.22,USD
3984,2024-09-11T02:57:10Z,2024-09-11,56886,4460,Franchise,Cash,COUPON021,47.45,EUR
3985,2023-09-16T02:45:40Z,2023-09-16,37947,1022,Franchise,Gift Card,COUPON027,0.68,EUR
3986,2024-08-06T15:42:48Z,2024-08-06,66571,1041,Online,Gift Card,COUPON004,27.55,AUD
3987,2023-02-06T22:48:44Z,2023-02-06,9365,3649,Online,Afterpay,COUPON013,11.42,EUR
3988,2023-05-21T04:22:05Z,2023-05-21,63122,2957,Franchise,Credit Card,COUPON012,7.60,AUD
3989,2024-02-18T16:14:06Z,2024-02-18,80981,5073,Retail,Gift Card,COUPON041,8.39,AUD
3990,2023-10-11T08:42:46Z,2023-10-11,27195,1206,Franchise,Credit Card,COUPON028,19.50,AUD
3991,2023-09-01T16:54:14Z,2023-09-01,70051,2356,Franchise,PayPal,COUPON015,20.52,AUD
3992,2024-08-02T23:20:13Z,2024-08-02,70371,960,Franchise,PayPal,COUPON047,37.40,USD
3993,2023-10-19T01:24:23Z,2023-10-19,78354,4803,Retail,Credit Card,COUPON026,7.76,AUD
3994,2023-07-04T20:54:26Z,2023-07-04,62737,195,Franchise,Gift Card,COUPON012,14.86,USD
3995,2024-01-14T03:19:27Z,2024-01-14,65507,1160,Franchise,Gift Card,COUPON042,28.95,EUR
3996,2023-05-05T04:48:32Z,2023-05-05,20527,3028,Retail,Gift Card,COUPON028,33.14,EUR
3997,2024-05-13T20:32:33Z,2024-05-13,60294,4,Franchise,Cash,COUPON016,24.51,EUR
3998,2024-05-12T13:52:21Z,2024-05-12,18421,3779,Retail,Gift Card,COUPON036,8.32,EUR
3999,2023-09-02T05:44:24Z,2023-09-02,10153,4655,Franchise,Gift Card,COUPON043,16.73,EUR
4000,2023-10-30T08:55:48Z,2023-10-30,33959,3273,Franchise,Gift Card,COUPON032,31.47,USD
4001,2023-10-05T07:48:18Z,2023-10-05,68587,1179,Online,Credit Card,COUPON034,19.40,USD
4002,2024-05-19T04:52:25Z,2024-05-19,40778,4514,Franchise,PayPal,COUPON006,23.37,USD
4003,2024-08-21T07:08:13Z,2024-08-21,38610,2427,Franchise,Credit Card,COUPON046,18.99,EUR
4004,2023-01-04T14:40:29Z,2023-01-04,58205,4798,Online,Cash,COUPON037,30.44,EUR
4005,2023-03-10T15:28:29Z,2023-03-10,80907,5803,Franchise,Gift Card,COUPON002,3.60,USD
4006,2023-03-12T17:41:51Z,2023-03-12,68163,3969,Retail,Afterpay,COUPON003,17.96,USD
4007,2023-01-02T14:26:45Z,2023-01-02,26975,4947,Retail,PayPal,COUPON047,10.99,AUD
4008,2024-06-19T17:09:10Z,2024-06-19,66464,2748,Retail,PayPal,COUPON034,13.38,EUR
4009,2023-04-05T00:08:11Z,2023-04-05,9711,2500,Franchise,Credit Card,COUPON026,7.34,EUR
4010,2024-06-25T22:27:01Z,2024-06-25,1229,195,Online,Credit Card,COUPON006,19.12,AUD
4011,2024-04-04T15:05:54Z,2024-04-04,44454,854,Online,Credit Card,COUPON020,20.33,EUR
4012,2023-12-17T08:42:04Z,2023-12-17,25508,4365,Retail,Afterpay,COUPON033,6.14,USD
4013,2023-02-10T20:43:57Z,2023-02-10,67802,2113,Online,Gift Card,COUPON043,13.07,USD
4014,2024-06-05T15:35:06Z,2024-06-05,74604,29,Franchise,Gift Card,COUPON034,13.83,EUR
4015,2023-12-09T23:34:46Z,2023-12-09,78842,1388,Franchise,PayPal,COUPON042,8.75,AUD
4016,2024-05-07T05:14:31Z,2024-05-07,68762,3191,Online,Afterpay,COUPON034,34.75,EUR
4017,2023-09-23T05:05:19Z,2023-09-23,54555,11,Franchise,PayPal,COUPON026,31.06,USD
4018,2024-05-13T00:44:46Z,2024-05-13,39395,2564,Franchise,Credit Card,COUPON004,24.14,AUD
4019,2024-01-21T00:36:37Z,2024-01-21,59314,3844,Online,Afterpay,COUPON049,30.85,USD
4020,2024-09-26T07:38:04Z,2024-09-26,58720,4613,Online,Gift Card,COUPON012,46.53,USD
4021,2024-01-31T02:44:01Z,2024-01-31,68395,4118,Online,PayPal,COUPON020,7.35,EUR
4022,2024-06-29T11:17:02Z,2024-06-29,56139,3924,Online,PayPal,COUPON036,3.29,AUD
4023,2023-10-29T01:03:14Z,2023-10-29,9435,1894,Retail,Afterpay,COUPON030,33.82,AUD
4024,2024-06-15T20:42:59Z,2024-06-15,45500,4997,Online,Gift Card,COUPON019,46.68,AUD
4025,2023-08-28T14:10:17Z,2023-08-28,7804,2138,Online,Gift Card,COUPON017,24.62,AUD
4026,2023-09-12T15:55:17Z,2023-09-12,25585,3842,Online,Credit Card,COUPON010,39.46,EUR
4027,2023-05-13T06:22:53Z,2023-05-13,38162,3461,Retail,Cash,COUPON046,8.34,EUR
4028,2023-01-21T13:18:20Z,2023-01-21,1115,1269,Online,PayPal,COUPON035,39.74,USD
4029,2023-01-17T02:20:19Z,2023-01-17,14406,108,Franchise,PayPal,COUPON028,31.32,AUD
4030,2024-08-30T04:50:59Z,2024-08-30,6031,2057,Retail,Cash,COUPON048,19.99,AUD
4031,2024-01-09T02:18:05Z,2024-01-09,32725,342,Online,Gift Card,COUPON002,37.98,EUR
4032,2024-07-30T14:30:07Z,2024-07-30,55109,1823,Online,PayPal,COUPON017,45.26,EUR
4033,2023-06-05T17:10:02Z,2023-06-05,49550,4961,Online,PayPal,COUPON029,13.21,USD
4034,2024-03-08T10:06:27Z,2024-03-08,4964,2951,Online,Gift Card,COUPON001,24.11,USD
4035,2024-03-01T21:34:50Z,2024-03-01,76461,1786,Retail,Cash,COUPON010,7.33,EUR
4036,2024-06-28T04:59:40Z,2024-06-28,47820,1141,Online,Gift Card,COUPON033,40.56,AUD
4037,2024-03-31T18:21:59Z,2024-03-31,75538,3903,Retail,PayPal,COUPON035,18.12,AUD
4038,2023-03-29T05:42:43Z,2023-03-29,18234,3070,Retail,Credit Card,COUPON012,16.20,USD
4039,2023-11-05T06:17:28Z,2023-11-05,7871,353,Online,Afterpay,COUPON005,46.45,AUD
4040,2023-02-23T16:20:07Z,2023-02-23,47047,2759,Retail,Cash,COUPON013,27.65,EUR
4041,2023-08-07T07:45:50Z,2023-08-07,77845,4155,Online,Cash,COUPON039,24.38,USD
4042,2024-04-16T06:38:44Z,2024-04-16,60659,1841,Online,Credit Card,COUPON027,15.97,AUD
4043,2024-09-25T13:28:15Z,2024-09-25,38680,3910,Franchise,Credit Card,COUPON041,32.66,AUD
4044,2024-01-04T23:34:35Z,2024-01-04,59616,3178,Franchise,Credit Card,COUPON002,38.91,USD
4045,2024-05-11T19:53:22Z,2024-05-11,74186,4556,Franchise,PayPal,COUPON028,2.69,AUD
4046,2024-03-03T09:19:38Z,2024-03-03,71264,719,Franchise,PayPal,COUPON041,38.46,EUR
4047,2024-01-26T22:00:42Z,2024-01-26,72776,3249,Retail,Gift Card,COUPON026,15.46,AUD
4048,2023-01-09T07:40:08Z,2023-01-09,25162,848,Online,PayPal,COUPON011,1.18,AUD
4049,2024-07-04T20:55:16Z,2024-07-04,3927,4170,Franchise,Cash,COUPON044,5.00,EUR
4050,2024-07-21T01:46:45Z,2024-07-21,13661,1914,Online,Afterpay,COUPON040,7.32,AUD
4051,2024-08-07T07:43:25Z,2024-08-07,37938,2389,Retail,Credit Card,COUPON005,38.68,EUR
4052,2023-08-22T21:39:03Z,2023-08-22,38852,3934,Franchise,Gift Card,COUPON018,27.68,AUD
4053,2024-03-02T20:34:49Z,2024-03-02,56967,1361,Franchise,PayPal,COUPON033,36.93,EUR
4054,2023-02-25T19:33:33Z,2023-02-25,21095,1545,Franchise,Credit Card,COUPON042,44.95,AUD
4055,2024-08-30T21:34:00Z,2024-08-30,77080,3598,Franchise,Cash,COUPON003,22.98,EUR
4056,2023-01-23T10:14:42Z,2023-01-23,47727,2569,Online,PayPal,COUPON012,30.94,AUD
4057,2023-10-29T16:34:10Z,2023-10-29,30987,3226,Franchise,Cash,COUPON031,15.64,USD
4058,2023-09-21T14:55:59Z,2023-09-21,76264,3829,Online,Gift Card,COUPON024,20.50,EUR
4059,2023-11-05T12:14:09Z,2023-11-05,11226,3985,Online,Gift Card,COUPON034,38.56,EUR
4060,2023-08-14T15:30:09Z,2023-08-14,29933,1851,Franchise,Credit Card,COUPON029,34.15,AUD
4061,2023-12-27T13:06:09Z,2023-12-27,582,4248,Franchise,PayPal,COUPON003,4.47,AUD
4062,2024-04-04T04:39:49Z,2024-04-04,75740,3001,Retail,PayPal,COUPON028,36.77,AUD
4063,2023-02-17T15:42:24Z,2023-02-17,36476,4757,Online,Gift Card,COUPON027,3.52,AUD
4064,2024-03-02T17:20:30Z,2024-03-02,57223,652,Retail,Afterpay,COUPON026,44.77,USD
4065,2023-09-13T03:52:39Z,2023-09-13,50152,4330,Franchise,PayPal,COUPON016,11.86,USD
4066,2024-07-26T06:51:05Z,2024-07-26,20533,1838,Retail,PayPal,COUPON033,19.68,USD
4067,2023-03-13T10:19:44Z,2023-03-13,65584,2197,Online,Afterpay,COUPON034,2.64,USD
4068,2024-03-16T18:55:26Z,2024-03-16,46593,4121,Franchise,Afterpay,COUPON006,48.29,USD
4069,2023-02-11T04:16:35Z,2023-02-11,29849,964,Retail,PayPal,COUPON002,10.85,EUR
4070,2023-08-14T22:37:32Z,2023-08-14,61731,1513,Franchise,Afterpay,COUPON007,22.45,EUR
4071,2023-08-03T16:51:21Z,2023-08-03,868,2742,Franchise,Afterpay,COUPON010,5.65,USD
4072,2023-05-31T09:14:47Z,2023-05-31,67449,2368,Retail,Gift Card,COUPON042,42.72,USD
4073,2024-01-25T09:05:09Z,2024-01-25,7292,933,Retail,Credit Card,COUPON037,20.27,EUR
4074,2023-10-28T10:27:23Z,2023-10-28,34514,2107,Retail,Gift Card,COUPON040,24.00,AUD
4075,2024-04-13T04:33:36Z,2024-04-13,36476,4938,Online,PayPal,COUPON045,45.79,AUD
4076,2023-08-13T16:50:26Z,2023-08-13,16072,1610,Retail,Cash,COUPON001,42.07,USD
4077,2024-09-22T22:28:16Z,2024-09-22,35431,4275,Online,Cash,COUPON029,28.57,AUD
4078,2023-07-16T23:10:12Z,2023-07-16,68682,750,Franchise,Afterpay,COUPON033,34.03,EUR
4079,2023-10-26T21:20:53Z,2023-10-26,77411,2596,Retail,Credit Card,COUPON002,39.60,AUD
4080,2023-02-09T11:33:53Z,2023-02-09,23405,1096,Franchise,Credit Card,COUPON021,12.36,USD
4081,2023-10-25T07:42:06Z,2023-10-25,43616,1197,Franchise,Cash,COUPON006,41.67,AUD
4082,2024-05-10T08:51:59Z,2024-05-10,15093,1475,Franchise,Afterpay,COUPON044,20.38,EUR
4083,2024-04-23T03:22:54Z,2024-04-23,34500,4063,Online,Afterpay,COUPON025,0.98,EUR
4084,2024-01-26T09:09:04Z,2024-01-26,8866,702,Retail,Gift Card,COUPON018,7.73,AUD
4085,2023-06-02T01:12:12Z,2023-06-02,63658,583,Online,Gift Card,COUPON048,8.60,USD
4086,2024-06-03T01:24:41Z,2024-06-03,15754,1123,Franchise,Afterpay,COUPON032,11.44,AUD
4087,2023-10-12T21:46:37Z,2023-10-12,55804,1592,Online,PayPal,COUPON039,23.14,USD
4088,2023-12-18T09:39:37Z,2023-12-18,75075,1387,Retail,Credit Card,COUPON041,20.39,AUD
4089,2024-03-04T05:24:32Z,2024-03-04,76953,1631,Retail,Gift Card,COUPON005,16.83,AUD
4090,2024-04-09T08:11:47Z,2024-04-09,57990,777,Retail,Cash,COUPON004,13.12,USD
4091,2023-07-17T23:23:35Z,2023-07-17,71759,1333,Retail,PayPal,COUPON026,49.02,AUD
4092,2024-02-27T04:16:10Z,2024-02-27,70380,533,Franchise,Afterpay,COUPON048,33.56,USD
4093,2024-03-08T21:05:50Z,2024-03-08,42832,3808,Retail,Cash,COUPON021,7.22,EUR
4094,2023-12-09T18:49:53Z,2023-12-09,17091,2299,Online,Gift Card,COUPON048,15.93,USD
4095,2023-03-26T16:52:41Z,2023-03-26,19962,3265,Franchise,Cash,COUPON028,7.27,AUD
4096,2023-10-10T01:19:28Z,2023-10-10,78258,266,Franchise,Cash,COUPON029,29.08,EUR
4097,2024-03-19T06:03:46Z,2024-03-19,32995,151,Retail,Credit Card,COUPON008,43.59,EUR
4098,2023-11-24T08:25:46Z,2023-11-24,68395,4011,Franchise,Afterpay,COUPON039,36.68,AUD
4099,2023-08-15T07:16:34Z,2023-08-15,85054,5334,Franchise,Afterpay,COUPON041,27.27,AUD
4100,2024-09-23T02:25:25Z,2024-09-23,43978,630,Retail,PayPal,COUPON028,12.01,EUR
4101,2024-05-09T04:11:12Z,2024-05-09,1677,2959,Retail,Gift Card,COUPON032,17.27,AUD
4102,2023-07-18T23:49:15Z,2023-07-18,67808,3911,Franchise,Afterpay,COUPON027,8.37,AUD
4103,2023-08-09T09:13:07Z,2023-08-09,172,4424,Retail,Credit Card,COUPON001,20.95,USD
4104,2023-05-13T23:53:55Z,2023-05-13,59825,3808,Online,Gift Card,COUPON037,27.96,USD
4105,2023-12-14T00:11:24Z,2023-12-14,69910,3564,Retail,Cash,COUPON034,22.91,EUR
4106,2023-02-01T21:44:35Z,2023-02-01,63314,3276,Franchise,Cash,COUPON006,38.92,USD
4107,2024-03-31T18:36:25Z,2024-03-31,66394,3162,Online,Cash,COUPON016,38.81,AUD
4108,2023-09-17T23:25:10Z,2023-09-17,49433,1088,Franchise,PayPal,COUPON006,16.06,USD
4109,2024-06-16T14:57:45Z,2024-06-16,31596,3483,Online,Cash,COUPON007,48.04,EUR
4110,2023-07-31T01:36:13Z,2023-07-31,63196,4094,Retail,Cash,COUPON050,27.42,EUR
4111,2023-06-08T14:36:55Z,2023-06-08,71821,445,Franchise,Credit Card,COUPON037,5.44,AUD
4112,2023-05-20T21:25:47Z,2023-05-20,50989,2776,Online,Afterpay,COUPON045,32.24,EUR
4113,2023-12-30T08:53:34Z,2023-12-30,64047,1272,Franchise,Gift Card,COUPON001,39.70,USD
4114,2023-11-07T11:20:51Z,2023-11-07,71573,752,Franchise,Credit Card,COUPON025,26.61,EUR
4115,2024-06-02T11:01:39Z,2024-06-02,29266,3490,Online,Cash,COUPON013,28.40,USD
4116,2023-08-27T04:31:36Z,2023-08-27,29917,4546,Franchise,Afterpay,COUPON048,7.64,AUD
4117,2023-12-21T01:54:09Z,2023-12-21,1685,4019,Retail,Cash,COUPON011,11.50,AUD
4118,2023-11-30T07:54:38Z,2023-11-30,71073,3464,Online,Cash,COUPON016,20.72,AUD
4119,2023-04-01T17:29:38Z,2023-04-01,21732,1827,Online,Afterpay,COUPON020,40.42,AUD
4120,2023-12-24T03:55:32Z,2023-12-24,13542,4988,Retail,Cash,,10.45,USD
4121,2024-07-08T22:45:45Z,2024-07-08,30560,553,Online,Afterpay,COUPON049,36.88,AUD
4122,2023-01-06T18:19:42Z,2023-01-06,22177,1817,Retail,Credit Card,COUPON045,34.42,EUR
4123,2023-09-07T16:26:20Z,2023-09-07,31194,3078,Retail,Afterpay,COUPON014,1.77,EUR
4124,2024-08-11T12:46:28Z,2024-08-11,61388,1319,Franchise,Afterpay,COUPON011,23.10,AUD
4125,2023-05-20T17:10:04Z,2023-05-20,68115,2033,Retail,Afterpay,COUPON037,34.38,USD
4126,2023-08-06T15:41:00Z,2023-08-06,17160,2374,Retail,Gift Card,COUPON022,22.31,USD
4127,2024-09-12T17:30:14Z,2024-09-12,74597,4012,Franchise,PayPal,COUPON036,43.29,USD
4128,2023-10-12T00:39:05Z,2023-10-12,55954,1880,Franchise,Afterpay,COUPON045,14.00,USD
4129,2023-03-20T06:23:58Z,2023-03-20,10933,4356,Retail,Afterpay,COUPON025,41.40,USD
4130,2023-04-13T19:39:11Z,2023-04-13,33978,4004,Franchise,Afterpay,COUPON033,41.67,EUR
4131,2024-05-02T01:25:22Z,2024-05-02,70366,3543,Online,PayPal,COUPON011,44.95,AUD
4132,2023-01-31T20:59:45Z,2023-01-31,1574,4227,Franchise,PayPal,COUPON041,3.71,EUR
4133,2024-07-17T00:37:05Z,2024-07-17,73842,4393,Franchise,Cash,COUPON020,1.03,EUR
4134,2023-01-30T07:29:45Z,2023-01-30,73950,3248,Retail,Credit Card,COUPON014,43.53,EUR
4135,2023-06-10T02:05:37Z,2023-06-10,47364,2737,Retail,Gift Card,,11.00,USD
4136,2024-01-11T09:08:07Z,2024-01-11,77242,466,Online,Afterpay,COUPON033,45.73,USD
4137,2024-04-29T01:18:50Z,2024-04-29,37162,2803,Retail,Gift Card,COUPON036,10.69,AUD
4138,2024-02-26T11:27:58Z,2024-02-26,77557,2893,Online,Cash,COUPON040,0.14,EUR
4139,2024-04-30T00:59:50Z,2024-04-30,22383,3396,Online,PayPal,COUPON032,27.23,AUD
4140,2024-07-28T04:02:31Z,2024-07-28,54399,4597,Online,Gift Card,COUPON038,29.85,EUR
4141,2024-02-04T01:29:35Z,2024-02-04,54481,4270,Retail,PayPal,COUPON038,7.08,USD
4142,2024-09-29T09:35:15Z,2024-09-29,78498,2800,Franchise,PayPal,COUPON042,13.72,USD
4143,2024-03-18T06:42:59Z,2024-03-18,14643,2314,Franchise,Afterpay,COUPON021,46.33,AUD
4144,2023-01-19T00:09:36Z,2023-01-19,16993,2146,Franchise,Credit Card,COUPON006,3.95,AUD
4145,2023-11-08T08:00:10Z,2023-11-08,43044,3461,Online,Gift Card,COUPON047,39.89,EUR
4146,2023-03-23T03:40:20Z,2023-03-23,72365,2220,Franchise,PayPal,COUPON025,28.61,AUD
4147,2024-06-18T07:30:05Z,2024-06-18,10019,2692,Online,PayPal,COUPON024,10.19,EUR
4148,2023-11-02T21:11:28Z,2023-11-02,45893,2361,Online,PayPal,COUPON040,29.01,AUD
4149,2024-02-28T18:38:41Z,2024-02-28,7507,2749,Franchise,PayPal,COUPON010,46.05,USD
4150,2023-08-18T04:00:59Z,2023-08-18,57911,4497,Franchise,Cash,COUPON009,23.68,EUR
4151,2024-09-05T01:31:43Z,2024-09-05,50846,1612,Online,Cash,COUPON014,25.91,USD
4152,2024-05-07T03:12:46Z,2024-05-07,56377,3489,Online,Credit Card,COUPON012,7.47,EUR
4153,2024-03-27T04:36:16Z,2024-03-27,77759,64,Retail,Credit Card,COUPON029,25.03,EUR
4154,2023-12-21T00:36:19Z,2023-12-21,53565,4461,Online,Afterpay,COUPON027,22.17,USD
4155,2023-04-13T01:22:23Z,2023-04-13,59703,1137,Retail,Afterpay,COUPON020,48.15,EUR
4156,2024-03-24T04:43:41Z,2024-03-24,36713,815,Online,Afterpay,COUPON021,25.47,USD
4157,2023-05-03T21:33:19Z,2023-05-03,9042,4221,Retail,Credit Card,COUPON002,48.03,AUD
4158,2024-06-24T15:14:49Z,2024-06-24,29235,400,Online,PayPal,COUPON025,13.70,EUR
4159,2024-06-20T22:31:15Z,2024-06-20,69286,451,Franchise,Gift Card,COUPON001,0.46,USD
4160,2023-04-13T11:25:45Z,2023-04-13,42747,1873,Franchise,PayPal,COUPON001,7.94,EUR
4161,2023-04-19T10:03:43Z,2023-04-19,13131,338,Online,Cash,COUPON030,40.66,EUR
4162,2024-05-25T12:19:15Z,2024-05-25,16664,2819,Franchise,PayPal,COUPON007,8.24,USD
4163,2024-09-22T12:32:02Z,2024-09-22,85842,5811,Retail,Afterpay,COUPON030,6.26,EUR
4164,2023-07-06T08:35:06Z,2023-07-06,69476,4904,Online,Credit Card,COUPON012,34.05,USD
4165,2023-12-15T04:43:12Z,2023-12-15,79719,4437,Retail,Afterpay,COUPON043,41.56,USD
4166,2024-09-01T08:26:46Z,2024-09-01,1406,2283,Franchise,Afterpay,COUPON019,29.19,AUD
4167,2023-02-14T02:19:32Z,2023-02-14,70950,1111,Franchise,PayPal,COUPON020,45.29,USD
4168,2023-02-07T13:46:21Z,2023-02-07,64583,4662,Online,Cash,COUPON047,29.51,AUD
4169,2023-07-02T00:02:40Z,2023-07-02,8584,4063,Retail,Cash,COUPON007,0.68,AUD
4170,2023-10-23T19:22:56Z,2023-10-23,29796,2118,Retail,Afterpay,COUPON002,30.62,EUR
4171,2024-04-10T23:24:02Z,2024-04-10,54883,1347,Online,Cash,COUPON002,31.99,USD
4172,2024-06-30T02:30:36Z,2024-06-30,34480,275,Online,Cash,COUPON030,14.29,USD
4173,2024-01-21T10:42:32Z,2024-01-21,32332,24,Franchise,Gift Card,COUPON048,17.32,AUD
4174,2023-06-23T03:09:03Z,2023-06-23,22547,3737,Online,PayPal,COUPON037,49.01,USD
4175,2023-11-23T21:15:15Z,2023-11-23,25520,3349,Franchise,Cash,COUPON045,9.35,EUR
4176,2023-09-07T08:02:31Z,2023-09-07,46910,1352,Franchise,Credit Card,COUPON030,18.75,AUD
4177,2024-05-27T23:05:57Z,2024-05-27,42883,1336,Franchise,Gift Card,COUPON028,2.85,EUR
4178,2024-02-07T04:16:45Z,2024-02-07,76546,3566,Online,PayPal,COUPON003,29.95,AUD
4179,2023-05-25T22:32:04Z,2023-05-25,8423,4757,Franchise,Afterpay,COUPON032,7.67,USD
4180,2023-05-17T01:07:38Z,2023-05-17,34020,3736,Franchise,Cash,COUPON010,24.29,USD
4181,2023-02-20T13:05:46Z,2023-02-20,23470,4534,Franchise,Cash,COUPON011,47.32,AUD
4182,2023-03-12T14:50:15Z,2023-03-12,38641,2771,Franchise,Afterpay,COUPON032,42.16,EUR
4183,2024-06-13T22:47:12Z,2024-06-13,74774,2885,Franchise,Credit Card,COUPON030,0.90,USD
4184,2024-07-25T14:44:00Z,2024-07-25,35118,1973,Retail,PayPal,COUPON041,38.28,AUD
4185,2024-03-16T03:48:58Z,2024-03-16,64710,991,Retail,Afterpay,COUPON015,26.77,USD
4186,2024-03-24T10:04:18Z,2024-03-24,72940,4229,Retail,Gift Card,,6.36,EUR
4187,2023-07-14T02:25:06Z,2023-07-14,16443,2054,Retail,Gift Card,COUPON025,9.42,EUR
4188,2023-06-25T01:41:54Z,2023-06-25,49007,1821,Online,Afterpay,COUPON040,21.74,AUD
4189,2024-09-04T03:53:32Z,2024-09-04,21758,773,Franchise,Afterpay,COUPON036,18.44,EUR
4190,2023-03-31T19:24:27Z,2023-03-31,31431,4089,Franchise,Gift Card,COUPON005,5.32,USD
4191,2023-10-01T17:29:29Z,2023-10-01,51887,4102,Online,PayPal,COUPON022,40.79,AUD
4192,2024-08-03T14:09:39Z,2024-08-03,50321,21,Franchise,Afterpay,COUPON049,6.96,AUD
4193,2023-09-06T08:22:31Z,2023-09-06,6394,4764,Retail,PayPal,COUPON018,2.24,EUR
4194,2023-12-11T22:27:58Z,2023-12-11,28495,4297,Retail,PayPal,COUPON031,1.28,AUD
4195,2024-02-05T12:50:52Z,2024-02-05,4962,2910,Franchise,Cash,COUPON042,24.13,USD
4196,2023-02-06T21:44:28Z,2023-02-06,66704,4493,Online,Gift Card,COUPON034,32.31,AUD
4197,2023-09-07T10:53:28Z,2023-09-07,26830,2140,Franchise,Cash,COUPON035,5.28,AUD
4198,2023-05-26T04:27:02Z,2023-05-26,13224,778,Retail,Cash,COUPON013,15.95,EUR
4199,2023-12-20T06:18:59Z,2023-12-20,30932,4826,Online,Credit Card,COUPON006,18.12,AUD
4200,2023-03-10T20:36:49Z,2023-03-10,78922,1599,Online,PayPal,COUPON012,48.45,EUR
4201,2023-07-01T20:05:41Z,2023-07-01,14050,3681,Retail,Gift Card,COUPON039,5.24,EUR
4202,2024-03-12T22:18:08Z,2024-03-12,86946,5347,Online,PayPal,,10.85,EUR
4203,2024-06-17T17:26:28Z,2024-06-17,44576,173,Online,PayPal,COUPON029,31.55,USD
4204,2024-02-22T17:26:14Z,2024-02-22,78180,1108,Franchise,Gift Card,COUPON031,2.31,USD
4205,2024-01-08T00:55:17Z,2024-01-08,48093,4368,Online,Cash,COUPON047,13.04,AUD
4206,2023-04-27T12:47:00Z,2023-04-27,43356,4630,Retail,Afterpay,COUPON023,5.31,AUD
4207,2023-09-09T10:59:17Z,2023-09-09,16576,1661,Franchise,Afterpay,COUPON020,10.68,USD
4208,2024-07-05T14:22:56Z,2024-07-05,16876,943,Retail,Afterpay,COUPON009,3.51,EUR
4209,2023-05-13T08:52:07Z,2023-05-13,57341,2363,Franchise,Afterpay,COUPON025,49.49,AUD
4210,2024-06-18T10:54:12Z,2024-06-18,21741,3949,Retail,PayPal,COUPON037,47.33,USD
4211,2023-03-31T00:08:48Z,2023-03-31,46627,1038,Franchise,Gift Card,COUPON021,40.59,USD
4212,2024-02-02T18:54:44Z,2024-02-02,66228,3490,Online,Afterpay,COUPON027,5.21,USD
4213,2023-02-26T08:57:39Z,2023-02-26,19721,585,Online,PayPal,COUPON031,43.35,AUD
4214,2023-09-10T07:10:39Z,2023-09-10,76491,2436,Retail,Credit Card,COUPON037,1.33,USD
4215,2023-12-31T04:17:22Z,2023-12-31,40376,1978,Retail,PayPal,COUPON046,8.46,EUR
4216,2024-08-11T05:53:30Z,2024-08-11,39442,529,Franchise,Gift Card,COUPON006,36.85,EUR
4217,2024-04-25T08:15:19Z,2024-04-25,71459,2426,Retail,Credit Card,COUPON035,25.46,AUD
4218,2024-04-26T10:55:56Z,2024-04-26,68527,1008,Retail,PayPal,COUPON048,19.44,USD
4219,2024-07-02T13:23:27Z,2024-07-02,50979,165,Retail,Credit Card,COUPON036,5.92,EUR
4220,2024-09-21T02:03:21Z,2024-09-21,60738,4177,Online,Credit Card,COUPON028,38.97,USD
4221,2023-09-28T16:36:53Z,2023-09-28,57504,4832,Retail,Gift Card,COUPON041,10.81,AUD
4222,2023-11-03T03:39:39Z,2023-11-03,60667,2236,Franchise,PayPal,COUPON028,38.99,AUD
4223,2024-07-23T02:07:15Z,2024-07-23,72828,3038,Retail,PayPal,COUPON038,25.61,AUD
4224,2024-09-27T17:24:11Z,2024-09-27,43995,1521,Retail,Afterpay,COUPON038,8.40,USD
4225,2024-06-29T18:05:10Z,2024-06-29,46225,3987,Retail,PayPal,COUPON050,16.67,EUR
4226,2023-08-16T09:01:50Z,2023-08-16,72016,4467,Online,Cash,COUPON016,19.94,AUD
4227,2023-11-15T00:12:25Z,2023-11-15,72926,3064,Franchise,Afterpay,COUPON013,21.56,EUR
4228,2023-10-24T02:38:05Z,2023-10-24,23606,1915,Retail,Cash,COUPON040,8.07,AUD
4229,2023-08-17T20:47:23Z,2023-08-17,59303,163,Franchise,Afterpay,COUPON042,9.53,USD
4230,2024-04-28T20:06:50Z,2024-04-28,71562,2296,Online,Cash,COUPON038,8.11,AUD
4231,2023-08-27T20:25:30Z,2023-08-27,40108,3258,Online,Credit Card,COUPON001,0.81,AUD
4232,2023-08-19T22:14:44Z,2023-08-19,12469,3290,Retail,Cash,COUPON042,2.76,USD
4233,2024-05-25T16:55:20Z,2024-05-25,27428,3078,Retail,Afterpay,COUPON041,33.55,EUR
4234,2023-05-06T04:06:38Z,2023-05-06,45950,4660,Online,Gift Card,COUPON025,19.93,USD
4235,2023-05-20T13:36:15Z,2023-05-20,44108,3567,Retail,Afterpay,COUPON046,17.25,EUR
4236,2023-10-26T16:16:48Z,2023-10-26,36824,4184,Retail,Afterpay,COUPON046,13.96,USD
4237,2023-11-12T00:41:41Z,2023-11-12,41093,2042,Franchise,Gift Card,COUPON042,27.86,AUD
4238,2023-04-12T11:49:28Z,2023-04-12,46825,1112,Franchise,Gift Card,COUPON038,42.56,AUD
4239,2023-09-11T00:47:09Z,2023-09-11,60143,2046,Retail,PayPal,COUPON018,37.96,EUR
4240,2023-09-11T20:49:57Z,2023-09-11,35070,1096,Retail,Credit Card,COUPON041,36.47,EUR
4241,2024-09-13T19:22:35Z,2024-09-13,2107,890,Retail,Credit Card,COUPON016,13.09,AUD
4242,2023-08-30T00:18:05Z,2023-08-30,40046,1181,Franchise,Afterpay,COUPON013,13.77,AUD
4243,2024-05-10T14:26:14Z,2024-05-10,50809,4698,Franchise,Gift Card,COUPON011,42.84,USD
4244,2023-02-14T03:34:08Z,2023-02-14,5916,974,Franchise,Gift Card,COUPON044,47.95,USD
4245,2023-01-11T12:04:14Z,2023-01-11,14210,3987,Online,Gift Card,,34.52,AUD
4246,2023-08-23T05:16:42Z,2023-08-23,61476,1052,Online,Cash,COUPON012,6.59,USD
4247,2024-03-17T20:28:21Z,2024-03-17,72463,3602,Online,PayPal,COUPON027,17.43,USD
4248,2024-05-10T03:10:10Z,2024-05-10,63153,3347,Online,Gift Card,COUPON004,26.29,EUR
4249,2024-03-04T10:26:10Z,2024-03-04,3887,3911,Retail,Gift Card,COUPON040,32.85,EUR
4250,2023-07-25T18:53:59Z,2023-07-25,65289,2609,Online,PayPal,COUPON003,45.29,AUD
4251,2023-06-02T05:13:10Z,2023-06-02,33137,4082,Franchise,Afterpay,COUPON005,33.63,EUR
4252,2023-07-02T19:18:53Z,2023-07-02,27606,4235,Franchise,Afterpay,COUPON036,11.12,USD
4253,2024-05-10T22:24:35Z,2024-05-10,9209,3921,Franchise,Gift Card,COUPON047,29.21,USD
4254,2023-01-23T04:45:16Z,2023-01-23,40067,3918,Franchise,Afterpay,COUPON034,14.96,AUD
4255,2023-10-14T17:17:37Z,2023-10-14,23565,1628,Franchise,Cash,COUPON045,42.57,USD
4256,2024-08-30T17:31:22Z,2024-08-30,15171,4447,Online,Afterpay,COUPON048,47.30,AUD
4257,2023-08-16T08:05:00Z,2023-08-16,23053,2652,Retail,Gift Card,COUPON041,32.33,USD
4258,2024-09-24T14:50:53Z,2024-09-24,61162,4109,Online,Cash,COUPON011,47.32,USD
4259,2023-11-19T12:07:46Z,2023-11-19,645,1711,Franchise,Gift Card,COUPON011,30.92,AUD
4260,2023-01-17T19:57:12Z,2023-01-17,74486,1854,Franchise,Credit Card,COUPON002,8.05,EUR
4261,2023-07-28T14:46:38Z,2023-07-28,35570,1756,Franchise,PayPal,COUPON025,10.43,EUR
4262,2023-10-14T19:40:36Z,2023-10-14,79340,282,Online,Afterpay,COUPON010,19.82,USD
4263,2023-07-27T19:47:03Z,2023-07-27,11543,5000,Franchise,PayPal,,4.10,EUR
4264,2024-02-01T08:36:31Z,2024-02-01,26311,2250,Retail,Afterpay,COUPON010,32.26,USD
4265,2024-03-16T07:51:54Z,2024-03-16,22554,652,Retail,Credit Card,COUPON030,30.27,EUR
4266,2024-09-06T02:06:58Z,2024-09-06,4552,3550,Retail,Gift Card,COUPON014,16.54,USD
4267,2024-04-21T13:41:52Z,2024-04-21,79629,2190,Online,Cash,COUPON018,21.70,AUD
4268,2024-02-07T08:21:50Z,2024-02-07,9166,2356,Retail,Cash,COUPON012,32.99,EUR
4269,2024-02-16T19:49:40Z,2024-02-16,19610,3814,Online,Afterpay,COUPON042,13.82,USD
4270,2024-08-08T03:09:09Z,2024-08-08,12449,2360,Franchise,Gift Card,COUPON019,34.79,AUD
4271,2023-02-24T04:25:06Z,2023-02-24,35961,4420,Franchise,Cash,COUPON030,6.68,USD
4272,2024-03-30T09:18:06Z,2024-03-30,8610,1735,Online,Credit Card,COUPON013,26.26,AUD
4273,2024-07-10T22:29:55Z,2024-07-10,73596,1636,Retail,Cash,COUPON033,20.82,EUR
4274,2024-07-15T06:18:29Z,2024-07-15,43238,1230,Franchise,Cash,COUPON031,35.24,EUR
4275,2023-10-29T17:07:38Z,2023-10-29,15189,3736,Retail,Afterpay,COUPON012,34.52,AUD
4276,2024-05-21T12:18:06Z,2024-05-21,18291,3754,Franchise,Credit Card,COUPON008,13.55,EUR
4277,2023-05-18T04:08:53Z,2023-05-18,2301,2995,Franchise,Afterpay,COUPON019,32.52,AUD
4278,2024-05-16T07:32:11Z,2024-05-16,68166,4565,Retail,Gift Card,COUPON028,29.07,AUD
4279,2024-07-04T15:40:31Z,2024-07-04,44161,3135,Retail,Cash,COUPON027,17.35,USD
4280,2024-05-25T02:31:29Z,2024-05-25,21030,4511,Retail,Gift Card,COUPON044,24.31,USD
4281,2024-02-01T17:52:07Z,2024-02-01,25164,4873,Franchise,Cash,COUPON012,31.88,USD
4282,2024-05-06T15:11:36Z,2024-05-06,46853,986,Online,Credit Card,COUPON020,17.36,USD
4283,2024-09-24T07:57:36Z,2024-09-24,56137,1424,Retail,Afterpay,COUPON003,10.42,USD
4284,2024-09-07T07:12:26Z,2024-09-07,48449,4988,Franchise,Afterpay,COUPON038,28.75,AUD
4285,2023-10-25T15:01:59Z,2023-10-25,70153,2146,Franchise,Cash,COUPON025,36.98,EUR
4286,2023-12-19T23:27:00Z,2023-12-19,34252,3817,Franchise,Gift Card,COUPON026,6.86,EUR
4287,2023-08-21T01:26:32Z,2023-08-21,49473,1906,Franchise,Credit Card,COUPON027,40.83,AUD
4288,2023-10-18T04:14:57Z,2023-10-18,69307,4651,Online,Cash,COUPON004,39.84,USD
4289,2023-07-24T19:43:13Z,2023-07-24,39619,545,Online,Cash,COUPON003,39.74,USD
4290,2023-10-12T05:04:50Z,2023-10-12,56715,4910,Retail,Cash,COUPON039,44.62,AUD
4291,2024-05-25T22:47:37Z,2024-05-25,10437,4163,Online,Cash,COUPON013,42.73,USD
4292,2023-05-19T21:30:29Z,2023-05-19,77401,4838,Online,PayPal,COUPON042,20.60,USD
4293,2023-09-21T04:32:25Z,2023-09-21,35464,1901,Online,Cash,COUPON007,35.60,USD
4294,2024-01-05T04:52:10Z,2024-01-05,60863,4442,Retail,Gift Card,COUPON021,39.37,EUR
4295,2023-12-21T05:19:11Z,2023-12-21,66758,2339,Franchise,Credit Card,COUPON047,13.06,USD
4296,2023-06-26T17:36:37Z,2023-06-26,1940,2344,Online,Afterpay,COUPON040,4.56,EUR
4297,2023-08-04T14:22:34Z,2023-08-04,45690,2981,Retail,Cash,COUPON043,31.84,USD
4298,2023-11-20T13:13:38Z,2023-11-20,74528,3221,Online,Afterpay,COUPON017,43.80,EUR
4299,2023-06-06T23:13:35Z,2023-06-06,8188,413,Franchise,Afterpay,COUPON019,34.38,USD
4300,2023-09-20T20:36:50Z,2023-09-20,62584,4117,Franchise,PayPal,COUPON018,0.35,USD
4301,2024-09-19T19:11:47Z,2024-09-19,42924,3836,Retail,Cash,COUPON046,48.39,USD
4302,2023-05-20T14:04:32Z,2023-05-20,50084,4812,Retail,Gift Card,COUPON001,10.81,USD
4303,2024-06-07T18:18:20Z,2024-06-07,29518,1740,Franchise,Cash,COUPON006,13.58,AUD
4304,2024-05-18T12:01:44Z,2024-05-18,65002,3282,Franchise,Gift Card,COUPON003,6.95,AUD
4305,2024-05-07T02:43:28Z,2024-05-07,34069,2159,Retail,Credit Card,COUPON034,29.55,AUD
4306,2023-05-10T17:58:39Z,2023-05-10,43321,2590,Retail,PayPal,COUPON009,45.89,EUR
4307,2024-05-22T10:44:35Z,2024-05-22,67350,274,Retail,Afterpay,COUPON039,22.39,AUD
4308,2024-05-21T22:14:11Z,2024-05-21,21348,781,Retail,Cash,COUPON014,18.36,AUD
4309,2023-08-10T14:21:55Z,2023-08-10,53635,4225,Retail,Cash,COUPON049,45.95,AUD
4310,2023-04-24T13:08:44Z,2023-04-24,71963,2545,Retail,Credit Card,COUPON001,16.71,AUD
4311,2023-05-10T03:07:02Z,2023-05-10,77870,2810,Retail,Credit Card,COUPON005,17.10,EUR
4312,2024-08-15T05:04:12Z,2024-08-15,1745,3211,Retail,Cash,COUPON009,23.37,AUD
4313,2024-08-29T13:30:40Z,2024-08-29,6701,4598,Retail,PayPal,COUPON019,20.59,AUD
4314,2023-01-18T07:47:38Z,2023-01-18,10121,1182,Online,Cash,COUPON023,34.96,EUR
4315,2024-04-08T12:11:40Z,2024-04-08,31774,2723,Online,Afterpay,COUPON022,43.85,USD
4316,2024-04-22T22:23:10Z,2024-04-22,9239,2383,Retail,PayPal,COUPON012,35.12,AUD
4317,2023-10-26T02:33:13Z,2023-10-26,68853,3289,Retail,Gift Card,COUPON001,23.60,USD
4318,2024-06-11T09:13:28Z,2024-06-11,27233,3215,Franchise,Cash,COUPON038,26.62,USD
4319,2023-04-27T07:19:03Z,2023-04-27,55229,65,Retail,Cash,COUPON004,15.23,USD
4320,2023-10-31T18:03:46Z,2023-10-31,47081,1382,Retail,Gift Card,COUPON020,32.14,EUR
4321,2024-01-23T05:41:27Z,2024-01-23,57391,1756,Online,Afterpay,COUPON019,11.74,EUR
4322,2024-02-24T20:13:25Z,2024-02-24,2425,309,Online,Credit Card,COUPON023,11.94,AUD
4323,2023-09-20T15:40:10Z,2023-09-20,8859,2255,Retail,Cash,COUPON046,1.79,EUR
4324,2024-03-10T14:50:07Z,2024-03-10,74076,2382,Online,PayPal,COUPON027,37.43,USD
4325,2023-07-07T05:07:20Z,2023-07-07,21296,4222,Retail,Credit Card,COUPON005,5.30,AUD
4326,2024-04-15T19:56:32Z,2024-04-15,53803,1009,Retail,PayPal,COUPON042,29.64,AUD
4327,2023-07-04T12:19:35Z,2023-07-04,64375,1827,Online,Credit Card,COUPON036,32.68,USD
4328,2023-08-28T06:59:14Z,2023-08-28,64124,1577,Retail,Afterpay,COUPON036,39.41,AUD
4329,2024-09-26T09:07:01Z,2024-09-26,40356,4051,Retail,Cash,COUPON029,20.99,EUR
4330,2023-10-26T16:57:41Z,2023-10-26,42411,4325,Retail,Cash,COUPON023,28.30,USD
4331,2024-01-31T02:15:37Z,2024-01-31,37469,3850,Franchise,Afterpay,COUPON014,43.33,EUR
4332,2024-09-04T21:27:37Z,2024-09-04,47076,3415,Retail,PayPal,COUPON016,13.90,EUR
4333,2023-09-03T11:06:14Z,2023-09-03,30395,1803,Franchise,Credit Card,COUPON040,5.57,AUD
4334,2023-11-10T11:46:31Z,2023-11-10,60307,3216,Retail,Gift Card,COUPON022,47.31,USD
4335,2024-04-22T21:43:56Z,2024-04-22,17769,3630,Franchise,PayPal,COUPON030,25.50,EUR
4336,2023-10-24T21:06:16Z,2023-10-24,9364,4685,Franchise,Cash,COUPON022,29.78,AUD
4337,2024-08-17T20:57:31Z,2024-08-17,40724,4961,Online,Credit Card,COUPON019,12.78,USD
4338,2023-05-20T20:19:18Z,2023-05-20,43294,3646,Online,Credit Card,COUPON027,38.34,USD
4339,2023-04-13T16:28:14Z,2023-04-13,12951,1514,Online,Cash,COUPON006,20.59,AUD
4340,2023-11-22T00:01:47Z,2023-11-22,41855,2691,Online,Gift Card,COUPON024,37.73,USD
4341,2024-04-16T14:13:21Z,2024-04-16,53132,945,Retail,Afterpay,COUPON034,6.94,USD
4342,2023-02-07T11:39:03Z,2023-02-07,8379,4378,Retail,Credit Card,COUPON039,28.77,USD
4343,2024-09-16T19:32:00Z,2024-09-16,19800,4514,Retail,Cash,COUPON008,43.78,AUD
4344,2023-06-10T18:05:43Z,2023-06-10,79513,1142,Retail,Afterpay,COUPON026,15.38,AUD
4345,2023-03-19T14:26:06Z,2023-03-19,51179,1932,Franchise,Credit Card,COUPON014,31.91,EUR
4346,2024-03-14T14:13:11Z,2024-03-14,24872,375,Retail,PayPal,COUPON003,2.67,USD
4347,2023-09-18T18:31:57Z,2023-09-18,69598,86,Online,Afterpay,COUPON050,34.14,AUD
4348,2023-09-23T06:34:34Z,2023-09-23,22347,160,Retail,Afterpay,COUPON012,8.75,EUR
4349,2024-05-05T22:27:04Z,2024-05-05,56371,383,Online,PayPal,COUPON040,31.33,AUD
4350,2024-03-31T21:32:04Z,2024-03-31,21026,4640,Online,Gift Card,COUPON046,25.98,USD
4351,2024-04-05T13:02:28Z,2024-04-05,31105,1606,Franchise,Credit Card,COUPON005,20.03,EUR
4352,2023-04-10T21:05:44Z,2023-04-10,60055,2008,Franchise,Gift Card,COUPON019,0.57,AUD
4353,2024-05-11T04:07:39Z,2024-05-11,28376,4960,Online,Afterpay,COUPON032,3.32,EUR
4354,2023-02-13T22:42:14Z,2023-02-13,56925,2225,Online,Gift Card,COUPON021,23.70,USD
4355,2023-09-26T06:13:17Z,2023-09-26,3178,3713,Franchise,Gift Card,COUPON034,43.23,AUD
4356,2024-06-01T14:20:35Z,2024-06-01,55498,1732,Retail,Gift Card,COUPON041,7.30,USD
4357,2024-01-27T21:10:00Z,2024-01-27,25385,3050,Online,Gift Card,COUPON001,34.64,EUR
4358,2023-07-26T00:48:14Z,2023-07-26,24925,1212,Retail,Cash,COUPON021,14.07,EUR
4359,2024-05-23T01:33:48Z,2024-05-23,1149,1411,Franchise,PayPal,COUPON041,41.02,AUD
4360,2024-03-23T19:25:05Z,2024-03-23,60277,861,Online,PayPal,COUPON046,6.25,USD
4361,2024-03-10T17:54:15Z,2024-03-10,53290,1099,Franchise,Cash,COUPON035,22.33,EUR
4362,2023-03-17T01:26:19Z,2023-03-17,44780,3933,Retail,PayPal,COUPON022,17.60,AUD
4363,2023-02-28T19:47:07Z,2023-02-28,55610,3712,Retail,Afterpay,COUPON013,16.71,AUD
4364,2023-10-07T13:31:19Z,2023-10-07,53535,3751,Franchise,Credit Card,COUPON024,39.96,USD
4365,2023-08-08T08:47:25Z,2023-08-08,37675,1597,Retail,Afterpay,COUPON005,32.74,EUR
4366,2024-04-26T20:34:42Z,2024-04-26,24307,2720,Franchise,Gift Card,COUPON009,40.17,EUR
4367,2024-03-30T23:49:20Z,2024-03-30,5894,3224,Retail,Credit Card,COUPON006,44.60,EUR
4368,2024-03-28T22:01:29Z,2024-03-28,29641,2212,Franchise,Afterpay,COUPON001,24.52,USD
4369,2023-10-03T08:28:50Z,2023-10-03,50635,2017,Franchise,PayPal,COUPON036,40.59,EUR
4370,2023-02-27T07:57:38Z,2023-02-27,51695,4107,Online,PayPal,COUPON025,16.12,USD
4371,2024-04-04T09:58:39Z,2024-04-04,11307,1502,Online,PayPal,COUPON029,11.12,USD
4372,2023-04-03T02:08:48Z,2023-04-03,45398,1313,Online,Afterpay,COUPON033,18.64,AUD
4373,2024-02-27T08:31:06Z,2024-02-27,51972,104,Retail,PayPal,COUPON038,6.87,AUD
4374,2024-07-25T08:12:58Z,2024-07-25,24727,3856,Retail,Cash,COUPON033,5.38,USD
4375,2024-06-07T06:05:58Z,2024-06-07,37328,2907,Online,Gift Card,COUPON036,11.19,AUD
4376,2023-03-03T17:03:47Z,2023-03-03,37529,214,Retail,PayPal,COUPON042,17.91,EUR
4377,2023-05-03T08:21:27Z,2023-05-03,6716,2446,Retail,Afterpay,COUPON006,3.05,USD
4378,2024-08-01T12:45:27Z,2024-08-01,63313,1001,Franchise,Cash,COUPON048,36.02,USD
4379,2024-09-01T08:03:22Z,2024-09-01,10005,4533,Online,Cash,COUPON009,19.45,USD
4380,2024-08-09T14:11:30Z,2024-08-09,1993,3893,Online,Credit Card,COUPON034,33.35,AUD
4381,2023-10-19T14:18:08Z,2023-10-19,62374,2940,Franchise,PayPal,COUPON005,4.70,EUR
4382,2023-09-06T04:40:41Z,2023-09-06,60126,2701,Retail,Credit Card,COUPON032,41.45,USD
4383,2024-01-30T08:13:44Z,2024-01-30,31527,4959,Online,Gift Card,COUPON026,25.27,EUR
4384,2023-09-02T23:16:33Z,2023-09-02,67306,858,Retail,PayPal,COUPON046,13.19,EUR
4385,2023-08-31T10:02:18Z,2023-08-31,25813,2850,Online,PayPal,COUPON018,1.97,AUD
4386,2023-01-01T02:05:49Z,2023-01-01,15891,2422,Franchise,Cash,COUPON024,17.15,AUD
4387,2024-02-14T03:57:03Z,2024-02-14,50586,3588,Retail,PayPal,COUPON029,48.20,EUR
4388,2023-11-30T07:46:56Z,2023-11-30,43954,2814,Retail,Credit Card,COUPON049,40.65,USD
4389,2024-08-11T11:02:33Z,2024-08-11,47792,1839,Retail,Cash,COUPON037,44.54,EUR
4390,2023-12-18T05:23:03Z,2023-12-18,81210,5996,Franchise,Cash,COUPON009,1.25,EUR
4391,2024-06-29T17:40:56Z,2024-06-29,4664,1887,Retail,Gift Card,COUPON040,35.95,USD
4392,2024-05-08T15:46:15Z,2024-05-08,5528,3674,Retail,Credit Card,COUPON043,17.16,EUR
4393,2023-07-27T22:48:45Z,2023-07-27,21127,2100,Franchise,Credit Card,COUPON001,5.42,AUD
4394,2023-05-10T09:56:35Z,2023-05-10,1090,3906,Online,PayPal,COUPON044,14.31,USD
4395,2024-04-15T08:52:54Z,2024-04-15,51405,4331,Online,Credit Card,COUPON022,33.64,AUD
4396,2023-06-27T04:43:08Z,2023-06-27,1912,3870,Retail,Cash,COUPON011,6.68,AUD
4397,2023-11-19T16:00:03Z,2023-11-19,76287,1673,Retail,Gift Card,COUPON010,39.83,EUR
4398,2023-09-01T11:28:48Z,2023-09-01,29151,2453,Retail,PayPal,COUPON045,36.81,AUD
4399,2023-05-25T04:34:17Z,2023-05-25,139,3677,Franchise,Credit Card,,21.38,AUD
4400,2023-02-09T09:15:40Z,2023-02-09,76174,4603,Franchise,Gift Card,COUPON035,41.82,AUD
4401,2023-01-20T20:38:20Z,2023-01-20,53539,3840,Online,Gift Card,COUPON019,16.52,USD
4402,2024-04-11T03:22:22Z,2024-04-11,37336,2293,Retail,PayPal,COUPON044,19.29,USD
4403,2023-08-09T06:57:36Z,2023-08-09,4595,1466,Online,Credit Card,COUPON050,37.65,AUD
4404,2024-04-27T14:07:15Z,2024-04-27,2847,2267,Franchise,Afterpay,,15.83,AUD
4405,2024-08-16T23:44:12Z,2024-08-16,57124,4536,Franchise,Gift Card,COUPON009,28.84,USD
4406,2023-07-18T09:32:56Z,2023-07-18,40439,1755,Retail,Afterpay,COUPON008,22.22,USD
4407,2024-08-10T20:25:15Z,2024-08-10,44022,344,Online,Cash,COUPON039,46.01,USD
4408,2023-02-15T10:26:40Z,2023-02-15,40767,2083,Online,Cash,COUPON007,27.36,EUR
4409,2024-07-17T19:30:16Z,2024-07-17,67469,819,Franchise,Credit Card,COUPON025,35.54,EUR
4410,2024-03-29T09:10:08Z,2024-03-29,74818,3433,Online,Afterpay,COUPON016,27.71,USD
4411,2023-07-29T20:53:44Z,2023-07-29,42537,4049,Retail,Afterpay,COUPON050,5.65,AUD
4412,2024-03-04T13:17:27Z,2024-03-04,77771,2202,Online,Credit Card,COUPON050,26.59,USD
4413,2024-03-31T16:17:10Z,2024-03-31,24583,174,Online,Credit Card,COUPON008,24.58,USD
4414,2024-02-09T15:19:28Z,2024-02-09,87218,5244,Franchise,Gift Card,COUPON004,12.27,EUR
4415,2024-08-04T09:22:12Z,2024-08-04,24923,3103,Retail,Afterpay,COUPON018,4.74,EUR
4416,2024-08-01T02:38:09Z,2024-08-01,21166,3324,Franchise,PayPal,COUPON014,49.19,EUR
4417,2024-03-01T06:53:03Z,2024-03-01,22136,2586,Retail,Afterpay,COUPON041,3.58,USD
4418,2023-01-22T11:59:24Z,2023-01-22,23396,2284,Online,Cash,COUPON044,40.17,USD
4419,2023-09-06T07:39:24Z,2023-09-06,5905,4101,Retail,PayPal,COUPON022,24.60,AUD
4420,2023-11-14T00:23:06Z,2023-11-14,20349,534,Online,Afterpay,COUPON004,25.97,AUD
4421,2024-04-07T08:21:15Z,2024-04-07,17576,4334,Franchise,PayPal,COUPON012,26.05,USD
4422,2023-01-20T03:31:11Z,2023-01-20,25388,1966,Retail,PayPal,COUPON033,17.28,USD
4423,2023-11-28T19:15:14Z,2023-11-28,25186,271,Online,Gift Card,COUPON026,6.70,EUR
4424,2024-09-01T16:43:11Z,2024-09-01,57359,2288,Retail,PayPal,COUPON017,45.30,AUD
4425,2023-04-11T20:56:41Z,2023-04-11,56818,4324,Retail,PayPal,COUPON003,0.35,AUD
4426,2024-02-18T15:21:39Z,2024-02-18,16109,181,Retail,Credit Card,COUPON049,9.20,EUR
4427,2023-01-04T14:21:24Z,2023-01-04,31141,1742,Franchise,Gift Card,COUPON023,7.09,EUR
4428,2024-02-26T07:45:16Z,2024-02-26,46016,4912,Franchise,Afterpay,COUPON002,24.40,USD
4429,2023-08-01T14:44:09Z,2023-08-01,9848,920,Franchise,Cash,COUPON032,47.57,EUR
4430,2023-03-29T00:24:42Z,2023-03-29,47731,3280,Online,Gift Card,COUPON047,36.64,AUD
4431,2023-08-19T16:08:14Z,2023-08-19,38879,1588,Retail,Credit Card,COUPON038,27.95,EUR
4432,2023-03-19T13:01:49Z,2023-03-19,73227,465,Franchise,Afterpay,COUPON030,1.93,AUD
4433,2023-01-13T01:29:15Z,2023-01-13,2627,988,Online,Gift Card,COUPON043,14.38,EUR
4434,2023-12-26T20:09:10Z,2023-12-26,3283,1949,Franchise,Afterpay,COUPON050,12.63,USD
4435,2024-07-17T18:19:15Z,2024-07-17,47248,304,Online,Cash,COUPON047,45.25,AUD
4436,2023-01-23T21:08:51Z,2023-01-23,50080,3257,Franchise,Gift Card,COUPON016,3.05,EUR
4437,2023-02-03T23:18:55Z,2023-02-03,35365,2713,Franchise,Credit Card,COUPON014,25.47,USD
4438,2024-02-22T02:58:11Z,2024-02-22,40321,379,Franchise,Credit Card,COUPON019,22.58,EUR
4439,2023-06-01T00:54:51Z,2023-06-01,38724,1882,Online,PayPal,COUPON005,33.13,USD
4440,2023-09-28T20:27:22Z,2023-09-28,77207,1864,Franchise,PayPal,COUPON031,33.32,USD
4441,2024-01-12T15:35:23Z,2024-01-12,21901,491,Franchise,Credit Card,COUPON010,41.69,EUR
4442,2024-04-01T14:19:16Z,2024-04-01,55577,3415,Franchise,Cash,COUPON040,19.87,USD
4443,2023-09-02T06:17:41Z,2023-09-02,17361,2506,Retail,Credit Card,COUPON031,1.95,USD
4444,2023-05-17T12:38:06Z,2023-05-17,48235,571,Online,Cash,COUPON013,43.46,USD
4445,2023-03-06T07:50:07Z,2023-03-06,45974,193,Franchise,PayPal,COUPON019,49.23,AUD
4446,2024-06-13T08:13:25Z,2024-06-13,33852,2290,Online,Credit Card,COUPON038,9.76,USD
4447,2024-06-13T19:40:53Z,2024-06-13,48016,918,Online,PayPal,COUPON023,30.75,AUD
4448,2023-12-02T01:19:58Z,2023-12-02,39098,1136,Online,PayPal,COUPON010,17.16,AUD
4449,2023-07-30T21:48:34Z,2023-07-30,31373,1415,Retail,Gift Card,COUPON021,13.12,EUR
4450,2023-03-19T19:10:36Z,2023-03-19,26530,1796,Franchise,Afterpay,COUPON023,49.10,USD
4451,2023-02-26T01:07:56Z,2023-02-26,75350,4441,Online,Cash,COUPON010,23.46,USD
4452,2023-01-25T22:33:24Z,2023-01-25,14039,3255,Online,PayPal,COUPON014,38.89,USD
4453,2023-09-25T02:31:54Z,2023-09-25,2882,3969,Franchise,Cash,COUPON012,3.77,AUD
4454,2024-08-19T19:35:33Z,2024-08-19,6697,1546,Online,PayPal,COUPON004,33.38,USD
4455,2024-01-02T20:24:11Z,2024-01-02,17331,3749,Retail,Afterpay,COUPON047,26.81,EUR
4456,2023-05-27T11:44:43Z,2023-05-27,54492,1953,Franchise,PayPal,COUPON002,49.44,AUD
4457,2023-05-14T21:02:30Z,2023-05-14,68263,4665,Retail,Credit Card,COUPON005,32.46,EUR
4458,2023-04-14T13:32:24Z,2023-04-14,43349,1887,Franchise,Credit Card,COUPON033,48.19,AUD
4459,2024-04-09T03:33:09Z,2024-04-09,2801,821,Retail,Gift Card,COUPON027,11.70,EUR
4460,2023-10-17T10:06:18Z,2023-10-17,33328,2962,Online,Afterpay,COUPON023,29.65,AUD
4461,2024-02-28T17:42:21Z,2024-02-28,54972,2288,Retail,Credit Card,COUPON019,40.96,USD
4462,2023-06-19T07:56:43Z,2023-06-19,20301,426,Retail,PayPal,COUPON022,44.65,AUD
4463,2023-01-24T10:08:35Z,2023-01-24,69534,2781,Online,Cash,COUPON004,46.21,USD
4464,2023-09-28T19:46:22Z,2023-09-28,20620,4876,Online,Afterpay,COUPON001,0.63,USD
4465,2024-03-03T13:42:11Z,2024-03-03,68189,2686,Online,PayPal,,27.09,AUD
4466,2024-02-20T18:49:06Z,2024-02-20,41706,3936,Franchise,Credit Card,COUPON029,15.95,USD
4467,2023-04-04T19:33:22Z,2023-04-04,42,4342,Online,Cash,COUPON004,47.44,AUD
4468,2024-06-25T21:46:13Z,2024-06-25,36989,2566,Online,Gift Card,COUPON033,28.71,USD
4469,2023-11-14T01:00:49Z,2023-11-14,26168,2726,Retail,Cash,COUPON004,36.95,USD
4470,2024-03-13T06:16:01Z,2024-03-13,27649,4289,Franchise,Cash,COUPON006,24.80,AUD
4471,2024-04-17T17:11:41Z,2024-04-17,18025,3550,Franchise,Afterpay,COUPON040,2.27,EUR
4472,2024-09-30T17:51:00Z,2024-09-30,53546,2240,Online,Credit Card,COUPON020,0.54,AUD
4473,2023-10-20T05:57:28Z,2023-10-20,46561,3003,Online,Gift Card,COUPON030,12.72,EUR
4474,2024-09-04T18:21:00Z,2024-09-04,43877,3957,Online,Cash,COUPON043,4.40,EUR
4475,2023-09-28T00:23:22Z,2023-09-28,19440,4299,Retail,Cash,COUPON006,24.85,EUR
4476,2024-06-02T15:00:09Z,2024-06-02,6912,4253,Franchise,Gift Card,COUPON008,48.25,AUD
4477,2024-01-25T11:38:37Z,2024-01-25,35300,1417,Online,Gift Card,COUPON010,38.15,AUD
4478,2024-02-10T04:34:14Z,2024-02-10,53428,4827,Online,PayPal,COUPON042,28.86,EUR
4479,2024-02-08T12:11:06Z,2024-02-08,53253,2124,Online,Gift Card,COUPON050,9.19,EUR
4480,2024-08-07T23:17:51Z,2024-08-07,53330,3785,Retail,Gift Card,COUPON024,21.38,USD
4481,2023-08-29T21:23:01Z,2023-08-29,6401,110,Franchise,Cash,COUPON012,9.89,AUD
4482,2024-03-19T21:17:03Z,2024-03-19,76959,2692,Franchise,Gift Card,COUPON007,4.91,USD
4483,2023-02-16T10:15:32Z,2023-02-16,78582,321,Franchise,Cash,COUPON002,34.95,AUD
4484,2024-06-04T13:51:52Z,2024-06-04,76606,4408,Franchise,PayPal,COUPON014,32.97,EUR
4485,2023-12-26T05:09:00Z,2023-12-26,36748,1414,Franchise,PayPal,COUPON044,3.64,AUD
4486,2024-09-15T21:54:10Z,2024-09-15,26227,1216,Online,Afterpay,COUPON020,8.22,USD
4487,2023-09-08T09:52:25Z,2023-09-08,45345,276,Franchise,Credit Card,COUPON013,14.80,EUR
4488,2023-09-30T23:32:45Z,2023-09-30,17987,2564,Franchise,Credit Card,COUPON038,18.46,AUD
4489,2023-06-19T20:23:59Z,2023-06-19,60779,113,Online,Credit Card,COUPON035,28.88,USD
4490,2023-07-25T04:26:52Z,2023-07-25,77375,378,Franchise,Cash,COUPON010,43.22,EUR
4491,2023-09-23T22:54:04Z,2023-09-23,43908,871,Online,Cash,COUPON048,25.96,AUD
4492,2023-06-16T19:57:24Z,2023-06-16,24152,1780,Franchise,PayPal,COUPON024,35.13,EUR
4493,2024-06-04T02:42:52Z,2024-06-04,77252,1527,Franchise,Cash,COUPON014,3.49,AUD
4494,2023-11-03T00:58:50Z,2023-11-03,34548,791,Franchise,PayPal,COUPON048,17.07,AUD
4495,2023-06-03T08:11:02Z,2023-06-03,50670,1365,Franchise,Gift Card,COUPON044,46.51,AUD
4496,2024-04-15T21:12:27Z,2024-04-15,53697,4204,Online,Gift Card,COUPON023,32.13,AUD
4497,2024-04-22T13:18:32Z,2024-04-22,66759,1376,Online,Gift Card,COUPON004,4.95,AUD
4498,2024-06-21T11:15:24Z,2024-06-21,74693,2415,Franchise,PayPal,COUPON026,48.69,AUD
4499,2024-08-14T08:40:51Z,2024-08-14,26785,3183,Retail,Gift Card,COUPON031,11.73,USD
4500,2023-12-07T10:10:56Z,2023-12-07,9839,3603,Retail,Cash,COUPON015,26.49,USD
4501,2023-04-12T14:32:15Z,2023-04-12,28978,1655,Franchise,Gift Card,COUPON006,20.04,AUD
4502,2023-05-17T01:30:02Z,2023-05-17,55248,4650,Online,Cash,,36.16,AUD
4503,2024-09-29T00:53:05Z,2024-09-29,63457,2787,Retail,Afterpay,COUPON047,8.15,USD
4504,2023-09-22T20:48:01Z,2023-09-22,62329,4076,Online,Credit Card,COUPON043,22.03,EUR
4505,2023-11-13T23:40:43Z,2023-11-13,49756,3999,Online,Cash,COUPON049,9.22,USD
4506,2024-02-10T10:06:06Z,2024-02-10,27229,260,Online,PayPal,COUPON019,11.60,EUR
4507,2024-05-27T23:44:47Z,2024-05-27,43961,4649,Franchise,Credit Card,COUPON008,0.89,AUD
4508,2023-07-05T23:38:06Z,2023-07-05,27429,2187,Franchise,Credit Card,COUPON022,49.29,EUR
4509,2024-04-16T17:28:01Z,2024-04-16,28341,777,Online,Gift Card,COUPON042,13.88,EUR
4510,2024-06-09T10:57:27Z,2024-06-09,66810,4008,Franchise,Credit Card,COUPON033,6.26,EUR
4511,2024-08-10T06:35:19Z,2024-08-10,44760,266,Franchise,Cash,COUPON023,27.66,AUD
4512,2024-09-09T16:07:10Z,2024-09-09,73210,2186,Online,Afterpay,COUPON041,15.55,EUR
4513,2024-09-25T07:51:20Z,2024-09-25,5074,3803,Franchise,Afterpay,COUPON041,22.53,USD
4514,2024-06-09T12:06:25Z,2024-06-09,39795,4798,Retail,Afterpay,COUPON013,39.39,AUD
4515,2024-05-10T13:52:20Z,2024-05-10,6247,1380,Retail,Credit Card,COUPON041,29.20,AUD
4516,2024-01-31T07:47:21Z,2024-01-31,27289,2289,Retail,Afterpay,COUPON027,25.20,AUD
4517,2023-06-25T15:27:52Z,2023-06-25,56750,4792,Retail,PayPal,COUPON003,47.25,AUD
4518,2024-01-25T11:43:35Z,2024-01-25,37941,4626,Retail,Cash,COUPON013,13.32,EUR
4519,2023-09-09T10:44:45Z,2023-09-09,13636,4832,Franchise,Afterpay,COUPON034,27.41,USD
4520,2023-08-14T09:39:40Z,2023-08-14,68265,3245,Retail,PayPal,COUPON038,45.22,USD
4521,2023-07-09T08:34:58Z,2023-07-09,49886,1842,Retail,Cash,COUPON032,27.09,AUD
4522,2023-07-10T17:24:32Z,2023-07-10,68211,2613,Online,Cash,COUPON019,11.84,EUR
4523,2023-10-17T21:10:01Z,2023-10-17,35309,458,Retail,PayPal,COUPON048,41.58,AUD
4524,2023-10-21T02:39:50Z,2023-10-21,4980,3442,Online,Afterpay,COUPON042,28.08,USD
4525,2023-07-05T13:34:52Z,2023-07-05,71061,3377,Online,Cash,COUPON004,10.08,USD
4526,2024-05-27T00:29:43Z,2024-05-27,47919,4676,Online,Cash,COUPON016,20.17,AUD
4527,2023-12-09T14:46:22Z,2023-12-09,13934,2715,Retail,PayPal,COUPON040,11.91,EUR
4528,2023-05-18T00:11:57Z,2023-05-18,33497,580,Online,PayPal,COUPON034,20.04,EUR
4529,2024-04-04T06:31:41Z,2024-04-04,58122,1854,Online,Afterpay,COUPON043,46.79,USD
4530,2023-07-06T03:19:46Z,2023-07-06,66383,1798,Online,PayPal,COUPON019,2.37,AUD
4531,2023-09-23T17:00:06Z,2023-09-23,38443,195,Online,PayPal,COUPON006,38.57,EUR
4532,2024-04-20T02:20:28Z,2024-04-20,65913,2159,Online,Credit Card,COUPON012,39.09,USD
4533,2023-08-11T04:55:05Z,2023-08-11,2694,621,Retail,Gift Card,COUPON032,5.39,USD
4534,2023-07-13T07:31:12Z,2023-07-13,45159,3683,Online,Credit Card,COUPON050,47.98,AUD
4535,2023-04-03T17:24:47Z,2023-04-03,75289,1866,Retail,Credit Card,COUPON036,2.62,EUR
4536,2024-07-11T18:17:22Z,2024-07-11,14566,615,Online,Afterpay,COUPON008,1.60,USD
4537,2024-06-12T03:44:39Z,2024-06-12,51620,976,Online,PayPal,COUPON050,41.86,EUR
4538,2023-02-19T18:27:45Z,2023-02-19,21744,2273,Online,PayPal,COUPON026,21.66,USD
4539,2023-02-23T23:06:13Z,2023-02-23,6826,3292,Franchise,PayPal,COUPON042,38.59,USD
4540,2023-06-21T06:22:21Z,2023-06-21,11452,491,Retail,Cash,COUPON035,4.70,EUR
4541,2023-10-24T07:07:04Z,2023-10-24,11415,2131,Retail,PayPal,COUPON028,3.96,USD
4542,2024-01-13T04:23:33Z,2024-01-13,65655,4858,Online,Afterpay,COUPON023,5.18,AUD
4543,2024-03-27T04:15:13Z,2024-03-27,20344,3435,Retail,Cash,COUPON032,23.29,AUD
4544,2023-01-09T14:57:55Z,2023-01-09,18735,4679,Retail,PayPal,COUPON009,44.06,AUD
4545,2024-07-12T03:50:26Z,2024-07-12,68133,256,Franchise,Gift Card,COUPON012,13.38,USD
4546,2023-10-26T08:22:28Z,2023-10-26,76647,4218,Retail,Gift Card,COUPON047,49.24,EUR
4547,2024-07-22T08:16:17Z,2024-07-22,21039,1476,Online,Cash,COUPON018,40.72,AUD
4548,2024-02-04T08:05:28Z,2024-02-04,79382,3257,Online,PayPal,COUPON007,2.33,EUR
4549,2024-03-02T07:15:17Z,2024-03-02,3242,4646,Online,Cash,COUPON001,12.14,USD
4550,2024-04-25T06:44:35Z,2024-04-25,12743,2214,Retail,PayPal,COUPON019,3.28,EUR
4551,2023-12-22T05:37:35Z,2023-12-22,58446,21,Franchise,Cash,COUPON048,36.68,EUR
4552,2024-05-01T12:14:24Z,2024-05-01,4904,2937,Online,Afterpay,COUPON013,8.89,USD
4553,2023-05-19T19:47:18Z,2023-05-19,25026,4993,Online,Gift Card,COUPON037,39.31,USD
4554,2023-10-14T12:29:42Z,2023-10-14,52291,327,Retail,Gift Card,COUPON036,8.93,USD
4555,2024-02-01T08:57:14Z,2024-02-01,64078,3824,Retail,Cash,COUPON033,39.58,EUR
4556,2024-09-19T02:29:58Z,2024-09-19,2641,1015,Retail,Afterpay,,21.11,USD
4557,2024-08-19T10:59:41Z,2024-08-19,66605,402,Retail,Cash,COUPON004,46.11,AUD
4558,2024-03-25T21:32:48Z,2024-03-25,19543,1632,Franchise,Gift Card,COUPON001,29.96,AUD
4559,2024-01-05T11:06:28Z,2024-01-05,33878,1327,Franchise,Credit Card,,30.42,AUD
4560,2024-03-18T20:35:47Z,2024-03-18,22501,4784,Retail,Afterpay,COUPON002,29.68,EUR
4561,2023-02-14T22:46:11Z,2023-02-14,32798,4278,Retail,Cash,COUPON016,49.04,AUD
4562,2023-12-16T10:46:53Z,2023-12-16,5068,4265,Franchise,Cash,COUPON020,23.98,USD
4563,2024-05-02T07:26:35Z,2024-05-02,31041,217,Franchise,Afterpay,COUPON026,12.36,EUR
4564,2023-01-15T22:13:10Z,2023-01-15,31226,2349,Retail,PayPal,COUPON050,12.99,USD
4565,2024-07-26T09:53:52Z,2024-07-26,16640,1,Retail,Afterpay,COUPON023,2.17,USD
4566,2024-07-16T09:32:28Z,2024-07-16,511,2272,Online,Credit Card,COUPON026,48.12,AUD
4567,2023-10-30T20:03:11Z,2023-10-30,57686,967,Franchise,Afterpay,COUPON007,12.60,USD
4568,2023-02-01T19:54:28Z,2023-02-01,54940,3463,Retail,Gift Card,COUPON031,34.78,EUR
4569,2023-07-27T20:09:51Z,2023-07-27,16084,1591,Franchise,Credit Card,COUPON014,34.15,EUR
4570,2023-09-22T12:41:49Z,2023-09-22,24323,3473,Retail,PayPal,COUPON039,22.32,EUR
4571,2024-05-02T14:10:06Z,2024-05-02,8267,728,Franchise,PayPal,COUPON035,21.87,USD
4572,2024-07-25T14:29:17Z,2024-07-25,17216,1508,Online,Afterpay,COUPON026,49.42,AUD
4573,2023-11-17T12:17:19Z,2023-11-17,8488,2834,Online,Afterpay,COUPON006,4.50,EUR
4574,2023-08-03T17:35:00Z,2023-08-03,36446,3862,Online,Afterpay,COUPON040,2.48,EUR
4575,2024-03-01T06:05:04Z,2024-03-01,55697,2051,Retail,Gift Card,COUPON043,4.70,AUD
4576,2023-02-14T01:22:11Z,2023-02-14,2253,3148,Online,Credit Card,COUPON011,48.58,USD
4577,2024-06-25T04:43:09Z,2024-06-25,70071,1052,Retail,Afterpay,COUPON003,25.60,AUD
4578,2024-06-17T17:51:10Z,2024-06-17,40522,4194,Retail,Gift Card,COUPON006,8.78,USD
4579,2024-04-03T01:22:27Z,2024-04-03,45357,418,Retail,Gift Card,COUPON046,36.50,USD
4580,2024-02-03T18:14:05Z,2024-02-03,7358,945,Retail,Cash,COUPON044,23.45,AUD
4581,2023-11-11T13:44:58Z,2023-11-11,37314,3929,Retail,Afterpay,COUPON007,13.23,EUR
4582,2024-06-13T03:48:10Z,2024-06-13,49563,1925,Online,PayPal,COUPON009,44.10,EUR
4583,2024-09-04T09:07:15Z,2024-09-04,4807,3374,Online,Credit Card,COUPON025,46.37,USD
4584,2023-01-17T11:56:59Z,2023-01-17,12475,2974,Franchise,Gift Card,COUPON005,7.55,AUD
4585,2023-06-27T13:44:23Z,2023-06-27,50357,4040,Online,Credit Card,COUPON042,3.94,USD
4586,2023-04-06T10:19:02Z,2023-04-06,51014,4214,Retail,PayPal,COUPON043,11.06,USD
4587,2024-03-30T10:47:19Z,2024-03-30,19804,917,Retail,PayPal,COUPON031,49.76,AUD
4588,2023-02-20T06:31:44Z,2023-02-20,34378,3943,Franchise,PayPal,,42.25,USD
4589,2023-01-25T05:50:23Z,2023-01-25,79885,271,Franchise,Gift Card,COUPON024,10.92,USD
4590,2024-08-17T04:07:07Z,2024-08-17,67409,1315,Retail,Credit Card,COUPON022,18.93,AUD
4591,2024-01-30T18:21:04Z,2024-01-30,44097,1182,Franchise,Credit Card,COUPON016,48.48,USD
4592,2023-05-07T04:11:41Z,2023-05-07,76278,2738,Online,PayPal,COUPON008,45.19,EUR
4593,2024-08-23T10:37:29Z,2024-08-23,28818,1089,Online,Afterpay,COUPON012,38.51,AUD
4594,2024-06-05T09:27:39Z,2024-06-05,53529,893,Online,Afterpay,COUPON006,40.71,USD
4595,2023-10-06T21:57:06Z,2023-10-06,39315,1787,Online,Credit Card,COUPON018,16.45,AUD
4596,2024-07-20T09:46:43Z,2024-07-20,72271,1594,Retail,Cash,COUPON036,42.28,AUD
4597,2023-06-28T17:40:40Z,2023-06-28,41243,1447,Online,Cash,COUPON039,44.75,USD
4598,2023-12-29T12:37:17Z,2023-12-29,62183,4445,Online,PayPal,COUPON032,20.62,USD
4599,2024-04-11T08:25:35Z,2024-04-11,79187,4064,Online,Cash,COUPON050,11.17,AUD
4600,2024-09-28T16:47:32Z,2024-09-28,69389,2169,Franchise,PayPal,COUPON045,1.59,AUD
4601,2023-04-16T02:06:15Z,2023-04-16,16692,4172,Franchise,PayPal,COUPON031,40.98,USD
4602,2024-01-03T22:56:44Z,2024-01-03,55683,2751,Franchise,Cash,COUPON014,31.94,USD
4603,2024-09-15T09:59:57Z,2024-09-15,11883,475,Online,Cash,COUPON048,46.35,USD
4604,2023-11-28T17:53:51Z,2023-11-28,19744,219,Franchise,PayPal,COUPON025,24.46,EUR
4605,2023-02-13T05:39:57Z,2023-02-13,15345,898,Franchise,Cash,COUPON031,9.30,AUD
4606,2023-08-20T08:17:36Z,2023-08-20,74262,141,Retail,PayPal,COUPON046,2.01,AUD
4607,2024-05-09T13:23:25Z,2024-05-09,45996,3726,Online,Cash,COUPON046,13.42,USD
4608,2023-07-07T21:25:48Z,2023-07-07,13599,67,Online,Gift Card,COUPON005,29.68,USD
4609,2023-01-14T16:14:29Z,2023-01-14,3469,3208,Franchise,Credit Card,COUPON046,7.99,AUD
4610,2024-04-05T15:19:55Z,2024-04-05,36901,4911,Retail,Credit Card,COUPON019,33.69,AUD
4611,2023-07-10T20:14:17Z,2023-07-10,40457,1833,Online,Cash,COUPON012,33.99,EUR
4612,2024-07-02T15:27:42Z,2024-07-02,31830,2617,Retail,Credit Card,COUPON050,23.54,EUR
4613,2023-05-17T03:13:24Z,2023-05-17,45692,596,Retail,Credit Card,COUPON002,6.18,EUR
4614,2023-09-19T04:03:49Z,2023-09-19,49109,2711,Retail,Cash,COUPON046,1.48,USD
4615,2023-07-17T09:08:52Z,2023-07-17,10321,488,Franchise,Credit Card,COUPON044,13.09,EUR
4616,2023-01-26T00:55:46Z,2023-01-26,21074,2467,Retail,Credit Card,COUPON007,37.43,AUD
4617,2023-02-16T15:49:34Z,2023-02-16,7937,2032,Franchise,Afterpay,COUPON020,35.00,EUR
4618,2024-05-05T08:42:08Z,2024-05-05,77600,919,Online,PayPal,COUPON021,23.18,USD
4619,2023-01-26T10:35:06Z,2023-01-26,52408,2735,Online,Credit Card,COUPON007,46.08,AUD
4620,2023-07-03T14:30:36Z,2023-07-03,78507,4081,Online,Afterpay,COUPON037,37.93,EUR
4621,2023-01-15T12:14:53Z,2023-01-15,28994,2076,Retail,Gift Card,COUPON044,36.17,AUD
4622,2024-05-05T02:23:51Z,2024-05-05,45342,3035,Retail,PayPal,COUPON020,8.84,USD
4623,2023-08-25T21:44:12Z,2023-08-25,59085,3698,Retail,Credit Card,COUPON008,7.55,EUR
4624,2023-12-04T00:09:40Z,2023-12-04,9518,713,Online,Afterpay,COUPON015,45.22,EUR
4625,2023-07-01T13:50:48Z,2023-07-01,283,4155,Online,Credit Card,COUPON003,24.09,USD
4626,2024-04-03T07:46:13Z,2024-04-03,42943,1893,Retail,PayPal,COUPON004,44.71,USD
4627,2024-06-27T03:01:10Z,2024-06-27,25095,730,Online,Afterpay,COUPON008,10.05,USD
4628,2024-07-01T19:25:03Z,2024-07-01,6350,1009,Retail,PayPal,COUPON044,47.86,USD
4629,2023-01-31T09:27:41Z,2023-01-31,3655,4928,Online,Credit Card,COUPON041,37.00,EUR
4630,2023-11-10T09:11:20Z,2023-11-10,17276,3175,Retail,PayPal,COUPON013,6.87,USD
4631,2023-02-05T14:18:22Z,2023-02-05,33657,3299,Franchise,Cash,COUPON004,39.81,EUR
4632,2023-01-03T22:32:19Z,2023-01-03,30178,4633,Online,Credit Card,COUPON019,31.60,EUR
4633,2023-01-29T16:49:14Z,2023-01-29,50706,1238,Online,Credit Card,COUPON040,23.71,EUR
4634,2024-09-20T02:02:09Z,2024-09-20,68979,1358,Franchise,PayPal,COUPON032,32.11,EUR
4635,2024-02-04T09:02:39Z,2024-02-04,26365,3807,Online,Gift Card,COUPON023,27.39,EUR
4636,2023-07-25T00:27:59Z,2023-07-25,30913,476,Online,PayPal,COUPON005,12.09,EUR
4637,2023-04-18T22:16:46Z,2023-04-18,19665,1236,Online,Credit Card,COUPON022,18.69,AUD
4638,2023-10-01T23:12:21Z,2023-10-01,57330,4275,Retail,PayPal,COUPON028,23.03,EUR
4639,2023-11-09T06:48:19Z,2023-11-09,76607,2785,Retail,PayPal,COUPON024,20.94,AUD
4640,2024-06-04T01:44:53Z,2024-06-04,59965,4639,Retail,Gift Card,COUPON024,10.72,AUD
4641,2023-01-08T22:16:06Z,2023-01-08,52665,3307,Online,PayPal,COUPON032,4.29,EUR
4642,2023-07-07T22:14:34Z,2023-07-07,67049,2394,Online,Afterpay,COUPON034,34.62,EUR
4643,2023-12-17T00:45:17Z,2023-12-17,4334,2463,Online,Credit Card,COUPON003,40.26,USD
4644,2024-02-01T00:37:36Z,2024-02-01,26882,1774,Online,Afterpay,COUPON048,30.80,USD
4645,2024-03-27T17:20:20Z,2024-03-27,24818,1977,Online,Credit Card,COUPON025,39.81,USD
4646,2023-04-22T13:03:41Z,2023-04-22,27586,885,Retail,Gift Card,COUPON011,0.98,AUD
4647,2023-10-22T11:54:52Z,2023-10-22,75971,2772,Franchise,Gift Card,COUPON001,37.08,AUD
4648,2023-04-24T20:08:31Z,2023-04-24,66037,2240,Retail,Cash,COUPON035,29.48,USD
4649,2023-02-08T19:23:08Z,2023-02-08,11574,776,Retail,Credit Card,COUPON015,6.31,AUD
4650,2023-10-24T22:04:32Z,2023-10-24,54990,3685,Online,PayPal,COUPON035,25.30,EUR
4651,2023-10-09T10:48:22Z,2023-10-09,26477,960,Retail,PayPal,COUPON028,34.92,AUD
4652,2024-02-21T04:53:18Z,2024-02-21,33731,4292,Franchise,Cash,COUPON022,8.62,EUR
4653,2023-08-28T02:10:54Z,2023-08-28,40146,2512,Franchise,PayPal,COUPON047,21.61,USD
4654,2024-09-27T13:49:44Z,2024-09-27,7000,4393,Retail,Credit Card,COUPON034,42.09,USD
4655,2024-05-22T13:55:35Z,2024-05-22,45719,2921,Online,Credit Card,COUPON047,23.48,EUR
4656,2024-01-23T18:39:25Z,2024-01-23,14648,432,Retail,Gift Card,COUPON024,39.45,USD
4657,2023-09-22T19:52:38Z,2023-09-22,51428,233,Retail,Gift Card,COUPON017,23.96,USD
4658,2023-04-01T21:00:04Z,2023-04-01,32057,3419,Franchise,Afterpay,COUPON028,16.42,AUD
4659,2023-05-04T04:30:17Z,2023-05-04,1019,4809,Franchise,Credit Card,COUPON017,24.35,EUR
4660,2023-04-12T11:01:44Z,2023-04-12,70644,174,Franchise,Credit Card,COUPON008,38.68,USD
4661,2024-08-29T22:53:45Z,2024-08-29,65251,711,Retail,Gift Card,,42.45,USD
4662,2024-01-26T10:42:35Z,2024-01-26,32236,650,Online,Credit Card,COUPON047,38.22,USD
4663,2023-09-05T13:05:44Z,2023-09-05,8633,243,Online,Credit Card,COUPON014,26.50,USD
4664,2023-10-31T03:48:32Z,2023-10-31,7539,2429,Retail,PayPal,COUPON018,44.98,USD
4665,2023-09-26T15:07:15Z,2023-09-26,72573,4969,Online,PayPal,COUPON023,3.87,EUR
4666,2024-04-30T12:13:59Z,2024-04-30,12897,3218,Franchise,Gift Card,COUPON028,26.25,AUD
4667,2023-05-28T02:34:37Z,2023-05-28,62184,4560,Franchise,Cash,COUPON036,38.72,AUD
4668,2024-01-21T19:15:50Z,2024-01-21,12934,3911,Franchise,Credit Card,,31.82,USD
4669,2023-01-24T17:54:30Z,2023-01-24,77555,3828,Franchise,PayPal,COUPON045,6.55,USD
4670,2023-06-27T08:56:02Z,2023-06-27,15207,1678,Retail,Afterpay,COUPON012,22.93,EUR
4671,2024-08-26T06:04:04Z,2024-08-26,8515,1069,Online,Afterpay,COUPON020,29.48,EUR
4672,2023-07-08T02:59:47Z,2023-07-08,11082,24,Online,Credit Card,COUPON024,21.76,AUD
4673,2024-04-24T06:01:59Z,2024-04-24,48790,4098,Retail,Credit Card,COUPON029,49.20,EUR
4674,2023-05-12T20:15:12Z,2023-05-12,68182,4259,Franchise,Credit Card,COUPON002,42.88,AUD
4675,2024-04-02T19:38:55Z,2024-04-02,9265,4517,Franchise,PayPal,COUPON005,40.22,USD
4676,2024-05-14T13:06:58Z,2024-05-14,46216,1713,Online,Cash,COUPON043,29.24,AUD
4677,2023-04-05T16:27:41Z,2023-04-05,73699,2276,Franchise,Afterpay,COUPON002,48.39,AUD
4678,2024-01-23T15:55:17Z,2024-01-23,59121,2678,Retail,Gift Card,COUPON004,40.60,USD
4679,2024-04-04T14:58:04Z,2024-04-04,28287,2107,Franchise,Gift Card,COUPON039,35.76,USD
4680,2023-12-03T20:36:56Z,2023-12-03,17974,2732,Online,Gift Card,COUPON042,15.86,EUR
4681,2023-08-06T09:27:26Z,2023-08-06,37504,689,Franchise,Cash,COUPON040,37.97,AUD
4682,2023-05-21T20:46:07Z,2023-05-21,64432,4692,Franchise,Credit Card,COUPON047,33.72,USD
4683,2023-04-03T20:39:38Z,2023-04-03,20601,3154,Online,PayPal,COUPON008,5.62,EUR
4684,2023-12-25T10:05:31Z,2023-12-25,12525,3785,Franchise,Gift Card,COUPON026,21.94,USD
4685,2024-08-04T18:08:08Z,2024-08-04,11227,3611,Retail,Gift Card,COUPON010,45.88,EUR
4686,2023-02-25T00:07:17Z,2023-02-25,52320,4602,Retail,Gift Card,COUPON015,39.55,USD
4687,2024-07-05T19:55:55Z,2024-07-05,42476,3353,Online,Afterpay,COUPON022,16.41,USD
4688,2024-04-06T09:14:38Z,2024-04-06,65770,2821,Franchise,Cash,COUPON003,29.10,AUD
4689,2023-01-18T19:55:41Z,2023-01-18,11036,3138,Retail,PayPal,COUPON038,32.35,AUD
4690,2024-01-09T10:01:08Z,2024-01-09,27113,1182,Franchise,Cash,COUPON044,7.73,USD
4691,2024-09-11T06:20:03Z,2024-09-11,39630,797,Franchise,Afterpay,COUPON019,48.33,EUR
4692,2023-11-13T22:44:40Z,2023-11-13,50255,3935,Franchise,Credit Card,COUPON034,16.17,AUD
4693,2023-01-29T02:48:58Z,2023-01-29,16783,921,Online,PayPal,COUPON032,43.26,USD
4694,2024-09-09T00:54:30Z,2024-09-09,1327,3935,Franchise,Cash,COUPON034,39.12,EUR
4695,2023-11-17T04:32:12Z,2023-11-17,79752,4695,Franchise,Gift Card,COUPON017,41.58,USD
4696,2024-07-30T12:09:19Z,2024-07-30,33536,2203,Online,Gift Card,COUPON018,35.70,USD
4697,2023-05-21T22:44:12Z,2023-05-21,19267,4733,Retail,Cash,COUPON003,4.84,EUR
4698,2023-11-05T17:06:06Z,2023-11-05,73802,750,Retail,Credit Card,COUPON049,30.44,USD
4699,2023-01-20T08:07:17Z,2023-01-20,6017,1506,Franchise,Gift Card,COUPON006,12.09,EUR
4700,2024-05-06T01:11:30Z,2024-05-06,43252,2834,Retail,PayPal,,24.91,AUD
4701,2023-11-16T18:56:43Z,2023-11-16,15884,3795,Retail,Credit Card,COUPON023,8.45,AUD
4702,2024-02-18T19:59:32Z,2024-02-18,52523,1885,Retail,Cash,COUPON018,2.94,EUR
4703,2024-03-10T13:59:25Z,2024-03-10,14831,641,Franchise,Gift Card,COUPON001,20.22,EUR
4704,2024-06-04T07:46:03Z,2024-06-04,23877,1152,Retail,Afterpay,COUPON041,11.61,AUD
4705,2023-08-05T15:12:58Z,2023-08-05,8526,239,Franchise,Gift Card,COUPON019,38.29,AUD
4706,2023-12-01T17:18:04Z,2023-12-01,22379,293,Retail,PayPal,COUPON024,45.25,USD
4707,2023-05-12T06:27:32Z,2023-05-12,20448,3475,Franchise,Credit Card,COUPON001,21.14,EUR
4708,2023-12-23T03:14:49Z,2023-12-23,48900,2168,Retail,Credit Card,COUPON050,41.30,USD
4709,2024-06-15T12:23:27Z,2024-06-15,62787,2948,Franchise,Afterpay,COUPON040,39.93,USD
4710,2024-04-29T00:45:00Z,2024-04-29,4355,2349,Retail,PayPal,COUPON011,5.71,EUR
4711,2023-07-24T09:28:00Z,2023-07-24,67366,1447,Retail,PayPal,COUPON035,40.71,USD
4712,2024-04-21T22:32:13Z,2024-04-21,47094,4445,Retail,Cash,COUPON006,48.78,EUR
4713,2024-03-29T19:39:19Z,2024-03-29,62419,3360,Retail,Cash,COUPON011,0.06,EUR
4714,2023-02-05T09:57:22Z,2023-02-05,46842,4101,Retail,PayPal,COUPON009,11.44,AUD
4715,2023-04-18T04:01:23Z,2023-04-18,63441,1824,Online,Afterpay,COUPON050,38.11,USD
4716,2024-03-07T08:14:52Z,2024-03-07,70310,2272,Online,PayPal,COUPON023,0.28,EUR
4717,2023-02-26T01:55:50Z,2023-02-26,16340,1193,Franchise,PayPal,COUPON016,43.48,EUR
4718,2023-02-10T14:26:26Z,2023-02-10,51271,999,Franchise,Gift Card,,3.17,AUD
4719,2023-07-08T16:35:13Z,2023-07-08,17894,954,Franchise,PayPal,COUPON019,43.45,USD
4720,2023-02-04T03:04:20Z,2023-02-04,13862,733,Franchise,Afterpay,COUPON037,14.92,USD
4721,2023-03-19T15:34:32Z,2023-03-19,31168,2128,Retail,Afterpay,COUPON043,13.64,USD
4722,2024-01-17T09:27:28Z,2024-01-17,9140,1486,Retail,Gift Card,COUPON013,5.25,USD
4723,2024-05-01T02:14:02Z,2024-05-01,65161,4077,Retail,Cash,COUPON013,12.37,EUR
4724,2023-12-23T14:26:18Z,2023-12-23,75649,2468,Retail,PayPal,COUPON018,38.93,AUD
4725,2023-12-09T01:48:51Z,2023-12-09,53252,2280,Retail,Credit Card,COUPON040,7.73,AUD
4726,2023-03-25T16:07:16Z,2023-03-25,8493,3213,Franchise,Afterpay,COUPON046,31.19,EUR
4727,2023-09-13T04:22:37Z,2023-09-13,61145,2469,Retail,Cash,COUPON014,33.39,USD
4728,2023-03-20T12:29:58Z,2023-03-20,75096,3549,Franchise,Afterpay,COUPON040,23.81,AUD
4729,2023-11-06T09:06:59Z,2023-11-06,69950,2190,Online,Cash,,44.94,EUR
4730,2024-01-27T14:27:12Z,2024-01-27,61968,1333,Retail,Credit Card,COUPON042,1.41,USD
4731,2023-10-06T13:35:17Z,2023-10-06,61065,3548,Franchise,Afterpay,COUPON024,17.99,EUR
4732,2023-11-18T04:49:10Z,2023-11-18,54688,3147,Retail,Cash,COUPON004,15.67,USD
4733,2023-05-25T12:52:15Z,2023-05-25,32108,942,Franchise,Afterpay,COUPON042,22.71,USD
4734,2024-07-24T04:33:25Z,2024-07-24,23903,4960,Retail,Afterpay,COUPON015,41.11,AUD
4735,2024-07-22T18:00:15Z,2024-07-22,56991,2831,Online,Afterpay,COUPON023,24.19,USD
4736,2024-09-22T12:56:30Z,2024-09-22,70939,4611,Online,Cash,COUPON046,16.68,AUD
4737,2023-01-17T13:26:11Z,2023-01-17,56412,3067,Retail,Afterpay,COUPON029,4.61,EUR
4738,2023-04-22T04:13:19Z,2023-04-22,40830,2491,Retail,Afterpay,COUPON048,18.75,USD
4739,2023-05-24T08:53:51Z,2023-05-24,22290,37,Retail,PayPal,COUPON024,21.26,USD
4740,2023-07-04T04:10:54Z,2023-07-04,76649,1238,Franchise,Credit Card,,7.79,AUD
4741,2023-02-07T06:11:03Z,2023-02-07,65312,4911,Retail,Credit Card,COUPON036,20.51,USD
4742,2024-08-18T07:23:37Z,2024-08-18,18440,3383,Franchise,Cash,COUPON048,29.04,USD
4743,2024-09-24T23:18:57Z,2024-09-24,33226,334,Franchise,Credit Card,COUPON002,4.92,EUR
4744,2023-04-18T20:45:08Z,2023-04-18,7861,3298,Franchise,Afterpay,COUPON004,19.50,AUD
4745,2023-02-14T03:58:05Z,2023-02-14,52542,4067,Retail,Gift Card,COUPON001,38.73,EUR
4746,2024-06-18T19:18:07Z,2024-06-18,55086,4390,Retail,Credit Card,COUPON015,14.15,USD
4747,2023-01-06T13:32:07Z,2023-01-06,77013,1701,Online,Afterpay,COUPON032,22.10,EUR
4748,2024-04-07T06:28:09Z,2024-04-07,37367,1745,Franchise,Cash,COUPON008,12.38,USD
4749,2023-08-03T02:56:52Z,2023-08-03,11585,963,Franchise,PayPal,COUPON029,33.37,USD
4750,2023-10-15T20:46:34Z,2023-10-15,33842,1043,Retail,Credit Card,COUPON049,43.73,AUD
4751,2024-02-01T05:45:36Z,2024-02-01,43432,4707,Online,Afterpay,COUPON029,1.61,EUR
4752,2024-02-25T20:02:16Z,2024-02-25,40757,4559,Franchise,Credit Card,COUPON001,1.00,AUD
4753,2023-06-22T08:49:33Z,2023-06-22,36870,1405,Franchise,Afterpay,COUPON016,21.19,AUD
4754,2023-01-02T07:26:17Z,2023-01-02,60979,332,Franchise,Afterpay,COUPON024,31.97,USD
4755,2024-06-07T01:18:01Z,2024-06-07,2529,667,Online,Cash,COUPON042,18.44,EUR
4756,2023-05-20T00:38:36Z,2023-05-20,45275,4034,Retail,Cash,COUPON036,41.97,EUR
4757,2024-09-20T08:00:19Z,2024-09-20,40559,71,Online,Afterpay,COUPON034,4.24,EUR
4758,2024-08-27T16:42:10Z,2024-08-27,25451,3525,Online,PayPal,COUPON034,11.54,AUD
4759,2024-06-03T23:45:25Z,2024-06-03,22667,4512,Online,Afterpay,COUPON020,4.88,AUD
4760,2023-10-13T06:00:55Z,2023-10-13,6976,1908,Franchise,Cash,COUPON019,31.85,AUD
4761,2024-01-23T06:37:47Z,2024-01-23,30234,1983,Franchise,Afterpay,COUPON014,23.70,AUD
4762,2023-09-08T01:01:52Z,2023-09-08,16436,1180,Online,PayPal,COUPON013,30.87,USD
4763,2023-03-10T14:02:08Z,2023-03-10,8408,1922,Franchise,Afterpay,COUPON038,25.22,AUD
4764,2024-09-02T23:48:02Z,2024-09-02,52637,947,Franchise,Gift Card,COUPON035,8.12,EUR
4765,2023-06-04T01:44:33Z,2023-06-04,414,2187,Online,Cash,COUPON017,23.81,AUD
4766,2024-08-01T19:18:59Z,2024-08-01,2638,2178,Online,Cash,COUPON043,29.50,USD
4767,2024-05-29T23:30:16Z,2024-05-29,60219,3311,Online,PayPal,COUPON037,34.56,EUR
4768,2024-08-20T06:22:18Z,2024-08-20,51021,2229,Retail,Cash,COUPON047,6.47,EUR
4769,2023-07-19T12:35:37Z,2023-07-19,13993,123,Online,Credit Card,COUPON009,3.64,USD
4770,2024-08-16T17:05:11Z,2024-08-16,26938,1767,Online,Gift Card,COUPON031,9.31,USD
4771,2024-07-16T15:44:17Z,2024-07-16,24933,1176,Retail,Gift Card,COUPON004,9.28,AUD
4772,2023-12-19T16:57:32Z,2023-12-19,36513,1441,Online,Afterpay,COUPON003,10.63,EUR
4773,2023-03-21T05:05:12Z,2023-03-21,75232,2102,Franchise,Gift Card,COUPON047,37.11,USD
4774,2023-04-07T11:23:32Z,2023-04-07,33261,1393,Online,Cash,,37.39,EUR
4775,2024-05-31T11:12:04Z,2024-05-31,56846,1740,Retail,Cash,COUPON017,3.91,USD
4776,2023-02-26T03:56:11Z,2023-02-26,62987,4129,Online,Afterpay,COUPON015,27.32,USD
4777,2024-06-01T11:58:32Z,2024-06-01,71172,636,Retail,Afterpay,COUPON041,12.28,AUD
4778,2023-12-18T20:19:01Z,2023-12-18,43667,2495,Franchise,Cash,COUPON043,43.29,EUR
4779,2023-05-04T16:12:50Z,2023-05-04,5106,3555,Retail,Gift Card,COUPON011,41.53,USD
4780,2023-07-15T23:46:24Z,2023-07-15,1229,1785,Franchise,Gift Card,COUPON037,41.16,EUR
4781,2024-09-09T10:57:01Z,2024-09-09,57196,4804,Franchise,Gift Card,COUPON046,16.91,AUD
4782,2024-05-15T17:54:49Z,2024-05-15,79018,2351,Franchise,Afterpay,COUPON050,24.67,AUD
4783,2023-10-05T10:43:17Z,2023-10-05,37889,1711,Retail,Credit Card,COUPON019,15.57,AUD
4784,2023-09-16T20:02:13Z,2023-09-16,66652,4017,Retail,Gift Card,COUPON046,7.01,AUD
4785,2023-10-02T14:35:00Z,2023-10-02,33498,3623,Online,Gift Card,COUPON041,36.58,AUD
4786,2023-04-18T23:44:09Z,2023-04-18,16178,3189,Online,Afterpay,COUPON040,28.35,AUD
4787,2023-06-04T10:07:08Z,2023-06-04,10930,1884,Online,Afterpay,COUPON005,42.51,AUD
4788,2023-05-01T07:47:01Z,2023-05-01,28205,3109,Online,Gift Card,COUPON040,21.97,USD
4789,2023-10-15T01:04:11Z,2023-10-15,62447,1792,Online,Credit Card,COUPON036,39.45,USD
4790,2024-07-07T23:03:30Z,2024-07-07,41375,1664,Retail,Credit Card,COUPON048,28.48,AUD
4791,2023-11-02T04:08:39Z,2023-11-02,66807,2671,Retail,Gift Card,COUPON021,23.34,EUR
4792,2024-09-18T11:45:14Z,2024-09-18,26735,2141,Franchise,Gift Card,COUPON041,20.28,AUD
4793,2023-12-02T08:42:42Z,2023-12-02,26946,1069,Franchise,PayPal,COUPON020,44.20,USD
4794,2024-09-23T03:50:43Z,2024-09-23,73301,111,Online,Gift Card,COUPON008,40.94,USD
4795,2023-06-30T02:30:58Z,2023-06-30,55032,2024,Retail,Afterpay,COUPON014,47.49,USD
4796,2023-05-14T15:26:25Z,2023-05-14,78747,1389,Online,Afterpay,COUPON025,34.85,AUD
4797,2024-09-11T21:25:59Z,2024-09-11,15682,3016,Online,Credit Card,COUPON036,24.17,USD
4798,2023-10-10T20:39:07Z,2023-10-10,69963,2389,Retail,Cash,COUPON039,22.94,USD
4799,2023-12-25T18:01:31Z,2023-12-25,70808,299,Retail,PayPal,COUPON016,44.29,USD
4800,2024-04-20T23:05:41Z,2024-04-20,77890,4852,Retail,Afterpay,COUPON029,9.23,USD
4801,2023-07-22T08:49:04Z,2023-07-22,23414,409,Retail,Credit Card,COUPON041,1.73,AUD
4802,2023-11-15T01:41:53Z,2023-11-15,65254,3673,Franchise,PayPal,COUPON022,48.97,AUD
4803,2024-03-30T06:55:41Z,2024-03-30,44970,96,Online,Gift Card,COUPON018,45.95,EUR
4804,2024-04-01T07:35:14Z,2024-04-01,21049,3546,Retail,PayPal,COUPON036,43.78,USD
4805,2023-02-28T19:18:40Z,2023-02-28,42262,903,Retail,Afterpay,COUPON045,4.98,USD
4806,2023-11-07T15:29:11Z,2023-11-07,45298,363,Franchise,PayPal,COUPON032,6.17,AUD
4807,2024-03-24T04:31:13Z,2024-03-24,34370,1629,Retail,Cash,COUPON032,22.66,EUR
4808,2023-04-09T10:54:34Z,2023-04-09,57552,1788,Retail,Cash,COUPON017,0.19,EUR
4809,2023-07-03T23:42:27Z,2023-07-03,39519,3209,Online,Gift Card,COUPON003,9.43,AUD
4810,2024-01-15T16:18:15Z,2024-01-15,37136,1431,Franchise,PayPal,COUPON040,44.10,USD
4811,2023-02-19T08:33:53Z,2023-02-19,32519,3517,Franchise,Gift Card,COUPON025,36.99,AUD
4812,2023-04-22T18:19:55Z,2023-04-22,38491,1883,Online,Gift Card,COUPON017,13.95,EUR
4813,2023-06-06T18:41:12Z,2023-06-06,43432,2223,Franchise,Afterpay,COUPON013,30.40,EUR
4814,2023-12-29T06:36:49Z,2023-12-29,59745,2598,Online,Cash,COUPON012,36.41,USD
4815,2023-04-11T21:34:51Z,2023-04-11,55,3385,Retail,Cash,COUPON040,36.60,EUR
4816,2024-06-08T12:10:16Z,2024-06-08,72899,1424,Online,PayPal,COUPON001,45.33,AUD
4817,2023-08-13T11:37:01Z,2023-08-13,23546,4899,Online,Cash,COUPON046,48.69,EUR
4818,2024-01-08T18:00:38Z,2024-01-08,21865,1592,Retail,Cash,COUPON003,31.28,EUR
4819,2024-09-27T15:45:36Z,2024-09-27,24819,2464,Franchise,PayPal,COUPON024,43.10,EUR
4820,2023-05-29T18:18:35Z,2023-05-29,70358,982,Franchise,PayPal,COUPON026,11.52,AUD
4821,2024-04-26T15:33:44Z,2024-04-26,40914,893,Retail,Cash,COUPON030,14.41,EUR
4822,2024-07-15T00:46:35Z,2024-07-15,33118,2307,Franchise,Afterpay,COUPON009,1.42,EUR
4823,2023-08-30T13:31:48Z,2023-08-30,23381,268,Online,Afterpay,COUPON024,21.77,AUD
4824,2024-09-12T09:06:11Z,2024-09-12,40055,988,Online,Gift Card,COUPON022,35.14,USD
4825,2023-11-22T14:28:13Z,2023-11-22,76292,4161,Online,PayPal,COUPON009,13.01,USD
4826,2024-03-06T07:57:37Z,2024-03-06,40396,2100,Franchise,Gift Card,COUPON034,43.92,AUD
4827,2023-08-08T17:20:13Z,2023-08-08,68736,397,Retail,PayPal,COUPON029,31.87,EUR
4828,2023-09-23T01:53:23Z,2023-09-23,63011,1136,Franchise,Afterpay,COUPON030,20.64,USD
4829,2024-06-19T21:54:49Z,2024-06-19,50144,1014,Retail,Cash,COUPON007,11.53,AUD
4830,2023-11-16T04:13:16Z,2023-11-16,78610,2904,Franchise,Afterpay,COUPON038,33.40,AUD
4831,2023-12-11T09:29:37Z,2023-12-11,72429,1571,Retail,Cash,COUPON025,41.71,USD
4832,2024-08-07T06:35:36Z,2024-08-07,68667,4853,Franchise,PayPal,COUPON038,25.58,AUD
4833,2023-05-28T12:30:59Z,2023-05-28,5693,1143,Online,Afterpay,COUPON021,39.18,USD
4834,2023-05-21T04:30:02Z,2023-05-21,11603,3632,Online,Credit Card,COUPON011,38.84,USD
4835,2023-01-10T05:46:40Z,2023-01-10,26142,461,Retail,Cash,COUPON011,1.11,USD
4836,2024-05-25T11:59:55Z,2024-05-25,36140,1206,Franchise,Gift Card,COUPON023,48.26,AUD
4837,2024-03-29T21:31:08Z,2024-03-29,23816,2331,Online,Credit Card,COUPON005,46.84,AUD
4838,2024-05-10T08:34:58Z,2024-05-10,61306,1617,Retail,Afterpay,COUPON030,44.58,EUR
4839,2023-03-24T00:07:05Z,2023-03-24,5852,2448,Retail,PayPal,COUPON010,40.06,AUD
4840,2023-02-21T22:40:21Z,2023-02-21,69110,544,Franchise,Afterpay,COUPON006,18.47,AUD
4841,2024-04-29T14:46:08Z,2024-04-29,2941,552,Online,Afterpay,COUPON020,34.17,AUD
4842,2024-07-20T06:40:50Z,2024-07-20,7761,3258,Online,Credit Card,COUPON001,7.85,USD
4843,2023-05-16T07:17:17Z,2023-05-16,62114,2776,Online,Gift Card,COUPON027,26.00,AUD
4844,2024-05-31T11:51:22Z,2024-05-31,78351,1063,Online,Afterpay,COUPON030,46.25,EUR
4845,2024-09-22T12:11:24Z,2024-09-22,6543,1462,Retail,Afterpay,COUPON002,27.18,AUD
4846,2024-10-01T17:08:54Z,2024-10-01,28118,4747,Franchise,Credit Card,COUPON007,0.59,AUD
4847,2024-03-17T06:16:45Z,2024-03-17,7910,3178,Franchise,Gift Card,COUPON033,36.66,USD
4848,2024-03-21T00:20:17Z,2024-03-21,24511,1974,Online,Cash,COUPON027,7.54,USD
4849,2023-05-18T18:11:05Z,2023-05-18,24255,2964,Online,PayPal,COUPON015,40.44,USD
4850,2023-01-19T17:02:52Z,2023-01-19,55714,971,Franchise,Credit Card,COUPON002,35.66,USD
4851,2024-04-05T03:35:50Z,2024-04-05,34993,3284,Franchise,PayPal,COUPON008,21.40,AUD
4852,2024-03-02T10:06:52Z,2024-03-02,23422,4008,Online,PayPal,COUPON024,42.15,AUD
4853,2023-04-29T23:00:34Z,2023-04-29,2169,3653,Online,PayPal,COUPON002,22.37,EUR
4854,2024-05-01T08:04:59Z,2024-05-01,23892,4959,Retail,PayPal,,21.45,EUR
4855,2024-09-25T17:28:19Z,2024-09-25,54831,868,Online,Gift Card,COUPON028,36.18,USD
4856,2023-04-24T03:24:26Z,2023-04-24,47281,3354,Franchise,Cash,COUPON002,42.51,AUD
4857,2023-08-24T07:55:53Z,2023-08-24,39975,1919,Online,Afterpay,COUPON004,44.30,AUD
4858,2023-05-16T21:20:55Z,2023-05-16,17400,1264,Online,Gift Card,COUPON003,8.59,AUD
4859,2024-01-01T02:50:35Z,2024-01-01,73624,167,Franchise,Credit Card,COUPON031,36.74,USD
4860,2024-04-21T17:50:09Z,2024-04-21,37366,748,Franchise,Credit Card,COUPON042,45.36,AUD
4861,2023-08-30T05:56:40Z,2023-08-30,70566,3577,Retail,Cash,COUPON046,34.97,AUD
4862,2023-07-10T08:04:39Z,2023-07-10,5827,2324,Franchise,Credit Card,COUPON008,23.21,USD
4863,2024-05-09T22:15:58Z,2024-05-09,64125,4577,Franchise,Afterpay,COUPON045,38.13,USD
4864,2023-01-27T16:40:04Z,2023-01-27,6894,282,Online,Credit Card,COUPON008,47.79,USD
4865,2024-05-15T18:57:47Z,2024-05-15,42929,425,Franchise,PayPal,COUPON009,32.62,USD
4866,2024-09-19T15:45:00Z,2024-09-19,59624,3380,Online,PayPal,COUPON019,9.65,AUD
4867,2024-08-13T15:42:23Z,2024-08-13,62711,3847,Franchise,PayPal,COUPON011,9.53,AUD
4868,2023-10-11T12:21:09Z,2023-10-11,25859,2974,Retail,PayPal,COUPON030,39.06,USD
4869,2023-09-19T21:14:42Z,2023-09-19,29866,718,Retail,Credit Card,COUPON043,7.16,AUD
4870,2023-10-08T10:45:07Z,2023-10-08,62949,3128,Retail,Gift Card,COUPON029,4.38,AUD
4871,2023-11-22T14:28:23Z,2023-11-22,37596,3827,Franchise,Credit Card,COUPON027,14.85,EUR
4872,2023-01-03T03:44:01Z,2023-01-03,35958,3060,Franchise,Gift Card,COUPON005,7.97,USD
4873,2023-02-13T14:39:41Z,2023-02-13,8470,4147,Retail,Cash,COUPON037,14.44,EUR
4874,2024-07-13T15:24:33Z,2024-07-13,70919,575,Online,Gift Card,COUPON040,11.78,EUR
4875,2023-07-22T20:06:58Z,2023-07-22,39437,604,Online,Cash,COUPON007,1.32,USD
4876,2023-08-19T19:39:48Z,2023-08-19,17777,4362,Retail,Afterpay,COUPON029,14.83,EUR
4877,2024-05-21T02:41:51Z,2024-05-21,71702,1803,Franchise,PayPal,COUPON017,43.64,USD
4878,2023-05-31T08:35:52Z,2023-05-31,58098,4898,Online,Gift Card,COUPON034,4.56,USD
4879,2023-06-20T18:15:00Z,2023-06-20,60673,1350,Retail,Credit Card,COUPON014,39.64,EUR
4880,2023-05-26T13:36:15Z,2023-05-26,44112,3608,Franchise,PayPal,COUPON006,5.99,EUR
4881,2024-07-19T21:43:46Z,2024-07-19,74001,3090,Retail,PayPal,COUPON011,32.25,USD
4882,2024-08-04T23:51:55Z,2024-08-04,4081,1082,Franchise,Cash,COUPON015,38.58,AUD
4883,2024-07-12T21:34:19Z,2024-07-12,5659,4502,Retail,Afterpay,COUPON030,17.46,AUD
4884,2023-10-11T09:58:23Z,2023-10-11,9249,2006,Franchise,PayPal,COUPON043,16.59,EUR
4885,2023-06-23T11:48:21Z,2023-06-23,62083,1080,Online,Afterpay,COUPON038,35.65,USD
4886,2023-01-13T07:55:22Z,2023-01-13,40553,2651,Franchise,Afterpay,COUPON029,39.96,EUR
4887,2023-05-10T08:34:21Z,2023-05-10,66794,4998,Franchise,PayPal,COUPON001,2.29,EUR
4888,2023-11-23T06:07:35Z,2023-11-23,3215,4584,Franchise,Credit Card,COUPON020,37.47,AUD
4889,2023-05-31T15:03:34Z,2023-05-31,11357,886,Retail,Afterpay,COUPON023,46.30,AUD
4890,2023-11-23T08:06:24Z,2023-11-23,32294,3868,Online,PayPal,COUPON025,14.38,USD
4891,2023-09-12T08:43:55Z,2023-09-12,5191,1791,Online,Cash,COUPON044,33.12,USD
4892,2024-02-13T08:57:09Z,2024-02-13,3712,1296,Retail,Cash,COUPON018,33.22,AUD
4893,2024-04-23T18:58:18Z,2024-04-23,60047,2701,Online,Credit Card,COUPON035,21.08,USD
4894,2024-10-01T18:59:48Z,2024-10-01,20692,3005,Franchise,Cash,COUPON031,42.04,USD
4895,2023-06-29T14:23:36Z,2023-06-29,28782,3716,Online,Afterpay,COUPON013,24.71,AUD
4896,2023-11-27T05:45:33Z,2023-11-27,63051,2327,Retail,Gift Card,COUPON008,29.69,AUD
4897,2024-01-28T18:10:56Z,2024-01-28,33744,4163,Franchise,Cash,COUPON049,32.84,EUR
4898,2023-08-04T15:56:43Z,2023-08-04,19752,2926,Retail,Credit Card,COUPON031,30.12,AUD
4899,2023-06-14T14:38:10Z,2023-06-14,25918,4532,Retail,PayPal,COUPON014,5.95,AUD
4900,2024-06-21T13:12:58Z,2024-06-21,9899,340,Retail,Gift Card,COUPON015,33.54,AUD
4901,2023-11-18T00:16:13Z,2023-11-18,88444,5351,Retail,Gift Card,COUPON003,45.72,AUD
4902,2023-01-16T09:48:44Z,2023-01-16,52431,3600,Franchise,PayPal,COUPON004,32.09,AUD
4903,2023-12-13T11:29:01Z,2023-12-13,10000,87,Retail,PayPal,COUPON014,9.80,AUD
4904,2024-07-12T01:11:19Z,2024-07-12,65853,4657,Retail,Cash,COUPON001,13.88,USD
4905,2023-03-04T19:52:47Z,2023-03-04,22916,4135,Online,Cash,COUPON016,5.67,AUD
4906,2024-02-25T15:55:41Z,2024-02-25,43398,2417,Retail,Gift Card,COUPON004,36.55,EUR
4907,2023-02-03T09:58:23Z,2023-02-03,41249,4027,Retail,Afterpay,COUPON004,15.30,EUR
4908,2024-01-17T00:49:18Z,2024-01-17,68807,1629,Online,PayPal,COUPON048,45.61,EUR
4909,2024-03-17T07:46:27Z,2024-03-17,19317,454,Franchise,Cash,COUPON024,38.37,EUR
4910,2023-06-12T21:46:59Z,2023-06-12,4956,3492,Franchise,Afterpay,COUPON035,42.98,USD
4911,2024-01-21T12:59:27Z,2024-01-21,71912,3608,Online,Afterpay,COUPON044,19.88,AUD
4912,2023-06-16T17:04:29Z,2023-06-16,41299,170,Franchise,Gift Card,COUPON019,30.54,EUR
4913,2024-02-21T05:31:47Z,2024-02-21,73360,3534,Online,Credit Card,COUPON049,10.15,AUD
4914,2023-02-14T12:57:56Z,2023-02-14,56654,893,Online,Afterpay,COUPON048,36.26,AUD
4915,2023-05-23T18:53:56Z,2023-05-23,60810,3420,Online,Gift Card,COUPON029,16.42,AUD
4916,2023-01-14T13:14:41Z,2023-01-14,8531,274,Retail,Afterpay,COUPON035,35.93,AUD
4917,2024-07-15T02:03:22Z,2024-07-15,69347,1413,Franchise,Gift Card,COUPON008,27.44,AUD
4918,2024-04-01T06:27:25Z,2024-04-01,41181,112,Retail,PayPal,COUPON047,13.57,USD
4919,2024-06-16T12:27:00Z,2024-06-16,20145,2339,Franchise,Gift Card,COUPON041,39.66,AUD
4920,2023-02-13T11:39:33Z,2023-02-13,41086,4673,Franchise,Gift Card,COUPON014,22.84,AUD
4921,2024-01-05T13:58:45Z,2024-01-05,65160,1512,Online,PayPal,COUPON025,23.30,AUD
4922,2024-06-30T23:11:45Z,2024-06-30,17176,2211,Franchise,Afterpay,,9.07,AUD
4923,2023-09-16T13:32:15Z,2023-09-16,71546,2582,Franchise,Gift Card,COUPON038,44.58,EUR
4924,2023-10-27T18:11:31Z,2023-10-27,6533,1539,Franchise,Cash,COUPON039,35.37,EUR
4925,2023-12-18T05:16:41Z,2023-12-18,71823,4098,Franchise,Cash,COUPON034,42.47,AUD
4926,2023-10-04T03:30:20Z,2023-10-04,15686,2771,Franchise,PayPal,COUPON045,11.21,AUD
4927,2024-08-07T17:05:07Z,2024-08-07,40364,4835,Retail,PayPal,COUPON022,24.75,AUD
4928,2024-06-29T05:19:44Z,2024-06-29,27759,2782,Online,Gift Card,COUPON037,31.16,USD
4929,2024-02-13T12:47:25Z,2024-02-13,45254,46,Retail,PayPal,COUPON002,30.18,USD
4930,2024-06-29T15:09:51Z,2024-06-29,31106,151,Online,Gift Card,COUPON014,8.26,AUD
4931,2023-01-30T20:23:28Z,2023-01-30,52114,416,Online,Gift Card,COUPON043,41.57,AUD
4932,2023-10-07T13:36:13Z,2023-10-07,15173,284,Retail,Gift Card,COUPON042,31.23,AUD
4933,2023-06-25T00:00:36Z,2023-06-25,53997,210,Online,PayPal,COUPON034,5.69,USD
4934,2024-01-21T07:36:04Z,2024-01-21,34539,1260,Online,Cash,COUPON050,47.17,EUR
4935,2024-08-13T06:32:08Z,2024-08-13,23802,3856,Online,Afterpay,COUPON038,3.42,USD
4936,2024-09-20T12:31:41Z,2024-09-20,67945,1195,Retail,Gift Card,COUPON045,3.04,USD
4937,2023-08-11T20:57:41Z,2023-08-11,15398,2329,Retail,Afterpay,COUPON025,33.39,EUR
4938,2023-07-14T02:41:02Z,2023-07-14,15371,199,Online,Cash,COUPON015,32.57,EUR
4939,2023-12-10T00:02:47Z,2023-12-10,79651,1986,Online,Gift Card,COUPON024,10.37,EUR
4940,2023-07-08T07:02:30Z,2023-07-08,26039,2247,Retail,Credit Card,COUPON050,28.86,AUD
4941,2023-01-30T22:04:51Z,2023-01-30,11090,3365,Franchise,Credit Card,COUPON011,49.77,AUD
4942,2024-05-25T00:57:02Z,2024-05-25,60865,840,Retail,Gift Card,COUPON001,26.80,EUR
4943,2024-02-10T22:00:37Z,2024-02-10,43773,1559,Retail,PayPal,COUPON023,17.90,USD
4944,2023-12-17T16:16:30Z,2023-12-17,47730,910,Online,Credit Card,COUPON026,36.56,AUD
4945,2023-06-11T15:48:17Z,2023-06-11,38858,2126,Online,Afterpay,COUPON015,36.51,USD
4946,2024-04-16T07:09:24Z,2024-04-16,10942,981,Online,Afterpay,COUPON034,21.80,EUR
4947,2024-08-14T02:46:41Z,2024-08-14,76145,2157,Retail,Afterpay,COUPON041,33.71,AUD
4948,2023-02-05T10:17:06Z,2023-02-05,27343,4405,Online,Gift Card,COUPON023,25.16,EUR
4949,2023-01-11T23:53:16Z,2023-01-11,35659,634,Online,Credit Card,COUPON027,12.24,AUD
4950,2024-03-20T15:39:51Z,2024-03-20,50091,3499,Online,Gift Card,COUPON003,18.11,USD
4951,2023-09-03T01:05:02Z,2023-09-03,45898,390,Online,Gift Card,COUPON009,17.37,USD
4952,2024-01-20T13:24:31Z,2024-01-20,2827,2456,Franchise,PayPal,COUPON002,43.46,AUD
4953,2023-08-28T12:08:21Z,2023-08-28,14229,960,Retail,Credit Card,COUPON019,11.83,AUD
4954,2024-08-21T08:17:34Z,2024-08-21,34109,685,Retail,PayPal,COUPON037,45.46,AUD
4955,2024-06-16T17:40:20Z,2024-06-16,41017,157,Retail,Cash,COUPON040,41.28,EUR
4956,2024-01-15T07:24:48Z,2024-01-15,76979,2037,Online,Gift Card,COUPON050,30.35,EUR
4957,2023-01-21T17:17:04Z,2023-01-21,47652,3668,Retail,Gift Card,COUPON002,8.65,AUD
4958,2023-04-26T01:40:02Z,2023-04-26,65813,2845,Online,Credit Card,COUPON049,24.58,USD
4959,2023-03-19T21:17:37Z,2023-03-19,34437,1049,Franchise,PayPal,COUPON011,44.40,EUR
4960,2023-12-03T23:38:17Z,2023-12-03,9623,4553,Online,Afterpay,COUPON007,41.75,EUR
4961,2023-10-29T16:55:52Z,2023-10-29,34261,879,Online,Cash,COUPON045,45.63,USD
4962,2024-05-07T20:16:47Z,2024-05-07,17513,2133,Retail,PayPal,COUPON007,30.43,EUR
4963,2023-12-24T13:01:08Z,2023-12-24,11094,1374,Retail,PayPal,COUPON009,41.45,EUR
4964,2023-07-11T12:40:47Z,2023-07-11,38972,1402,Franchise,Gift Card,COUPON014,37.15,EUR
4965,2023-09-13T03:31:05Z,2023-09-13,14172,2912,Online,PayPal,COUPON024,20.79,USD
4966,2024-03-15T03:27:40Z,2024-03-15,50863,1194,Online,Afterpay,COUPON049,7.17,USD
4967,2023-01-20T10:59:49Z,2023-01-20,41734,4819,Online,Credit Card,COUPON049,44.60,EUR
4968,2023-02-24T01:22:48Z,2023-02-24,1144,1940,Retail,Gift Card,COUPON038,13.70,USD
4969,2023-03-01T15:18:34Z,2023-03-01,20055,4136,Retail,Afterpay,COUPON005,44.67,USD
4970,2023-11-11T18:29:57Z,2023-11-11,43066,4410,Online,Credit Card,COUPON020,27.49,AUD
4971,2023-05-25T16:02:45Z,2023-05-25,49809,3164,Franchise,Credit Card,COUPON050,8.75,AUD
4972,2024-02-18T15:34:34Z,2024-02-18,49258,3968,Franchise,Credit Card,COUPON046,4.67,EUR
4973,2023-01-06T08:19:39Z,2023-01-06,60338,724,Retail,PayPal,COUPON040,0.43,EUR
4974,2023-07-27T16:35:06Z,2023-07-27,67511,3128,Retail,Afterpay,COUPON041,26.16,AUD
4975,2024-04-09T04:30:00Z,2024-04-09,29935,2310,Franchise,Cash,COUPON036,14.94,AUD
4976,2023-05-13T10:41:34Z,2023-05-13,49900,4450,Retail,Credit Card,COUPON036,47.06,AUD
4977,2023-05-14T23:07:49Z,2023-05-14,55116,2527,Retail,Credit Card,COUPON023,28.83,USD
4978,2023-01-19T19:42:53Z,2023-01-19,28817,2348,Franchise,Gift Card,COUPON025,15.89,AUD
4979,2023-11-15T09:13:54Z,2023-11-15,56344,4233,Online,Credit Card,COUPON030,1.95,AUD
4980,2023-09-28T02:18:07Z,2023-09-28,29383,4575,Franchise,PayPal,COUPON030,38.31,USD
4981,2024-09-05T15:04:30Z,2024-09-05,24765,2556,Franchise,Gift Card,COUPON007,40.82,USD
4982,2024-09-05T01:52:00Z,2024-09-05,75409,4619,Online,Credit Card,COUPON043,43.12,AUD
4983,2024-08-21T11:11:41Z,2024-08-21,68024,2835,Online,PayPal,COUPON025,45.47,AUD
4984,2023-09-11T07:04:59Z,2023-09-11,76273,251,Franchise,Credit Card,COUPON009,40.40,USD
4985,2024-02-10T22:42:22Z,2024-02-10,68764,1689,Franchise,Cash,COUPON039,40.16,AUD
4986,2024-08-24T01:43:37Z,2024-08-24,19080,1894,Franchise,Afterpay,COUPON018,3.15,EUR
4987,2023-11-18T11:55:02Z,2023-11-18,62992,2987,Franchise,Credit Card,COUPON031,20.90,USD
4988,2024-04-14T07:16:38Z,2024-04-14,67121,4851,Online,PayPal,COUPON048,6.13,AUD
4989,2024-03-29T22:29:47Z,2024-03-29,64621,1443,Online,Gift Card,COUPON013,43.21,USD
4990,2024-03-15T19:57:25Z,2024-03-15,38569,2017,Retail,Afterpay,COUPON008,3.84,USD
4991,2024-05-24T11:19:38Z,2024-05-24,68787,1249,Franchise,Credit Card,COUPON034,47.26,AUD
4992,2023-10-25T09:58:51Z,2023-10-25,14726,1661,Online,PayPal,COUPON019,3.31,EUR
4993,2023-06-19T22:09:06Z,2023-06-19,19088,1732,Retail,Gift Card,COUPON042,7.53,AUD
4994,2023-01-26T21:34:57Z,2023-01-26,45865,221,Online,Cash,COUPON023,10.10,USD
4995,2023-04-20T00:41:05Z,2023-04-20,4926,4175,Franchise,Cash,COUPON048,23.93,USD
4996,2024-09-15T19:15:29Z,2024-09-15,56754,1554,Online,PayPal,COUPON004,18.11,AUD
4997,2024-04-19T11:14:01Z,2024-04-19,20037,829,Online,Afterpay,COUPON024,2.98,AUD
4998,2024-09-08T03:13:54Z,2024-09-08,76931,3663,Retail,Cash,COUPON018,35.03,USD
4999,2023-12-25T14:15:59Z,2023-12-25,25258,4871,Online,Gift Card,COUPON036,29.68,EUR
5000,2024-01-23T02:02:17Z,2024-01-23,41118,4359,Franchise,Cash,COUPON001,48.38,USD
5001,2024-06-16T05:40:28Z,2024-06-16,46612,1418,Retail,Cash,COUPON035,17.19,USD
5002,2023-08-13T21:35:35Z,2023-08-13,21158,3078,Franchise,Cash,COUPON017,17.59,AUD
5003,2023-09-04T20:57:20Z,2023-09-04,80507,5295,Retail,Afterpay,COUPON020,2.77,EUR
5004,2024-07-31T03:44:48Z,2024-07-31,18808,2782,Online,Credit Card,COUPON006,44.51,AUD
5005,2024-07-26T08:20:19Z,2024-07-26,23724,3855,Retail,Gift Card,COUPON001,29.42,USD
5006,2024-01-23T09:49:55Z,2024-01-23,12763,4387,Franchise,Credit Card,COUPON010,5.47,EUR
5007,2024-04-01T23:41:06Z,2024-04-01,7722,3828,Retail,PayPal,COUPON022,14.72,AUD
5008,2023-04-21T01:52:18Z,2023-04-21,26387,3911,Franchise,Credit Card,COUPON049,39.52,USD
5009,2024-02-08T03:37:57Z,2024-02-08,50257,3239,Retail,Gift Card,COUPON038,9.41,AUD
5010,2023-10-19T23:40:20Z,2023-10-19,45184,2549,Online,Cash,COUPON014,22.06,USD
5011,2024-03-05T19:38:17Z,2024-03-05,41981,3122,Retail,Credit Card,COUPON012,23.49,EUR
5012,2024-04-04T07:21:11Z,2024-04-04,26215,3259,Franchise,Afterpay,COUPON038,26.70,EUR
5013,2023-01-04T12:49:56Z,2023-01-04,9869,2548,Retail,Gift Card,COUPON017,29.57,AUD
5014,2023-08-30T06:22:48Z,2023-08-30,22201,909,Franchise,Cash,COUPON008,22.42,EUR
5015,2023-10-14T00:21:56Z,2023-10-14,76334,1043,Online,PayPal,COUPON049,31.88,USD
5016,2024-07-21T21:55:04Z,2024-07-21,61701,3576,Retail,Gift Card,COUPON027,9.88,AUD
5017,2024-02-16T02:30:23Z,2024-02-16,56658,1835,Retail,Cash,COUPON046,20.97,USD
5018,2023-09-25T23:16:34Z,2023-09-25,41992,3124,Franchise,Cash,COUPON044,11.72,AUD
5019,2023-05-31T05:16:19Z,2023-05-31,46904,855,Online,Gift Card,COUPON018,16.61,USD
5020,2023-10-15T20:32:47Z,2023-10-15,47330,2821,Online,Gift Card,COUPON046,40.64,EUR
5021,2023-09-21T12:33:10Z,2023-09-21,76778,4076,Online,Gift Card,COUPON013,17.01,AUD
5022,2024-05-15T21:18:55Z,2024-05-15,15239,1573,Retail,PayPal,COUPON013,27.09,USD
5023,2023-07-16T22:47:44Z,2023-07-16,63743,4765,Retail,Gift Card,COUPON038,20.50,EUR
5024,2024-03-06T23:44:02Z,2024-03-06,17007,3739,Online,Afterpay,COUPON023,9.40,EUR
5025,2024-08-11T11:53:17Z,2024-08-11,69616,345,Online,PayPal,COUPON035,40.07,AUD
5026,2023-05-18T12:06:18Z,2023-05-18,17008,3372,Retail,Afterpay,COUPON024,45.44,EUR
5027,2024-10-01T17:45:50Z,2024-10-01,14932,1294,Online,PayPal,COUPON041,24.70,USD
5028,2023-09-21T21:22:02Z,2023-09-21,71216,3935,Retail,Afterpay,COUPON020,29.17,USD
5029,2023-09-25T10:31:20Z,2023-09-25,21285,1305,Retail,PayPal,COUPON013,5.87,EUR
5030,2023-05-01T12:47:37Z,2023-05-01,60218,868,Online,Afterpay,COUPON036,20.47,EUR
5031,2023-03-24T18:57:29Z,2023-03-24,32010,1554,Retail,PayPal,COUPON027,40.28,USD
5032,2023-08-17T21:05:36Z,2023-08-17,30606,121,Franchise,PayPal,COUPON017,12.47,USD
5033,2024-07-26T09:44:00Z,2024-07-26,55510,4968,Franchise,Gift Card,COUPON007,9.25,AUD
5034,2023-02-07T04:11:42Z,2023-02-07,33860,3885,Online,PayPal,COUPON046,45.90,AUD
5035,2024-08-22T15:16:11Z,2024-08-22,3228,2870,Retail,Credit Card,COUPON020,27.20,EUR
5036,2023-05-02T15:37:15Z,2023-05-02,40154,2817,Retail,Cash,COUPON040,6.52,EUR
5037,2023-07-17T08:10:24Z,2023-07-17,72985,1082,Online,Credit Card,COUPON009,14.50,AUD
5038,2023-07-23T03:36:54Z,2023-07-23,17132,2418,Franchise,Gift Card,COUPON023,33.66,AUD
5039,2023-11-07T16:57:41Z,2023-11-07,2928,286,Retail,Cash,COUPON012,37.52,AUD
5040,2023-07-03T18:25:02Z,2023-07-03,78021,1044,Franchise,Credit Card,COUPON034,8.20,USD
5041,2023-08-06T14:41:33Z,2023-08-06,56780,4945,Franchise,Gift Card,COUPON019,17.92,AUD
5042,2023-01-16T14:07:12Z,2023-01-16,44638,3698,Franchise,Afterpay,COUPON018,4.50,USD
5043,2023-12-20T19:16:52Z,2023-12-20,56940,3318,Retail,Gift Card,COUPON046,15.47,USD
5044,2024-03-16T00:05:32Z,2024-03-16,8882,219,Franchise,Gift Card,COUPON047,12.04,USD
5045,2024-05-30T05:01:18Z,2024-05-30,74449,214,Online,PayPal,COUPON043,48.84,USD
5046,2024-05-06T15:20:19Z,2024-05-06,41459,3227,Retail,Afterpay,COUPON046,21.18,AUD
5047,2024-06-16T21:40:01Z,2024-06-16,28120,2619,Franchise,Gift Card,COUPON041,43.14,AUD
5048,2023-08-12T10:19:30Z,2023-08-12,11302,3956,Retail,Credit Card,COUPON026,35.88,AUD
5049,2023-05-02T02:49:41Z,2023-05-02,17418,4750,Online,Credit Card,COUPON030,3.71,USD
5050,2024-06-19T23:22:20Z,2024-06-19,7247,2484,Retail,Gift Card,COUPON032,7.09,USD
5051,2023-11-03T08:07:50Z,2023-11-03,50630,1645,Franchise,PayPal,COUPON008,5.49,EUR
5052,2023-12-02T00:12:36Z,2023-12-02,57846,1242,Online,Afterpay,COUPON046,24.88,EUR
5053,2023-06-17T19:50:18Z,2023-06-17,59298,4085,Online,Cash,COUPON039,46.04,AUD
5054,2023-07-21T01:02:37Z,2023-07-21,27601,3702,Online,PayPal,COUPON032,3.33,EUR
5055,2023-05-25T19:32:07Z,2023-05-25,41047,3388,Franchise,PayPal,COUPON018,2.85,USD
5056,2023-05-11T04:31:04Z,2023-05-11,54653,3804,Franchise,Cash,COUPON039,37.06,EUR
5057,2023-09-28T11:48:44Z,2023-09-28,38197,4016,Online,Credit Card,COUPON013,46.92,USD
5058,2023-05-16T15:51:29Z,2023-05-16,78360,2865,Online,Cash,COUPON005,13.14,AUD
5059,2023-08-19T07:43:51Z,2023-08-19,2822,3849,Franchise,Cash,COUPON021,22.46,AUD
5060,2023-12-19T10:15:41Z,2023-12-19,64051,112,Online,Gift Card,COUPON005,0.96,AUD
5061,2024-08-23T15:14:55Z,2024-08-23,71232,876,Retail,Cash,COUPON015,20.31,AUD
5062,2024-01-07T04:22:25Z,2024-01-07,15356,4846,Online,PayPal,COUPON003,18.37,USD
5063,2023-02-17T04:57:37Z,2023-02-17,4122,2745,Online,Cash,COUPON011,43.78,USD
5064,2024-04-29T06:51:03Z,2024-04-29,46551,4451,Online,PayPal,COUPON009,22.18,USD
5065,2024-07-01T21:44:08Z,2024-07-01,62287,4743,Franchise,Gift Card,COUPON040,28.01,AUD
5066,2023-05-15T08:23:27Z,2023-05-15,39565,2884,Online,Gift Card,COUPON010,42.44,EUR
5067,2023-08-09T08:39:10Z,2023-08-09,8269,1824,Retail,Afterpay,COUPON010,43.80,EUR
5068,2023-11-28T19:15:13Z,2023-11-28,67991,4609,Retail,Credit Card,COUPON047,25.62,USD
5069,2023-10-12T04:41:36Z,2023-10-12,38209,731,Franchise,Cash,COUPON014,43.21,AUD
5070,2024-01-30T11:57:25Z,2024-01-30,3784,2452,Online,Credit Card,COUPON002,8.62,USD
5071,2023-12-07T13:02:59Z,2023-12-07,74541,3504,Online,PayPal,COUPON008,3.92,AUD
5072,2023-03-04T03:32:06Z,2023-03-04,76321,58,Franchise,Afterpay,COUPON022,9.39,AUD
5073,2024-06-12T02:36:18Z,2024-06-12,23136,4775,Retail,Cash,COUPON027,1.15,EUR
5074,2023-03-30T15:32:03Z,2023-03-30,50408,41,Retail,Cash,COUPON036,27.94,USD
5075,2024-04-10T00:27:01Z,2024-04-10,60049,4324,Franchise,Afterpay,COUPON029,39.03,EUR
5076,2023-11-18T17:59:55Z,2023-11-18,11264,2651,Retail,PayPal,COUPON043,43.50,EUR
5077,2023-08-19T15:42:11Z,2023-08-19,45996,2402,Online,Cash,COUPON005,13.66,USD
5078,2024-09-19T17:55:05Z,2024-09-19,46157,4120,Retail,Credit Card,COUPON028,48.33,AUD
5079,2023-09-18T13:46:50Z,2023-09-18,65015,1040,Retail,Gift Card,COUPON015,25.62,AUD
5080,2023-09-28T18:06:57Z,2023-09-28,11374,3364,Online,Gift Card,COUPON042,47.18,AUD
5081,2023-11-25T11:05:03Z,2023-11-25,19976,1691,Retail,Gift Card,COUPON001,23.34,USD
5082,2023-12-31T12:49:43Z,2023-12-31,67099,3003,Retail,PayPal,COUPON006,28.29,EUR
5083,2023-10-02T20:18:23Z,2023-10-02,48941,4156,Franchise,Gift Card,COUPON030,33.11,EUR
5084,2024-02-15T12:02:03Z,2024-02-15,47264,4918,Franchise,Afterpay,COUPON025,44.70,AUD
5085,2023-05-26T18:04:56Z,2023-05-26,5755,1050,Online,Cash,COUPON026,22.84,AUD
5086,2024-01-12T12:05:12Z,2024-01-12,52019,34,Retail,Gift Card,COUPON042,33.18,AUD
5087,2024-05-18T05:10:53Z,2024-05-18,67839,1840,Franchise,PayPal,COUPON046,17.64,AUD
5088,2024-09-21T03:01:26Z,2024-09-21,15992,441,Retail,Gift Card,COUPON025,19.09,USD
5089,2023-07-04T11:07:31Z,2023-07-04,44780,2275,Franchise,Credit Card,COUPON043,27.90,EUR
5090,2023-11-25T16:10:15Z,2023-11-25,12333,3194,Online,Gift Card,COUPON039,5.35,EUR
5091,2023-08-13T17:53:09Z,2023-08-13,55517,1119,Retail,Afterpay,COUPON024,28.05,AUD
5092,2023-03-03T16:28:23Z,2023-03-03,48169,182,Online,Afterpay,COUPON037,42.86,AUD
5093,2024-09-28T18:48:17Z,2024-09-28,3001,2487,Online,PayPal,COUPON011,4.12,AUD
5094,2023-08-03T18:12:32Z,2023-08-03,64345,160,Online,Afterpay,COUPON021,47.10,EUR
5095,2023-07-17T04:16:17Z,2023-07-17,22792,1799,Online,Cash,COUPON045,14.61,EUR
5096,2023-06-17T08:30:32Z,2023-06-17,48253,3857,Retail,Afterpay,COUPON033,8.06,USD
5097,2024-08-21T07:40:03Z,2024-08-21,40632,1387,Retail,PayPal,COUPON038,35.84,AUD
5098,2023-03-01T04:17:22Z,2023-03-01,13219,2023,Retail,Credit Card,COUPON037,47.74,USD
5099,2023-10-23T00:48:59Z,2023-10-23,61463,1708,Online,PayPal,COUPON010,9.75,EUR
5100,2023-05-24T21:06:48Z,2023-05-24,57882,333,Online,Credit Card,COUPON003,15.40,EUR
5101,2024-08-16T02:46:54Z,2024-08-16,33738,4297,Online,Cash,COUPON016,37.02,AUD
5102,2023-02-14T06:17:28Z,2023-02-14,39684,3443,Retail,Credit Card,COUPON030,37.89,USD
5103,2023-06-16T20:41:36Z,2023-06-16,32505,1326,Retail,PayPal,COUPON035,2.11,EUR
5104,2024-08-17T08:56:16Z,2024-08-17,44075,1820,Online,Afterpay,COUPON040,42.80,AUD
5105,2024-09-03T01:07:18Z,2024-09-03,63838,855,Online,Credit Card,COUPON007,24.92,AUD
5106,2024-10-01T15:23:53Z,2024-10-01,63744,3777,Online,Afterpay,COUPON002,28.82,EUR
5107,2024-07-04T19:55:26Z,2024-07-04,74358,1219,Retail,Afterpay,COUPON042,29.17,EUR
5108,2024-03-08T13:59:04Z,2024-03-08,18292,2172,Retail,Credit Card,COUPON005,31.87,EUR
5109,2024-06-23T02:04:06Z,2024-06-23,79128,1900,Retail,Gift Card,COUPON019,44.81,EUR
5110,2023-06-10T08:26:00Z,2023-06-10,5975,4805,Online,Gift Card,COUPON011,8.16,EUR
5111,2023-03-23T17:06:15Z,2023-03-23,38573,3910,Online,Afterpay,COUPON017,18.17,USD
5112,2024-06-25T07:18:29Z,2024-06-25,57599,1079,Online,Afterpay,COUPON047,37.67,AUD
5113,2023-04-07T02:21:02Z,2023-04-07,70802,1610,Retail,Credit Card,COUPON038,42.17,EUR
5114,2024-01-01T11:03:49Z,2024-01-01,24984,4344,Franchise,Afterpay,COUPON024,14.67,USD
5115,2024-06-09T06:23:18Z,2024-06-09,19054,2017,Franchise,Afterpay,COUPON016,48.33,EUR
5116,2024-09-02T02:47:17Z,2024-09-02,10086,4767,Online,Afterpay,COUPON042,48.48,AUD
5117,2023-03-08T16:04:37Z,2023-03-08,21110,2266,Retail,Afterpay,COUPON023,4.72,USD
5118,2023-03-01T22:09:17Z,2023-03-01,70262,1412,Online,PayPal,COUPON044,8.41,USD
5119,2023-10-11T22:37:13Z,2023-10-11,67846,2385,Online,Gift Card,COUPON040,47.86,AUD
5120,2023-06-30T21:22:54Z,2023-06-30,25429,1714,Retail,Cash,COUPON018,10.16,AUD
5121,2023-08-13T06:36:26Z,2023-08-13,52933,123,Retail,Cash,,21.55,USD
5122,2024-05-08T17:14:22Z,2024-05-08,57703,2795,Retail,Credit Card,COUPON038,18.84,USD
5123,2024-04-17T13:05:41Z,2024-04-17,52276,4205,Online,PayPal,COUPON050,49.21,AUD
5124,2024-08-13T00:39:10Z,2024-08-13,47129,2095,Retail,Afterpay,COUPON016,35.19,USD
5125,2023-04-02T00:28:41Z,2023-04-02,11988,150,Franchise,Afterpay,COUPON030,26.71,USD
5126,2024-07-16T10:41:23Z,2024-07-16,10492,1126,Online,Cash,COUPON026,29.56,USD
5127,2023-09-08T07:17:51Z,2023-09-08,38656,448,Retail,PayPal,COUPON013,37.40,AUD
5128,2024-07-25T14:17:14Z,2024-07-25,26968,3030,Online,Cash,COUPON024,27.65,AUD
5129,2023-12-25T22:21:16Z,2023-12-25,35139,1896,Retail,PayPal,COUPON045,33.51,EUR
5130,2023-01-06T03:30:49Z,2023-01-06,75879,711,Online,Cash,COUPON037,10.61,USD
5131,2023-04-14T16:58:19Z,2023-04-14,11219,2250,Franchise,Credit Card,COUPON033,3.59,USD
5132,2023-02-13T06:45:31Z,2023-02-13,78228,1030,Retail,Credit Card,COUPON001,20.06,EUR
5133,2024-06-12T19:12:47Z,2024-06-12,29520,1553,Online,PayPal,COUPON020,32.16,EUR
5134,2023-02-02T15:24:25Z,2023-02-02,19195,692,Retail,Credit Card,COUPON049,18.63,USD
5135,2024-01-31T00:36:47Z,2024-01-31,8003,4569,Franchise,PayPal,COUPON020,47.98,EUR
5136,2023-09-24T02:54:19Z,2023-09-24,3766,3540,Franchise,Credit Card,COUPON034,14.73,USD
5137,2023-02-05T10:16:52Z,2023-02-05,63592,2939,Retail,Gift Card,COUPON007,27.54,AUD
5138,2024-04-18T07:40:07Z,2024-04-18,52816,3591,Retail,Cash,COUPON002,7.16,EUR
5139,2024-04-18T23:18:44Z,2024-04-18,15875,716,Online,Gift Card,COUPON024,46.54,USD
5140,2023-04-28T17:58:16Z,2023-04-28,14193,2250,Online,Gift Card,COUPON018,39.29,USD
5141,2023-08-09T21:49:37Z,2023-08-09,37602,1212,Franchise,PayPal,COUPON004,1.25,EUR
5142,2023-03-31T12:56:46Z,2023-03-31,74532,1207,Franchise,PayPal,COUPON035,13.93,USD
5143,2024-05-29T02:46:40Z,2024-05-29,9012,2846,Franchise,Afterpay,COUPON004,22.12,EUR
5144,2023-08-10T19:38:54Z,2023-08-10,50197,841,Retail,Cash,COUPON031,34.71,AUD
5145,2024-03-25T08:09:41Z,2024-03-25,40424,2738,Retail,PayPal,COUPON002,8.69,AUD
5146,2024-07-18T09:15:42Z,2024-07-18,12672,3747,Retail,PayPal,COUPON023,21.92,AUD
5147,2023-05-04T00:30:26Z,2023-05-04,18095,4888,Online,Afterpay,COUPON033,28.62,EUR
5148,2023-04-12T19:31:14Z,2023-04-12,17312,4594,Retail,PayPal,COUPON036,14.06,AUD
5149,2023-11-21T17:40:36Z,2023-11-21,19876,390,Franchise,Afterpay,COUPON024,45.44,USD
5150,2023-02-17T11:31:22Z,2023-02-17,1060,4407,Retail,Afterpay,COUPON033,20.54,AUD
5151,2024-03-01T18:00:42Z,2024-03-01,75164,1780,Online,Afterpay,COUPON025,48.32,EUR
5152,2024-09-14T13:30:41Z,2024-09-14,62251,2355,Online,Cash,COUPON003,46.68,AUD
5153,2024-09-30T17:04:00Z,2024-09-30,54040,3759,Franchise,Afterpay,COUPON027,16.67,EUR
5154,2024-04-30T01:01:42Z,2024-04-30,269,3701,Online,PayPal,COUPON035,45.48,USD
5155,2023-01-23T19:43:19Z,2023-01-23,68757,1837,Franchise,Cash,COUPON024,26.16,AUD
5156,2023-02-05T02:15:22Z,2023-02-05,1847,237,Retail,Afterpay,COUPON018,39.47,AUD
5157,2023-12-15T08:19:45Z,2023-12-15,47245,4190,Franchise,Credit Card,COUPON036,8.65,AUD
5158,2023-12-18T17:45:29Z,2023-12-18,17747,201,Franchise,Cash,COUPON003,8.85,USD
5159,2023-03-29T19:30:56Z,2023-03-29,575,4155,Franchise,Credit Card,COUPON034,29.25,EUR
5160,2024-05-14T00:29:02Z,2024-05-14,37662,1841,Franchise,PayPal,COUPON015,40.88,USD
5161,2024-09-10T23:38:02Z,2024-09-10,54239,3729,Franchise,Cash,COUPON015,22.68,EUR
5162,2024-02-05T17:50:16Z,2024-02-05,34396,460,Retail,PayPal,COUPON035,38.13,AUD
5163,2023-12-26T16:14:22Z,2023-12-26,24516,4657,Online,Gift Card,COUPON047,8.22,AUD
5164,2023-04-13T14:44:42Z,2023-04-13,3585,312,Online,Gift Card,COUPON007,40.23,USD
5165,2023-06-21T19:36:33Z,2023-06-21,2818,3074,Retail,Credit Card,COUPON044,7.68,EUR
5166,2024-05-15T05:48:08Z,2024-05-15,77949,152,Online,Credit Card,COUPON050,1.41,EUR
5167,2024-04-17T20:33:12Z,2024-04-17,52896,4553,Franchise,Gift Card,COUPON012,46.59,USD
5168,2024-04-22T09:20:23Z,2024-04-22,13745,2082,Retail,Cash,COUPON046,8.89,EUR
5169,2023-02-28T17:17:45Z,2023-02-28,49397,544,Retail,PayPal,COUPON039,5.14,EUR
5170,2023-01-25T03:52:36Z,2023-01-25,25033,4425,Online,Afterpay,COUPON035,14.80,EUR
5171,2024-08-21T10:44:10Z,2024-08-21,30319,262,Online,Afterpay,COUPON022,16.94,AUD
5172,2024-01-10T12:41:15Z,2024-01-10,7837,1855,Retail,PayPal,COUPON047,24.40,AUD
5173,2023-11-11T17:48:34Z,2023-11-11,6485,1734,Online,Credit Card,COUPON029,10.37,AUD
5174,2024-01-28T14:11:06Z,2024-01-28,67641,1951,Franchise,Cash,COUPON033,3.66,AUD
5175,2023-02-03T15:37:20Z,2023-02-03,63124,1932,Online,Credit Card,COUPON011,36.07,EUR
5176,2024-08-26T03:30:33Z,2024-08-26,801,4560,Franchise,Cash,,47.64,USD
5177,2024-07-26T21:44:37Z,2024-07-26,37882,1330,Franchise,Afterpay,COUPON041,16.07,EUR
5178,2024-07-27T15:43:53Z,2024-07-27,75698,973,Franchise,PayPal,COUPON046,11.51,AUD
5179,2023-12-19T04:52:41Z,2023-12-19,34697,1951,Franchise,Credit Card,COUPON011,10.53,EUR
5180,2024-07-24T19:28:11Z,2024-07-24,10260,3610,Retail,Gift Card,COUPON034,44.97,AUD
5181,2023-11-14T20:45:50Z,2023-11-14,31219,3894,Retail,Gift Card,COUPON037,30.39,AUD
5182,2024-03-21T17:47:41Z,2024-03-21,48860,4143,Online,Cash,COUPON029,10.00,EUR
5183,2023-01-18T09:20:37Z,2023-01-18,87081,5984,Online,Gift Card,COUPON031,13.38,AUD
5184,2024-05-05T00:26:14Z,2024-05-05,17288,2479,Retail,Cash,,48.78,AUD
5185,2023-03-20T22:39:09Z,2023-03-20,11705,997,Franchise,Afterpay,COUPON012,43.30,EUR
5186,2023-05-20T10:16:37Z,2023-05-20,3690,2993,Retail,PayPal,COUPON049,17.48,EUR
5187,2023-07-26T12:00:00Z,2023-07-26,66809,1671,Retail,PayPal,COUPON020,20.11,USD
5188,2024-04-02T05:47:30Z,2024-04-02,69815,3135,Franchise,Cash,COUPON050,47.31,AUD
5189,2023-07-18T18:35:29Z,2023-07-18,21530,1706,Franchise,Credit Card,COUPON049,49.74,EUR
5190,2024-07-24T21:16:21Z,2024-07-24,24540,457,Retail,PayPal,COUPON011,7.07,AUD
5191,2023-12-26T17:44:57Z,2023-12-26,79475,2223,Online,PayPal,COUPON006,9.65,EUR
5192,2024-01-10T06:59:02Z,2024-01-10,20942,3158,Online,Afterpay,COUPON050,16.50,USD
5193,2023-11-22T10:45:15Z,2023-11-22,55686,3766,Franchise,Afterpay,COUPON013,29.25,AUD
5194,2024-06-13T08:01:18Z,2024-06-13,14943,3030,Franchise,Afterpay,COUPON032,30.05,USD
5195,2023-04-28T18:23:44Z,2023-04-28,58846,2427,Franchise,PayPal,COUPON049,23.75,USD
5196,2024-07-13T03:36:22Z,2024-07-13,49255,2646,Retail,Gift Card,COUPON020,28.51,USD
5197,2024-02-14T08:46:52Z,2024-02-14,9666,1852,Retail,Credit Card,COUPON029,19.43,USD
5198,2023-03-03T00:29:21Z,2023-03-03,3211,2067,Retail,Credit Card,COUPON001,25.68,EUR
5199,2024-09-07T03:07:17Z,2024-09-07,83528,5227,Franchise,Cash,COUPON030,29.38,EUR
5200,2023-03-25T04:21:15Z,2023-03-25,54328,1256,Online,Afterpay,COUPON037,19.34,AUD
5201,2023-02-06T04:40:44Z,2023-02-06,73419,1765,Retail,Credit Card,COUPON004,16.66,EUR
5202,2023-02-06T05:44:54Z,2023-02-06,29753,1168,Franchise,Gift Card,COUPON018,49.98,USD
5203,2023-05-27T17:41:52Z,2023-05-27,70462,3644,Online,Credit Card,COUPON010,13.43,USD
5204,2024-06-27T15:35:08Z,2024-06-27,22210,957,Retail,Cash,COUPON015,15.23,USD
5205,2024-08-30T14:24:06Z,2024-08-30,19666,1386,Franchise,Credit Card,COUPON020,25.36,USD
5206,2024-07-16T06:12:19Z,2024-07-16,59140,991,Online,PayPal,COUPON010,1.77,AUD
5207,2023-09-09T20:28:55Z,2023-09-09,64902,3565,Franchise,Afterpay,COUPON011,17.29,USD
5208,2023-09-14T07:05:55Z,2023-09-14,59757,2196,Retail,Afterpay,COUPON037,42.59,EUR
5209,2023-01-31T11:30:45Z,2023-01-31,19881,1725,Online,Cash,COUPON026,18.64,EUR
5210,2024-04-25T16:27:42Z,2024-04-25,62522,2147,Online,Afterpay,COUPON026,34.43,EUR
5211,2023-08-02T05:13:34Z,2023-08-02,81040,5678,Retail,Credit Card,COUPON030,21.20,USD
5212,2023-08-23T07:43:27Z,2023-08-23,11662,88,Online,Credit Card,COUPON032,47.36,EUR
5213,2023-12-29T04:33:14Z,2023-12-29,26924,2554,Franchise,Credit Card,COUPON018,5.91,AUD
5214,2023-10-29T04:49:59Z,2023-10-29,29124,2914,Franchise,Cash,COUPON003,46.21,USD
5215,2024-02-22T10:35:44Z,2024-02-22,49777,2151,Online,Cash,COUPON034,41.06,AUD
5216,2024-05-07T04:58:50Z,2024-05-07,33501,747,Online,PayPal,COUPON001,40.13,EUR
5217,2023-10-06T04:08:37Z,2023-10-06,38243,1912,Franchise,Credit Card,COUPON046,19.31,USD
5218,2023-02-02T21:20:01Z,2023-02-02,71452,2222,Online,Afterpay,COUPON030,49.43,USD
5219,2023-11-20T11:26:19Z,2023-11-20,50422,1771,Franchise,PayPal,COUPON004,17.79,EUR
5220,2023-12-15T18:22:31Z,2023-12-15,46788,4420,Online,Gift Card,COUPON050,9.56,EUR
5221,2024-09-15T14:26:33Z,2024-09-15,33040,4002,Online,Gift Card,COUPON017,18.02,EUR
5222,2023-11-22T00:33:37Z,2023-11-22,39061,2531,Franchise,Gift Card,COUPON037,20.32,EUR
5223,2024-07-01T01:49:01Z,2024-07-01,39550,360,Franchise,Gift Card,COUPON036,29.95,EUR
5224,2024-07-14T18:32:53Z,2024-07-14,20790,1253,Online,Afterpay,COUPON048,43.01,AUD
5225,2024-05-26T13:14:20Z,2024-05-26,40454,4772,Online,Credit Card,COUPON006,31.87,AUD
5226,2024-06-27T16:53:47Z,2024-06-27,44748,4021,Retail,Cash,COUPON020,33.34,USD
5227,2023-12-08T19:52:03Z,2023-12-08,20326,1732,Retail,PayPal,COUPON029,6.34,AUD
5228,2023-02-28T03:38:06Z,2023-02-28,53403,4978,Online,Afterpay,COUPON045,36.30,USD
5229,2023-12-01T02:45:40Z,2023-12-01,34610,1965,Online,PayPal,COUPON010,19.58,AUD
5230,2023-05-13T01:38:58Z,2023-05-13,11215,306,Online,Gift Card,COUPON041,48.27,USD
5231,2023-04-08T05:42:46Z,2023-04-08,12406,4144,Retail,Gift Card,,42.75,USD
5232,2024-03-25T22:19:58Z,2024-03-25,23165,2819,Online,Credit Card,COUPON013,7.64,USD
5233,2024-07-28T15:07:20Z,2024-07-28,38898,2581,Retail,PayPal,COUPON024,27.13,AUD
5234,2023-07-04T15:12:59Z,2023-07-04,30734,4838,Online,PayPal,COUPON009,30.03,AUD
5235,2023-11-22T15:46:18Z,2023-11-22,20710,1384,Franchise,Cash,COUPON048,47.75,AUD
5236,2024-01-16T15:00:58Z,2024-01-16,5312,3891,Online,PayPal,COUPON019,40.30,AUD
5237,2023-07-15T07:50:27Z,2023-07-15,12249,4769,Retail,Gift Card,COUPON047,29.80,USD
5238,2024-06-17T02:41:41Z,2024-06-17,21127,2931,Franchise,PayPal,COUPON036,3.59,AUD
5239,2023-05-21T15:38:33Z,2023-05-21,24461,880,Retail,PayPal,COUPON048,5.61,USD
5240,2024-04-09T08:58:08Z,2024-04-09,57464,2440,Retail,Gift Card,COUPON029,45.54,EUR
5241,2023-12-26T12:21:43Z,2023-12-26,46099,2653,Retail,Cash,COUPON048,24.10,USD
5242,2023-10-29T09:00:29Z,2023-10-29,40785,1548,Online,Cash,COUPON045,17.04,AUD
5243,2023-01-02T02:09:22Z,2023-01-02,4653,3428,Franchise,Credit Card,COUPON049,28.48,USD
5244,2023-10-31T04:34:04Z,2023-10-31,51734,2510,Retail,Credit Card,COUPON008,17.97,EUR
5245,2024-07-19T21:27:05Z,2024-07-19,40525,4559,Online,PayPal,COUPON024,19.71,EUR
5246,2024-07-14T05:36:54Z,2024-07-14,42029,3925,Franchise,Afterpay,COUPON001,42.63,USD
5247,2024-03-29T09:28:10Z,2024-03-29,36199,2803,Retail,Gift Card,COUPON039,14.98,USD
5248,2023-07-13T01:52:36Z,2023-07-13,64092,2017,Online,Cash,COUPON014,39.47,EUR
5249,2024-07-08T16:50:09Z,2024-07-08,24253,4159,Franchise,PayPal,COUPON046,39.21,EUR
5250,2023-10-02T14:55:14Z,2023-10-02,39960,4659,Franchise,Cash,COUPON028,6.04,AUD
5251,2024-03-24T09:37:20Z,2024-03-24,44349,4039,Retail,Cash,COUPON033,44.11,AUD
5252,2023-03-13T01:23:08Z,2023-03-13,79998,510,Franchise,Credit Card,COUPON029,42.56,AUD
5253,2023-12-02T22:42:20Z,2023-12-02,56912,1556,Franchise,Gift Card,COUPON009,13.76,EUR
5254,2023-03-03T02:12:18Z,2023-03-03,74607,1110,Online,PayPal,COUPON038,22.15,AUD
5255,2024-01-10T07:39:16Z,2024-01-10,45492,17,Online,Afterpay,COUPON015,19.38,EUR
5256,2023-06-24T08:20:15Z,2023-06-24,12136,4405,Retail,PayPal,COUPON050,16.52,AUD
5257,2023-07-07T02:48:36Z,2023-07-07,50866,3940,Online,Afterpay,COUPON048,43.19,AUD
5258,2023-06-16T07:25:24Z,2023-06-16,48359,2415,Retail,Cash,,7.72,AUD
5259,2023-01-03T00:58:03Z,2023-01-03,22689,3008,Franchise,Gift Card,COUPON048,13.48,USD
5260,2024-01-07T23:26:48Z,2024-01-07,7141,4182,Online,Cash,COUPON049,12.24,USD
5261,2023-10-03T16:05:32Z,2023-10-03,75034,4824,Online,Gift Card,COUPON022,7.87,USD
5262,2024-01-30T01:52:11Z,2024-01-30,15229,1533,Retail,PayPal,COUPON025,3.82,AUD
5263,2023-09-04T22:43:17Z,2023-09-04,33592,2194,Retail,Gift Card,COUPON041,26.65,EUR
5264,2023-04-29T07:34:05Z,2023-04-29,23364,2574,Franchise,Gift Card,COUPON047,15.58,EUR
5265,2023-04-16T12:24:49Z,2023-04-16,45837,399,Online,Gift Card,COUPON023,1.46,AUD
5266,2023-06-16T07:30:13Z,2023-06-16,86829,5904,Retail,Cash,COUPON021,35.46,USD
5267,2023-01-02T02:27:54Z,2023-01-02,44362,4309,Online,Afterpay,COUPON050,46.63,USD
5268,2024-07-21T17:29:09Z,2024-07-21,54892,247,Online,Credit Card,COUPON024,39.93,AUD
5269,2023-03-04T14:57:35Z,2023-03-04,9703,3950,Franchise,Gift Card,COUPON024,14.04,EUR
5270,2023-08-28T06:06:40Z,2023-08-28,21830,2214,Online,Cash,COUPON015,39.47,EUR
5271,2023-10-19T10:00:01Z,2023-10-19,34002,2952,Franchise,Cash,COUPON015,5.54,AUD
5272,2023-06-09T19:59:35Z,2023-06-09,66165,3253,Retail,Afterpay,COUPON038,33.46,USD
5273,2023-01-03T05:43:41Z,2023-01-03,53170,4015,Franchise,Cash,COUPON050,0.43,USD
5274,2023-10-28T20:03:10Z,2023-10-28,63924,1341,Franchise,Credit Card,COUPON023,47.46,AUD
5275,2023-01-12T16:17:54Z,2023-01-12,13387,4986,Retail,Credit Card,COUPON003,33.76,EUR
5276,2024-05-15T23:53:46Z,2024-05-15,24028,292,Retail,Credit Card,COUPON005,3.33,USD
5277,2024-08-29T21:36:10Z,2024-08-29,38740,4001,Retail,Cash,COUPON001,7.10,EUR
5278,2023-11-17T22:17:53Z,2023-11-17,41060,2687,Retail,Credit Card,COUPON018,16.40,EUR
5279,2023-09-20T07:45:33Z,2023-09-20,79172,3702,Franchise,Cash,COUPON030,2.93,USD
5280,2023-06-24T02:41:31Z,2023-06-24,44664,4705,Retail,Credit Card,COUPON019,29.71,USD
5281,2024-08-31T06:04:16Z,2024-08-31,65900,4118,Retail,Afterpay,COUPON043,3.46,EUR
5282,2023-11-06T09:41:57Z,2023-11-06,34723,292,Online,Credit Card,COUPON007,19.60,EUR
5283,2024-05-20T23:35:56Z,2024-05-20,77880,4545,Online,PayPal,COUPON050,14.67,AUD
5284,2023-05-14T08:05:22Z,2023-05-14,35148,1172,Franchise,PayPal,COUPON034,34.23,EUR
5285,2023-08-04T21:14:23Z,2023-08-04,10660,1495,Online,Credit Card,COUPON029,12.90,EUR
5286,2024-01-25T00:25:24Z,2024-01-25,56115,1121,Online,Gift Card,COUPON010,41.31,AUD
5287,2023-05-27T19:09:03Z,2023-05-27,56231,56,Franchise,Cash,COUPON023,10.06,USD
5288,2024-06-14T11:03:58Z,2024-06-14,46250,1725,Online,PayPal,COUPON040,13.67,USD
5289,2024-02-16T06:53:29Z,2024-02-16,67411,3252,Online,Afterpay,COUPON013,30.48,USD
5290,2024-03-28T09:00:53Z,2024-03-28,76002,3468,Online,PayPal,COUPON050,16.42,EUR
5291,2024-03-23T21:15:37Z,2024-03-23,59516,1500,Online,Cash,COUPON050,32.66,AUD
5292,2023-06-10T13:06:54Z,2023-06-10,51545,118,Retail,Cash,,25.33,AUD
5293,2023-01-31T12:18:08Z,2023-01-31,44187,3392,Franchise,PayPal,COUPON021,47.52,AUD
5294,2023-02-13T03:24:33Z,2023-02-13,43741,3325,Franchise,Afterpay,COUPON049,24.28,EUR
5295,2023-06-05T04:24:33Z,2023-06-05,4317,949,Online,Cash,COUPON048,45.46,AUD
5296,2023-02-04T12:33:57Z,2023-02-04,17432,1147,Online,Afterpay,COUPON034,48.95,USD
5297,2023-07-28T16:55:38Z,2023-07-28,20465,2950,Retail,PayPal,COUPON021,2.36,EUR
5298,2023-06-05T17:52:17Z,2023-06-05,55701,1202,Online,Gift Card,COUPON011,17.06,EUR
5299,2024-07-07T21:45:33Z,2024-07-07,19079,4680,Retail,Cash,COUPON013,2.03,USD
5300,2024-03-05T16:01:19Z,2024-03-05,58378,4779,Franchise,Cash,COUPON046,28.06,AUD
5301,2023-06-26T10:52:18Z,2023-06-26,28925,1293,Retail,Cash,COUPON047,17.76,USD
5302,2024-03-09T18:22:58Z,2024-03-09,42731,1796,Franchise,Afterpay,,33.90,USD
5303,2023-12-10T07:18:23Z,2023-12-10,36204,3103,Franchise,Afterpay,COUPON047,21.35,AUD
5304,2023-11-29T06:28:42Z,2023-11-29,2443,4593,Franchise,Credit Card,COUPON041,0.86,AUD
5305,2024-04-20T12:18:55Z,2024-04-20,76967,1782,Retail,PayPal,COUPON030,11.79,EUR
5306,2024-07-14T09:57:14Z,2024-07-14,48444,4122,Retail,Credit Card,COUPON026,12.28,USD
5307,2023-04-13T02:14:47Z,2023-04-13,7680,3126,Franchise,PayPal,,21.48,EUR
5308,2023-07-27T09:07:09Z,2023-07-27,35441,2778,Retail,Cash,COUPON020,16.16,AUD
5309,2024-08-18T04:09:10Z,2024-08-18,61422,567,Franchise,Afterpay,COUPON014,24.28,AUD
5310,2023-11-02T15:45:35Z,2023-11-02,15034,7,Franchise,PayPal,COUPON018,8.65,USD
5311,2023-01-29T06:03:48Z,2023-01-29,13775,1821,Retail,PayPal,COUPON036,8.40,EUR
5312,2023-12-24T02:35:22Z,2023-12-24,26898,879,Franchise,Afterpay,COUPON042,10.24,AUD
5313,2023-11-28T05:53:00Z,2023-11-28,61415,4151,Online,Afterpay,COUPON031,47.38,USD
5314,2023-08-23T13:29:18Z,2023-08-23,54742,334,Online,PayPal,COUPON037,7.02,USD
5315,2023-10-28T01:36:23Z,2023-10-28,68512,1801,Franchise,Gift Card,COUPON023,5.40,USD
5316,2023-11-22T05:57:49Z,2023-11-22,55460,4217,Franchise,PayPal,COUPON023,11.92,EUR
5317,2024-07-05T02:54:12Z,2024-07-05,72820,3283,Online,PayPal,COUPON025,15.29,AUD
5318,2024-02-27T07:42:15Z,2024-02-27,79531,2544,Online,Credit Card,COUPON050,37.90,AUD
5319,2024-09-26T03:57:04Z,2024-09-26,23819,2159,Retail,Gift Card,COUPON036,21.27,AUD
5320,2024-02-26T23:34:12Z,2024-02-26,6052,3770,Online,PayPal,COUPON009,14.41,EUR
5321,2024-05-30T06:31:27Z,2024-05-30,21970,2363,Online,PayPal,COUPON012,33.05,USD
5322,2023-01-30T15:10:34Z,2023-01-30,53553,4312,Online,Afterpay,COUPON003,43.59,USD
5323,2024-05-12T04:58:12Z,2024-05-12,10928,742,Franchise,Credit Card,COUPON033,4.94,EUR
5324,2024-09-09T18:37:14Z,2024-09-09,62899,4330,Retail,Afterpay,COUPON028,22.71,AUD
5325,2023-09-06T20:09:13Z,2023-09-06,6088,4975,Franchise,Cash,COUPON001,11.97,USD
5326,2024-02-02T14:10:00Z,2024-02-02,20653,2112,Retail,Cash,COUPON047,49.99,AUD
5327,2023-05-27T22:54:34Z,2023-05-27,16888,408,Online,PayPal,COUPON020,23.51,EUR
5328,2023-08-31T03:08:59Z,2023-08-31,223,545,Franchise,Gift Card,COUPON046,19.63,USD
5329,2023-10-31T03:28:14Z,2023-10-31,34901,1239,Franchise,Gift Card,COUPON005,24.72,USD
5330,2023-04-19T06:57:19Z,2023-04-19,40473,3846,Franchise,Cash,COUPON005,4.72,EUR
5331,2023-03-10T18:25:02Z,2023-03-10,16143,1663,Retail,Credit Card,COUPON041,28.85,USD
5332,2023-09-28T23:18:54Z,2023-09-28,34512,973,Online,Afterpay,COUPON043,6.83,EUR
5333,2024-07-24T02:08:26Z,2024-07-24,11903,323,Retail,Gift Card,COUPON042,28.08,USD
5334,2023-09-25T12:57:39Z,2023-09-25,25404,1522,Franchise,Gift Card,COUPON045,27.37,EUR
5335,2023-12-17T14:27:53Z,2023-12-17,34612,205,Retail,Gift Card,COUPON034,19.36,AUD
5336,2023-08-01T08:11:32Z,2023-08-01,64741,4132,Online,Cash,COUPON037,11.55,USD
5337,2024-09-09T10:28:30Z,2024-09-09,50574,655,Retail,Afterpay,COUPON006,19.99,USD
5338,2023-12-28T22:04:44Z,2023-12-28,70109,4647,Franchise,Credit Card,COUPON017,19.75,EUR
5339,2023-05-09T21:41:11Z,2023-05-09,24852,3035,Franchise,Cash,COUPON034,10.10,USD
5340,2023-02-22T08:49:29Z,2023-02-22,23757,3662,Retail,Afterpay,COUPON048,5.14,EUR
5341,2023-10-27T13:10:37Z,2023-10-27,53237,730,Retail,Gift Card,COUPON046,44.49,AUD
5342,2023-01-27T22:48:35Z,2023-01-27,75476,4164,Online,Afterpay,COUPON012,26.11,AUD
5343,2024-01-30T13:14:41Z,2024-01-30,47089,690,Online,Cash,COUPON036,32.33,EUR
5344,2023-05-22T19:08:27Z,2023-05-22,20818,3019,Retail,Credit Card,COUPON045,30.67,AUD
5345,2023-01-21T16:07:51Z,2023-01-21,10063,3609,Online,Gift Card,COUPON039,40.70,EUR
5346,2023-10-19T01:50:53Z,2023-10-19,11150,1395,Online,Cash,COUPON042,26.12,AUD
5347,2023-07-25T19:46:31Z,2023-07-25,74583,574,Retail,Cash,COUPON035,41.75,USD
5348,2023-12-23T23:56:52Z,2023-12-23,56927,4304,Franchise,Gift Card,COUPON023,19.06,AUD
5349,2024-03-20T18:52:38Z,2024-03-20,46209,1906,Retail,Credit Card,COUPON011,10.36,EUR
5350,2024-02-05T12:03:21Z,2024-02-05,35447,1394,Franchise,Afterpay,COUPON006,19.56,USD
5351,2023-03-06T01:53:46Z,2023-03-06,7320,3839,Franchise,Afterpay,COUPON015,0.84,USD
5352,2023-02-02T14:15:33Z,2023-02-02,78612,1451,Retail,Credit Card,COUPON043,33.69,EUR
5353,2023-11-09T09:54:25Z,2023-11-09,33454,1996,Franchise,Cash,COUPON041,20.42,USD
5354,2023-08-30T23:41:41Z,2023-08-30,19446,570,Franchise,PayPal,COUPON014,44.30,EUR
5355,2024-02-12T14:09:37Z,2024-02-12,28722,435,Franchise,Afterpay,COUPON047,9.99,USD
5356,2024-07-12T02:06:27Z,2024-07-12,85231,5400,Franchise,PayPal,,20.14,AUD
5357,2023-04-17T10:57:18Z,2023-04-17,64110,1105,Franchise,Credit Card,COUPON047,12.72,USD
5358,2023-09-21T16:16:55Z,2023-09-21,26631,4933,Retail,PayPal,COUPON034,25.95,USD
5359,2023-02-26T13:32:39Z,2023-02-26,22466,2433,Retail,PayPal,COUPON024,25.08,EUR
5360,2024-01-27T20:10:44Z,2024-01-27,31087,1645,Online,Credit Card,COUPON025,43.12,EUR
5361,2023-03-27T11:07:57Z,2023-03-27,31235,3868,Franchise,Cash,COUPON035,44.13,EUR
5362,2024-06-03T17:33:31Z,2024-06-03,36510,2048,Franchise,PayPal,COUPON022,18.89,AUD
5363,2023-05-20T20:34:02Z,2023-05-20,12632,1670,Franchise,Afterpay,COUPON014,4.96,EUR
5364,2023-02-06T17:58:34Z,2023-02-06,15697,1426,Online,Credit Card,COUPON034,18.42,EUR
5365,2023-07-25T19:54:02Z,2023-07-25,21306,81,Retail,Afterpay,COUPON023,2.76,EUR
5366,2023-11-11T18:05:46Z,2023-11-11,24042,2058,Retail,Credit Card,COUPON003,23.63,EUR
5367,2024-08-26T12:23:19Z,2024-08-26,65922,3056,Franchise,Credit Card,COUPON024,31.29,EUR
5368,2023-09-08T04:30:56Z,2023-09-08,13343,607,Franchise,Credit Card,COUPON044,30.41,USD
5369,2024-01-09T10:07:22Z,2024-01-09,8738,2023,Retail,Cash,COUPON027,2.02,USD
5370,2024-04-30T10:42:10Z,2024-04-30,15324,2020,Retail,Gift Card,COUPON008,1.55,USD
5371,2024-08-31T00:46:44Z,2024-08-31,29254,2035,Franchise,Cash,COUPON036,30.22,AUD
5372,2024-02-09T05:18:03Z,2024-02-09,15159,2973,Retail,Afterpay,COUPON013,4.44,USD
5373,2023-07-06T14:24:43Z,2023-07-06,21479,3916,Franchise,Gift Card,COUPON036,30.11,USD
5374,2024-04-11T15:59:27Z,2024-04-11,30640,1320,Online,PayPal,COUPON023,4.02,USD
5375,2023-01-06T01:00:31Z,2023-01-06,66721,4751,Retail,PayPal,COUPON030,2.82,USD
5376,2024-09-22T06:04:30Z,2024-09-22,47876,3812,Online,Credit Card,COUPON005,39.06,AUD
5377,2024-07-20T00:12:07Z,2024-07-20,41796,4090,Online,Gift Card,COUPON020,29.26,USD
5378,2023-09-24T04:09:31Z,2023-09-24,24020,3406,Retail,PayPal,COUPON023,20.02,USD
5379,2023-07-13T16:02:13Z,2023-07-13,43786,200,Franchise,PayPal,COUPON039,33.81,AUD
5380,2023-07-25T04:56:59Z,2023-07-25,19413,2648,Franchise,Afterpay,COUPON033,38.34,USD
5381,2023-09-26T18:42:59Z,2023-09-26,59536,4000,Franchise,Gift Card,COUPON040,31.80,AUD
5382,2023-05-31T19:50:17Z,2023-05-31,77855,3662,Retail,Gift Card,COUPON015,23.98,EUR
5383,2023-06-17T19:45:51Z,2023-06-17,2437,3598,Retail,Gift Card,COUPON035,20.22,AUD
5384,2024-03-25T18:49:06Z,2024-03-25,72982,4540,Retail,Credit Card,COUPON049,17.49,USD
5385,2023-06-24T07:06:54Z,2023-06-24,77191,811,Online,Afterpay,COUPON019,25.51,EUR
5386,2023-03-28T23:10:30Z,2023-03-28,14339,4555,Franchise,Cash,COUPON016,11.94,AUD
5387,2024-04-03T11:25:37Z,2024-04-03,53282,1596,Franchise,Gift Card,COUPON047,2.23,AUD
5388,2023-03-28T22:56:02Z,2023-03-28,258,714,Retail,Credit Card,COUPON038,38.63,USD
5389,2024-09-08T20:13:46Z,2024-09-08,27873,2160,Online,Cash,COUPON035,19.52,USD
5390,2023-03-23T06:17:53Z,2023-03-23,61310,4985,Online,Gift Card,COUPON050,10.09,AUD
5391,2023-11-28T18:44:24Z,2023-11-28,14135,1363,Retail,Cash,COUPON011,31.49,AUD
5392,2023-06-08T22:20:40Z,2023-06-08,48237,4242,Franchise,Cash,COUPON007,41.05,AUD
5393,2024-01-21T04:52:02Z,2024-01-21,5360,2983,Retail,PayPal,COUPON045,25.49,EUR
5394,2023-09-24T13:10:25Z,2023-09-24,49494,2983,Retail,Credit Card,COUPON019,42.82,USD
5395,2023-06-04T15:07:37Z,2023-06-04,70366,3760,Franchise,Afterpay,COUPON038,46.81,EUR
5396,2023-02-17T22:24:33Z,2023-02-17,33239,2181,Retail,Afterpay,COUPON014,14.91,EUR
5397,2023-11-19T22:21:50Z,2023-11-19,58529,664,Franchise,Afterpay,COUPON007,46.32,AUD
5398,2023-03-14T19:32:02Z,2023-03-14,36244,4789,Online,PayPal,COUPON043,18.00,USD
5399,2023-06-13T23:40:41Z,2023-06-13,28889,1554,Online,Cash,COUPON022,42.89,USD
5400,2024-03-19T05:51:47Z,2024-03-19,59863,4281,Franchise,PayPal,COUPON049,19.72,EUR
5401,2023-05-29T15:06:18Z,2023-05-29,14333,2635,Online,Gift Card,COUPON034,28.11,AUD
5402,2023-06-09T16:50:05Z,2023-06-09,36219,1923,Retail,Gift Card,COUPON029,6.65,USD
5403,2024-08-02T21:58:08Z,2024-08-02,6087,1994,Online,Afterpay,COUPON037,41.65,EUR
5404,2024-07-08T11:08:24Z,2024-07-08,3942,2310,Franchise,PayPal,COUPON026,33.20,USD
5405,2023-11-25T03:32:41Z,2023-11-25,78426,3347,Franchise,PayPal,COUPON034,32.70,USD
5406,2024-04-28T08:58:33Z,2024-04-28,73456,4550,Online,PayPal,COUPON011,23.23,EUR
5407,2023-04-02T21:42:09Z,2023-04-02,43860,487,Retail,PayPal,COUPON044,39.61,USD
5408,2024-07-17T11:00:07Z,2024-07-17,7696,3851,Online,Afterpay,COUPON007,19.86,USD
5409,2024-08-16T12:41:52Z,2024-08-16,872,344,Online,PayPal,,21.09,USD
5410,2023-09-16T03:07:41Z,2023-09-16,73742,2886,Franchise,Gift Card,COUPON013,46.63,USD
5411,2024-04-03T04:11:20Z,2024-04-03,46988,320,Online,Afterpay,COUPON015,13.83,EUR
5412,2023-05-23T00:19:17Z,2023-05-23,11774,1865,Online,Credit Card,COUPON001,2.85,AUD
5413,2023-03-31T13:37:17Z,2023-03-31,58644,1763,Online,Gift Card,COUPON036,27.42,AUD
5414,2023-12-10T19:28:17Z,2023-12-10,53899,2651,Retail,Credit Card,COUPON014,20.00,USD
5415,2023-10-19T15:54:31Z,2023-10-19,45230,1986,Online,Afterpay,COUPON021,42.61,EUR
5416,2023-05-19T00:32:59Z,2023-05-19,21408,2077,Retail,PayPal,COUPON010,18.56,EUR
5417,2024-03-14T17:02:32Z,2024-03-14,8274,4622,Retail,Gift Card,COUPON034,2.18,USD
5418,2024-06-18T22:37:19Z,2024-06-18,76399,4536,Franchise,Gift Card,COUPON041,24.47,AUD
5419,2023-10-01T16:53:13Z,2023-10-01,46951,452,Online,Credit Card,COUPON017,10.78,AUD
5420,2023-12-31T03:44:48Z,2023-12-31,67198,1474,Franchise,Gift Card,COUPON018,48.56,EUR
5421,2023-03-21T15:33:48Z,2023-03-21,53764,1359,Retail,PayPal,COUPON006,17.23,AUD
5422,2023-04-15T08:51:50Z,2023-04-15,65032,2284,Franchise,Afterpay,COUPON034,17.00,EUR
5423,2023-12-07T04:08:56Z,2023-12-07,15567,1685,Franchise,Gift Card,COUPON009,36.33,AUD
5424,2024-01-19T14:40:26Z,2024-01-19,43279,3061,Online,PayPal,COUPON026,41.31,EUR
5425,2024-01-05T19:38:51Z,2024-01-05,41366,915,Retail,Afterpay,COUPON002,12.92,USD
5426,2024-08-26T07:20:07Z,2024-08-26,16896,2097,Retail,PayPal,COUPON024,14.63,EUR
5427,2024-02-17T02:21:40Z,2024-02-17,75608,2794,Online,Afterpay,COUPON048,44.73,AUD
5428,2024-01-09T19:18:04Z,2024-01-09,46963,4980,Online,Cash,COUPON043,42.91,AUD
5429,2023-07-01T11:11:58Z,2023-07-01,557,1885,Online,Credit Card,COUPON020,31.50,USD
5430,2023-02-25T14:14:13Z,2023-02-25,65351,1690,Retail,Gift Card,COUPON034,17.98,EUR
5431,2024-04-15T11:55:58Z,2024-04-15,32818,1677,Franchise,Gift Card,COUPON002,16.10,AUD
5432,2024-06-25T15:14:30Z,2024-06-25,65314,4891,Retail,Credit Card,COUPON021,49.08,EUR
5433,2023-11-21T17:44:16Z,2023-11-21,66782,4860,Franchise,Gift Card,COUPON002,19.24,USD
5434,2023-08-24T01:57:25Z,2023-08-24,9561,4307,Online,Credit Card,COUPON004,30.85,EUR
5435,2024-09-06T00:59:20Z,2024-09-06,21380,1890,Online,PayPal,COUPON036,46.86,USD
5436,2024-01-18T12:03:51Z,2024-01-18,27946,1061,Retail,Afterpay,COUPON033,49.73,EUR
5437,2024-08-01T15:37:12Z,2024-08-01,78220,1632,Retail,Credit Card,COUPON019,34.23,AUD
5438,2024-09-13T07:44:10Z,2024-09-13,55287,1291,Retail,Credit Card,COUPON001,2.08,AUD
5439,2023-06-05T20:24:59Z,2023-06-05,33512,3698,Franchise,Credit Card,COUPON029,39.72,AUD
5440,2024-03-06T02:18:43Z,2024-03-06,31095,1511,Retail,PayPal,COUPON002,30.52,AUD
5441,2024-07-09T10:30:23Z,2024-07-09,5632,4445,Online,Credit Card,COUPON010,49.28,AUD
5442,2024-08-06T05:57:24Z,2024-08-06,16111,279,Online,Credit Card,COUPON049,25.55,USD
5443,2024-03-13T23:18:07Z,2024-03-13,69948,2488,Retail,Credit Card,COUPON013,13.91,USD
5444,2023-05-28T05:08:29Z,2023-05-28,30898,1844,Online,Afterpay,COUPON033,16.21,USD
5445,2024-05-02T18:36:39Z,2024-05-02,61056,3370,Franchise,Gift Card,COUPON001,16.14,USD
5446,2023-02-28T04:01:31Z,2023-02-28,22562,3161,Franchise,Gift Card,COUPON016,25.78,EUR
5447,2023-10-10T14:14:53Z,2023-10-10,55769,4979,Franchise,PayPal,COUPON010,18.37,USD
5448,2023-07-15T19:24:48Z,2023-07-15,42856,3862,Franchise,Afterpay,COUPON014,27.93,AUD
5449,2024-05-23T07:43:48Z,2024-05-23,23567,3683,Retail,Afterpay,COUPON005,11.15,USD
5450,2023-02-25T21:02:24Z,2023-02-25,17011,2452,Retail,Cash,COUPON047,10.20,EUR
5451,2023-09-22T00:08:22Z,2023-09-22,36057,2977,Retail,Cash,COUPON047,30.51,EUR
5452,2023-06-05T13:10:53Z,2023-06-05,50217,4203,Franchise,Afterpay,COUPON036,35.67,AUD
5453,2024-09-16T14:38:31Z,2024-09-16,72208,1196,Online,Credit Card,COUPON040,46.33,EUR
5454,2023-06-30T14:30:03Z,2023-06-30,6407,4392,Retail,PayPal,COUPON023,40.19,EUR
5455,2023-08-07T09:00:48Z,2023-08-07,15747,3539,Franchise,Gift Card,COUPON017,6.75,EUR
5456,2024-03-31T19:54:16Z,2024-03-31,25345,2878,Retail,Gift Card,COUPON048,49.33,AUD
5457,2023-04-05T06:51:59Z,2023-04-05,44652,2230,Franchise,PayPal,COUPON019,33.70,EUR
5458,2023-11-02T06:32:48Z,2023-11-02,54549,1674,Online,Cash,COUPON034,14.57,EUR
5459,2023-08-08T18:20:32Z,2023-08-08,47147,4896,Franchise,PayPal,COUPON046,15.05,EUR
5460,2023-01-31T13:32:35Z,2023-01-31,37478,1250,Online,Credit Card,COUPON047,13.93,AUD
5461,2023-01-19T04:04:36Z,2023-01-19,53396,807,Franchise,Afterpay,COUPON005,49.97,AUD
5462,2024-08-27T04:35:13Z,2024-08-27,52115,631,Retail,Gift Card,COUPON021,27.24,EUR
5463,2024-06-01T02:30:05Z,2024-06-01,75705,2182,Retail,Afterpay,COUPON004,31.58,AUD
5464,2023-05-05T14:00:02Z,2023-05-05,46622,1686,Retail,Afterpay,COUPON032,46.47,EUR
5465,2023-12-26T17:06:43Z,2023-12-26,41592,3945,Retail,Afterpay,COUPON035,31.38,USD
5466,2023-09-27T17:55:22Z,2023-09-27,68360,4356,Franchise,PayPal,COUPON044,49.77,AUD
5467,2024-05-17T08:58:28Z,2024-05-17,34780,2746,Retail,Cash,COUPON009,8.55,EUR
5468,2023-12-13T22:59:31Z,2023-12-13,65928,273,Retail,Afterpay,COUPON009,27.33,EUR
5469,2024-07-28T23:07:16Z,2024-07-28,76315,3363,Online,Credit Card,COUPON005,4.73,USD
5470,2023-12-26T11:47:44Z,2023-12-26,62656,290,Franchise,PayPal,COUPON045,26.93,USD
5471,2023-11-01T04:36:12Z,2023-11-01,51406,672,Retail,Afterpay,COUPON013,46.62,AUD
5472,2023-03-23T09:01:41Z,2023-03-23,57606,1802,Online,Credit Card,COUPON043,10.02,USD
5473,2024-01-04T10:06:10Z,2024-01-04,81788,5445,Franchise,Credit Card,COUPON003,19.11,EUR
5474,2023-09-01T20:44:35Z,2023-09-01,69562,3777,Retail,Afterpay,,5.90,EUR
5475,2024-02-10T17:09:42Z,2024-02-10,20369,2330,Retail,Afterpay,COUPON012,5.56,AUD
5476,2023-07-27T21:28:45Z,2023-07-27,26379,3397,Franchise,Credit Card,COUPON020,41.99,AUD
5477,2024-01-14T04:56:09Z,2024-01-14,61111,4317,Retail,Cash,COUPON033,20.22,EUR
5478,2024-01-31T00:31:03Z,2024-01-31,64180,104,Online,PayPal,COUPON042,37.72,EUR
5479,2024-06-18T04:03:03Z,2024-06-18,43997,4687,Online,Afterpay,COUPON021,45.58,USD
5480,2023-02-08T09:41:05Z,2023-02-08,50754,287,Retail,PayPal,COUPON025,11.55,USD
5481,2024-01-14T10:02:46Z,2024-01-14,59889,2647,Franchise,Cash,COUPON015,2.08,USD
5482,2024-06-17T15:21:39Z,2024-06-17,10550,4243,Online,Afterpay,COUPON019,11.29,USD
5483,2023-06-09T08:22:57Z,2023-06-09,50562,471,Online,Credit Card,COUPON026,29.49,EUR
5484,2023-10-01T17:20:55Z,2023-10-01,69386,2929,Retail,Gift Card,COUPON042,29.34,AUD
5485,2023-02-18T21:10:05Z,2023-02-18,57880,4160,Retail,PayPal,COUPON014,32.15,USD
5486,2024-03-30T17:51:09Z,2024-03-30,57930,1956,Online,PayPal,COUPON004,13.79,USD
5487,2023-08-11T05:16:04Z,2023-08-11,16528,3725,Retail,Credit Card,COUPON041,46.45,USD
5488,2024-01-11T08:31:00Z,2024-01-11,79461,4497,Retail,Cash,COUPON036,27.26,USD
5489,2023-02-03T02:38:49Z,2023-02-03,1302,3428,Online,Credit Card,COUPON042,46.73,EUR
5490,2023-09-26T21:09:52Z,2023-09-26,80313,5192,Online,Cash,COUPON041,46.43,AUD
5491,2023-10-05T11:21:59Z,2023-10-05,72658,3638,Retail,Afterpay,COUPON027,3.31,EUR
5492,2023-10-20T02:44:44Z,2023-10-20,65687,1155,Retail,Cash,COUPON009,36.62,EUR
5493,2024-01-09T00:02:51Z,2024-01-09,35545,3669,Franchise,PayPal,COUPON015,9.09,USD
5494,2024-01-06T06:58:25Z,2024-01-06,79950,4896,Online,Gift Card,COUPON033,32.03,AUD
5495,2023-08-02T01:23:28Z,2023-08-02,48322,1939,Online,Cash,COUPON033,6.38,AUD
5496,2024-09-25T15:49:49Z,2024-09-25,52406,1167,Retail,Afterpay,COUPON037,7.82,USD
5497,2024-01-24T07:06:49Z,2024-01-24,8703,2709,Retail,Afterpay,COUPON006,4.71,AUD
5498,2024-03-14T17:49:28Z,2024-03-14,25254,4896,Online,Credit Card,COUPON033,44.82,EUR
5499,2023-04-29T20:15:55Z,2023-04-29,7548,908,Online,Credit Card,COUPON033,7.66,EUR
5500,2023-03-05T13:11:06Z,2023-03-05,4972,1641,Online,Gift Card,,29.95,EUR
5501,2023-07-16T16:16:58Z,2023-07-16,23738,3473,Franchise,Credit Card,COUPON032,38.97,AUD
5502,2023-02-04T04:23:32Z,2023-02-04,46650,1849,Retail,Afterpay,COUPON036,23.49,AUD
5503,2023-12-01T01:49:10Z,2023-12-01,42226,3085,Retail,PayPal,COUPON016,12.77,EUR
5504,2023-03-29T02:15:25Z,2023-03-29,53383,1165,Retail,Gift Card,COUPON042,19.61,AUD
5505,2024-02-02T01:17:59Z,2024-02-02,48143,2970,Online,Afterpay,COUPON028,25.42,USD
5506,2024-03-13T06:38:03Z,2024-03-13,13470,230,Online,Gift Card,COUPON002,38.09,EUR
5507,2024-02-01T11:40:14Z,2024-02-01,42219,2212,Retail,Afterpay,COUPON007,48.81,AUD
5508,2024-03-29T06:39:57Z,2024-03-29,42292,4719,Franchise,Cash,COUPON049,40.57,EUR
5509,2023-07-16T09:42:11Z,2023-07-16,55332,3553,Online,PayPal,COUPON033,24.04,AUD
5510,2023-08-25T06:19:47Z,2023-08-25,11633,2398,Online,Credit Card,COUPON048,15.37,USD
5511,2023-08-08T12:18:45Z,2023-08-08,33491,860,Franchise,PayPal,COUPON005,39.83,EUR
5512,2024-07-11T04:53:48Z,2024-07-11,30238,4239,Online,Cash,COUPON025,37.38,USD
5513,2024-06-19T07:41:56Z,2024-06-19,69297,4061,Retail,Credit Card,COUPON040,27.63,EUR
5514,2024-07-21T20:18:06Z,2024-07-21,69329,3063,Online,Gift Card,COUPON010,30.46,USD
5515,2023-09-01T04:30:12Z,2023-09-01,37067,1179,Retail,Gift Card,COUPON020,45.76,AUD
5516,2024-02-03T23:06:43Z,2024-02-03,72020,4358,Online,Cash,COUPON043,49.73,EUR
5517,2023-06-04T07:30:41Z,2023-06-04,14078,89,Retail,Afterpay,COUPON019,46.50,AUD
5518,2024-08-05T22:12:47Z,2024-08-05,63322,4518,Online,Gift Card,COUPON031,40.26,USD
5519,2024-04-19T05:16:36Z,2024-04-19,57522,1447,Retail,Gift Card,COUPON027,9.67,EUR
5520,2023-03-20T23:47:23Z,2023-03-20,4193,3880,Retail,Cash,COUPON045,21.36,AUD
5521,2023-11-09T18:15:52Z,2023-11-09,77232,4630,Online,Cash,COUPON022,3.16,EUR
5522,2023-11-19T07:12:14Z,2023-11-19,3094,3016,Franchise,PayPal,COUPON030,10.45,EUR
5523,2023-12-23T17:09:43Z,2023-12-23,34074,1212,Online,Afterpay,COUPON047,7.84,USD
5524,2023-05-30T21:00:23Z,2023-05-30,42606,4436,Franchise,Gift Card,COUPON033,32.29,AUD
5525,2024-09-20T22:17:51Z,2024-09-20,50697,3695,Online,Afterpay,COUPON050,8.73,AUD
5526,2023-09-21T13:54:45Z,2023-09-21,10108,1232,Online,Gift Card,COUPON041,39.57,USD
5527,2023-06-21T15:27:27Z,2023-06-21,8031,2938,Franchise,Gift Card,COUPON035,3.41,USD
5528,2024-06-11T00:12:58Z,2024-06-11,72470,4804,Retail,Cash,COUPON009,46.03,USD
5529,2024-03-26T09:45:14Z,2024-03-26,68258,1887,Online,Afterpay,COUPON002,43.14,USD
5530,2023-07-11T05:06:17Z,2023-07-11,68348,4355,Retail,Afterpay,COUPON044,48.04,EUR
5531,2024-09-25T07:27:48Z,2024-09-25,25426,50,Retail,PayPal,COUPON015,30.66,EUR
5532,2024-05-19T11:43:09Z,2024-05-19,76707,2379,Franchise,PayPal,COUPON002,20.09,USD
5533,2024-09-20T22:44:09Z,2024-09-20,51479,4199,Franchise,PayPal,COUPON050,2.13,USD
5534,2024-09-19T17:41:18Z,2024-09-19,65232,215,Franchise,PayPal,COUPON040,38.07,AUD
5535,2023-11-01T10:26:21Z,2023-11-01,78955,3846,Franchise,PayPal,COUPON020,20.36,USD
5536,2024-03-28T23:53:23Z,2024-03-28,38922,126,Franchise,Cash,COUPON016,6.59,EUR
5537,2024-05-15T01:49:52Z,2024-05-15,43233,1312,Franchise,PayPal,COUPON017,23.42,AUD
5538,2024-09-26T17:27:41Z,2024-09-26,78359,270,Franchise,Cash,COUPON015,48.93,EUR
5539,2023-12-27T05:01:09Z,2023-12-27,50073,2732,Online,PayPal,COUPON005,27.23,AUD
5540,2023-02-04T14:51:20Z,2023-02-04,78031,3338,Online,Credit Card,COUPON033,31.25,AUD
5541,2024-07-06T02:20:58Z,2024-07-06,66396,1604,Retail,PayPal,COUPON033,23.42,AUD
5542,2023-03-28T23:54:18Z,2023-03-28,37430,1265,Retail,Cash,COUPON040,41.02,USD
5543,2024-09-02T05:35:59Z,2024-09-02,67738,1589,Online,Afterpay,COUPON044,46.20,EUR
5544,2023-07-18T09:01:57Z,2023-07-18,22568,3495,Online,Afterpay,COUPON046,37.46,EUR
5545,2024-07-04T20:59:15Z,2024-07-04,67482,3875,Retail,Cash,COUPON018,34.87,EUR
5546,2023-05-08T12:36:20Z,2023-05-08,22612,3809,Franchise,Afterpay,COUPON014,30.40,EUR
5547,2023-07-20T18:01:37Z,2023-07-20,17215,1276,Retail,Cash,COUPON036,24.39,EUR
5548,2024-07-27T19:05:41Z,2024-07-27,64845,2405,Franchise,Afterpay,COUPON033,25.16,USD
5549,2024-09-21T16:26:17Z,2024-09-21,24070,4127,Online,Gift Card,COUPON046,34.53,EUR
5550,2023-03-27T17:02:59Z,2023-03-27,211,2712,Online,Afterpay,COUPON020,21.87,EUR
5551,2023-11-30T10:54:06Z,2023-11-30,31419,3754,Online,Credit Card,COUPON008,7.67,USD
5552,2024-04-22T23:02:55Z,2024-04-22,30576,1204,Online,Credit Card,COUPON040,43.31,EUR
5553,2023-08-02T06:23:20Z,2023-08-02,58218,4657,Online,PayPal,COUPON040,10.50,AUD
5554,2024-04-02T09:02:09Z,2024-04-02,42052,442,Retail,Credit Card,COUPON003,43.61,USD
5555,2024-06-01T12:25:42Z,2024-06-01,36582,4688,Online,Gift Card,COUPON022,44.85,AUD
5556,2023-05-28T23:00:58Z,2023-05-28,40455,868,Retail,Credit Card,COUPON050,36.80,AUD
5557,2023-09-18T18:20:11Z,2023-09-18,42209,3159,Retail,Cash,COUPON034,26.59,USD
5558,2023-02-14T10:17:04Z,2023-02-14,3416,2988,Online,Afterpay,COUPON037,36.64,EUR
5559,2023-06-28T20:18:44Z,2023-06-28,66296,61,Online,PayPal,COUPON031,4.07,EUR
5560,2023-05-15T20:25:42Z,2023-05-15,60605,4301,Retail,Gift Card,COUPON038,6.98,AUD
5561,2023-10-31T06:25:25Z,2023-10-31,61894,532,Franchise,Afterpay,COUPON045,39.30,EUR
5562,2023-03-23T00:42:20Z,2023-03-23,5077,3817,Online,Credit Card,COUPON006,38.32,USD
5563,2023-02-18T15:57:59Z,2023-02-18,61113,613,Online,Afterpay,COUPON023,3.97,AUD
5564,2023-05-26T01:20:03Z,2023-05-26,3748,2208,Retail,PayPal,COUPON043,11.71,EUR
5565,2024-08-23T14:54:22Z,2024-08-23,75925,4010,Franchise,PayPal,COUPON033,26.73,EUR
5566,2023-07-04T00:49:20Z,2023-07-04,3292,1062,Online,Credit Card,COUPON027,1.76,USD
5567,2024-01-13T12:04:51Z,2024-01-13,78663,1270,Online,Cash,COUPON019,23.60,USD
5568,2024-03-11T20:45:37Z,2024-03-11,489,4361,Franchise,Gift Card,COUPON003,39.15,USD
5569,2023-10-16T01:14:19Z,2023-10-16,12507,1345,Retail,Gift Card,COUPON005,16.55,USD
5570,2023-07-02T13:30:15Z,2023-07-02,73958,3662,Retail,Afterpay,COUPON023,15.77,AUD
5571,2023-07-06T19:32:58Z,2023-07-06,39005,4603,Retail,Cash,COUPON036,29.26,USD
5572,2024-03-10T00:34:52Z,2024-03-10,50812,4313,Online,Cash,COUPON032,10.58,USD
5573,2024-07-08T17:54:45Z,2024-07-08,57414,1046,Retail,Gift Card,COUPON036,5.44,AUD
5574,2023-07-17T11:32:17Z,2023-07-17,78912,2192,Retail,Credit Card,COUPON050,29.02,AUD
5575,2023-08-27T23:42:11Z,2023-08-27,42527,4945,Franchise,Gift Card,COUPON042,18.52,USD
5576,2024-09-09T20:59:42Z,2024-09-09,33659,3576,Retail,Credit Card,COUPON009,17.53,USD
5577,2024-04-21T10:25:49Z,2024-04-21,25684,3891,Online,Cash,COUPON049,10.46,USD
5578,2023-01-27T07:57:36Z,2023-01-27,75445,2942,Retail,PayPal,COUPON009,28.53,EUR
5579,2024-04-14T03:22:40Z,2024-04-14,8007,860,Franchise,PayPal,COUPON033,17.75,AUD
5580,2023-10-03T05:44:08Z,2023-10-03,59625,3730,Franchise,Cash,COUPON028,39.42,AUD
5581,2024-08-31T05:56:28Z,2024-08-31,8507,3786,Franchise,PayPal,COUPON046,14.12,USD
5582,2023-03-30T20:32:34Z,2023-03-30,20062,2189,Franchise,Credit Card,COUPON048,33.72,EUR
5583,2024-09-21T23:54:59Z,2024-09-21,56740,4996,Retail,Afterpay,,32.62,EUR
5584,2023-01-26T06:58:24Z,2023-01-26,7316,3744,Franchise,Cash,COUPON027,24.84,USD
5585,2023-12-21T10:54:35Z,2023-12-21,44156,3637,Franchise,Credit Card,COUPON040,11.60,AUD
5586,2024-04-08T00:59:38Z,2024-04-08,64375,1347,Retail,Cash,COUPON010,15.59,USD
5587,2023-09-05T15:42:02Z,2023-09-05,77398,1448,Retail,Credit Card,COUPON025,27.66,USD
5588,2023-02-07T20:30:51Z,2023-02-07,79219,3493,Retail,Cash,COUPON033,36.06,AUD
5589,2023-09-14T20:05:08Z,2023-09-14,28507,1595,Online,Cash,COUPON046,15.88,AUD
5590,2023-01-29T02:29:14Z,2023-01-29,36975,1747,Online,Gift Card,COUPON013,41.15,EUR
5591,2024-06-11T00:01:31Z,2024-06-11,41935,124,Retail,Cash,COUPON001,49.60,USD
5592,2023-07-13T03:13:35Z,2023-07-13,10444,14,Retail,PayPal,COUPON033,44.79,AUD
5593,2023-05-10T10:00:20Z,2023-05-10,87283,5623,Franchise,Afterpay,COUPON009,42.11,AUD
5594,2023-11-06T13:12:29Z,2023-11-06,78421,1335,Online,Afterpay,COUPON012,35.00,EUR
5595,2023-09-16T05:10:57Z,2023-09-16,68837,154,Online,Credit Card,COUPON021,12.29,EUR
5596,2024-05-28T22:10:55Z,2024-05-28,11426,1264,Online,PayPal,COUPON046,44.05,USD
5597,2023-10-20T07:57:38Z,2023-10-20,76394,239,Franchise,Credit Card,COUPON010,31.58,USD
5598,2023-12-13T21:24:24Z,2023-12-13,7659,4484,Franchise,Gift Card,COUPON002,38.07,AUD
5599,2024-08-28T22:57:50Z,2024-08-28,16621,2952,Franchise,Credit Card,COUPON035,20.38,USD
5600,2024-02-25T06:32:04Z,2024-02-25,63632,2459,Online,PayPal,COUPON009,34.40,EUR
5601,2024-08-15T20:34:59Z,2024-08-15,30364,203,Online,Gift Card,COUPON003,35.61,AUD
5602,2023-07-02T17:39:34Z,2023-07-02,41283,1003,Online,Cash,COUPON002,39.85,EUR
5603,2024-06-05T07:22:14Z,2024-06-05,16077,4996,Franchise,Cash,COUPON034,16.84,EUR
5604,2023-12-02T15:21:09Z,2023-12-02,54187,4810,Retail,Gift Card,COUPON005,3.09,EUR
5605,2023-08-13T22:00:16Z,2023-08-13,57765,3921,Retail,Credit Card,COUPON043,5.29,USD
5606,2023-01-06T17:17:39Z,2023-01-06,9905,2088,Retail,Gift Card,COUPON022,11.95,USD
5607,2023-07-26T10:00:48Z,2023-07-26,4083,1057,Franchise,PayPal,COUPON033,43.68,USD
5608,2023-12-03T16:13:05Z,2023-12-03,57936,1027,Online,Gift Card,COUPON035,6.17,USD
5609,2024-03-19T03:27:57Z,2024-03-19,22268,4979,Retail,PayPal,COUPON001,25.31,AUD
5610,2023-05-19T09:32:21Z,2023-05-19,445,1268,Franchise,Gift Card,COUPON007,33.52,USD
5611,2024-04-20T16:02:39Z,2024-04-20,17218,2806,Retail,PayPal,COUPON021,31.35,USD
5612,2024-01-07T01:36:16Z,2024-01-07,66108,545,Franchise,Afterpay,COUPON012,18.15,AUD
5613,2023-05-19T00:12:58Z,2023-05-19,6480,3521,Franchise,PayPal,COUPON003,13.09,AUD
5614,2024-01-27T19:20:10Z,2024-01-27,34138,1849,Online,Afterpay,COUPON048,36.50,USD
5615,2023-02-06T16:39:42Z,2023-02-06,66515,4552,Franchise,Cash,COUPON034,49.19,USD
5616,2024-09-25T17:49:17Z,2024-09-25,28533,4108,Retail,Credit Card,COUPON005,6.28,USD
5617,2023-08-15T09:59:37Z,2023-08-15,54914,3416,Online,Gift Card,COUPON027,10.60,USD
5618,2024-05-09T08:41:31Z,2024-05-09,4984,206,Franchise,Cash,COUPON035,33.50,USD
5619,2024-02-18T17:13:23Z,2024-02-18,1225,4168,Online,PayPal,COUPON047,6.61,USD
5620,2024-06-22T17:46:16Z,2024-06-22,50624,4287,Retail,Credit Card,COUPON041,9.98,AUD
5621,2024-04-06T18:37:21Z,2024-04-06,3842,707,Franchise,PayPal,COUPON038,2.39,AUD
5622,2024-03-14T04:02:13Z,2024-03-14,72129,2758,Online,Credit Card,COUPON030,28.19,AUD
5623,2023-11-03T23:14:31Z,2023-11-03,27671,4872,Online,Gift Card,,11.26,AUD
5624,2023-01-26T06:41:25Z,2023-01-26,22831,1840,Retail,Gift Card,COUPON033,45.31,USD
5625,2024-09-22T18:45:23Z,2024-09-22,18302,4702,Online,Afterpay,COUPON030,40.29,USD
5626,2024-08-18T06:58:18Z,2024-08-18,2519,2151,Franchise,Credit Card,COUPON019,21.18,USD
5627,2023-05-02T03:12:43Z,2023-05-02,25980,3466,Online,Afterpay,,49.88,EUR
5628,2024-07-04T17:47:53Z,2024-07-04,67340,1486,Online,Afterpay,COUPON030,18.42,EUR
5629,2024-04-09T12:04:43Z,2024-04-09,71580,780,Online,Cash,COUPON011,27.44,USD
5630,2023-08-31T23:55:23Z,2023-08-31,44387,4081,Online,PayPal,COUPON014,15.88,AUD
5631,2023-01-18T10:05:22Z,2023-01-18,31461,3524,Online,Cash,COUPON043,31.06,EUR
5632,2024-03-04T11:10:12Z,2024-03-04,17432,3080,Retail,Credit Card,COUPON012,1.90,USD
5633,2024-02-11T16:01:55Z,2024-02-11,26670,4206,Franchise,Cash,COUPON043,32.72,EUR
5634,2024-05-18T02:31:34Z,2024-05-18,32105,1194,Franchise,Gift Card,COUPON039,34.51,EUR
5635,2024-02-15T15:49:42Z,2024-02-15,39839,186,Retail,Cash,COUPON013,48.80,EUR
5636,2023-07-02T04:29:46Z,2023-07-02,77061,4198,Franchise,Afterpay,COUPON022,6.96,EUR
5637,2024-01-21T21:06:54Z,2024-01-21,665,1396,Retail,PayPal,COUPON020,9.66,AUD
5638,2023-11-11T20:55:27Z,2023-11-11,9128,1007,Online,Credit Card,COUPON015,8.50,AUD
5639,2023-08-07T22:19:22Z,2023-08-07,40206,4161,Retail,Credit Card,COUPON020,17.12,AUD
5640,2024-04-26T09:31:00Z,2024-04-26,39246,4861,Online,Gift Card,COUPON011,0.25,USD
5641,2023-10-16T23:29:20Z,2023-10-16,27133,852,Franchise,Cash,COUPON038,34.57,AUD
5642,2024-09-03T05:49:32Z,2024-09-03,78494,1063,Online,Gift Card,,20.77,AUD
5643,2023-11-16T04:58:54Z,2023-11-16,13507,3836,Online,PayPal,COUPON001,2.33,USD
5644,2024-03-29T13:47:22Z,2024-03-29,69964,1885,Franchise,Credit Card,COUPON025,42.96,EUR
5645,2023-05-07T00:11:51Z,2023-05-07,8771,1563,Online,PayPal,COUPON043,44.84,USD
5646,2024-05-17T21:33:07Z,2024-05-17,56632,921,Retail,Credit Card,COUPON047,16.34,AUD
5647,2023-05-14T04:53:45Z,2023-05-14,79028,3366,Franchise,Credit Card,COUPON030,38.52,USD
5648,2023-12-23T10:31:09Z,2023-12-23,8302,1196,Franchise,PayPal,COUPON018,2.43,AUD
5649,2024-06-24T14:53:29Z,2024-06-24,13664,1139,Online,Afterpay,COUPON035,16.25,AUD
5650,2024-05-12T20:09:03Z,2024-05-12,15759,1117,Online,Cash,COUPON013,15.80,USD
5651,2024-06-13T21:22:03Z,2024-06-13,21952,4975,Online,Credit Card,COUPON050,17.64,USD
5652,2024-01-31T11:40:53Z,2024-01-31,19260,4067,Franchise,Afterpay,COUPON019,28.90,USD
5653,2023-10-22T15:41:58Z,2023-10-22,60283,4314,Franchise,Cash,COUPON030,2.35,AUD
5654,2024-08-16T20:56:07Z,2024-08-16,36728,2188,Online,PayPal,COUPON039,49.68,EUR
5655,2023-09-23T15:20:06Z,2023-09-23,36156,1117,Online,PayPal,COUPON030,8.40,EUR
5656,2023-04-03T18:03:39Z,2023-04-03,33400,3034,Retail,Cash,COUPON039,41.66,AUD
5657,2023-08-04T18:55:56Z,2023-08-04,79561,4047,Franchise,Afterpay,COUPON032,27.44,USD
5658,2023-04-02T06:24:03Z,2023-04-02,50392,1480,Online,Gift Card,COUPON008,33.45,USD
5659,2024-02-15T01:54:41Z,2024-02-15,22629,1657,Franchise,Gift Card,COUPON032,14.00,USD
5660,2023-12-24T20:40:01Z,2023-12-24,38518,3697,Franchise,Cash,COUPON028,40.19,USD
5661,2024-09-06T06:19:44Z,2024-09-06,43086,3183,Franchise,PayPal,COUPON031,35.91,AUD
5662,2023-09-11T15:56:59Z,2023-09-11,36416,1471,Franchise,Cash,COUPON009,18.89,AUD
5663,2023-03-08T14:36:34Z,2023-03-08,69677,2592,Franchise,Afterpay,COUPON027,15.04,AUD
5664,2024-03-20T06:31:05Z,2024-03-20,18473,4240,Franchise,Afterpay,COUPON047,22.31,USD
5665,2023-02-26T07:40:03Z,2023-02-26,24194,1831,Retail,Gift Card,COUPON024,22.11,USD
5666,2024-07-02T02:02:44Z,2024-07-02,47383,301,Franchise,Gift Card,COUPON047,46.44,USD
5667,2023-01-17T15:08:25Z,2023-01-17,19668,1802,Franchise,Gift Card,COUPON018,21.51,USD
5668,2023-02-25T12:09:12Z,2023-02-25,49173,1846,Retail,PayPal,COUPON034,5.77,EUR
5669,2024-08-02T22:55:48Z,2024-08-02,13804,3251,Franchise,Cash,COUPON036,36.01,AUD
5670,2024-02-20T23:45:56Z,2024-02-20,67042,625,Retail,Gift Card,COUPON035,18.73,USD
5671,2023-06-29T18:50:59Z,2023-06-29,35321,4956,Online,PayPal,COUPON046,12.81,EUR
5672,2024-05-18T05:53:44Z,2024-05-18,72224,4192,Franchise,Afterpay,COUPON007,36.02,AUD
5673,2024-07-21T18:11:32Z,2024-07-21,71023,40,Retail,Credit Card,COUPON039,12.90,AUD
5674,2024-06-19T06:01:00Z,2024-06-19,70160,2059,Retail,Afterpay,COUPON024,42.53,AUD
5675,2023-01-26T13:48:56Z,2023-01-26,61449,879,Retail,PayPal,,47.52,USD
5676,2023-04-10T03:41:45Z,2023-04-10,73007,565,Retail,Afterpay,COUPON020,22.32,AUD
5677,2024-05-10T07:50:18Z,2024-05-10,76729,395,Franchise,Afterpay,COUPON001,25.80,USD
5678,2023-05-10T14:59:04Z,2023-05-10,79059,1859,Franchise,Gift Card,COUPON043,7.90,EUR
5679,2023-11-04T01:28:47Z,2023-11-04,14057,2336,Online,PayPal,COUPON026,1.44,AUD
5680,2023-05-06T13:52:42Z,2023-05-06,70250,1847,Franchise,Cash,COUPON006,46.86,EUR
5681,2023-07-28T01:19:49Z,2023-07-28,54730,2425,Retail,Gift Card,COUPON025,19.41,USD
5682,2024-05-19T18:56:25Z,2024-05-19,41775,3580,Online,Cash,COUPON002,35.33,EUR
5683,2023-02-13T23:33:51Z,2023-02-13,52834,2990,Retail,Cash,COUPON045,1.06,AUD
5684,2023-12-19T16:25:14Z,2023-12-19,25743,715,Online,Cash,COUPON012,20.74,USD
5685,2023-07-30T10:17:48Z,2023-07-30,7480,3576,Online,Credit Card,COUPON020,47.24,EUR
5686,2023-03-10T13:18:05Z,2023-03-10,71317,2294,Online,Cash,COUPON045,20.29,USD
5687,2024-07-13T17:40:27Z,2024-07-13,48797,1741,Retail,Gift Card,COUPON004,36.61,USD
5688,2024-06-11T13:17:08Z,2024-06-11,62981,3349,Retail,Credit Card,COUPON034,36.96,USD
5689,2023-11-04T07:17:13Z,2023-11-04,35388,3396,Franchise,Gift Card,COUPON044,16.81,AUD
5690,2024-09-15T14:13:43Z,2024-09-15,48774,40,Online,PayPal,COUPON017,31.78,USD
5691,2024-05-27T13:24:31Z,2024-05-27,64236,4701,Retail,Cash,COUPON035,4.67,EUR
5692,2024-02-12T06:54:57Z,2024-02-12,2356,3358,Online,PayPal,COUPON017,8.55,AUD
5693,2023-12-12T01:38:37Z,2023-12-12,29994,4456,Retail,Cash,COUPON034,47.30,AUD
5694,2024-01-22T04:46:04Z,2024-01-22,36913,2505,Franchise,PayPal,COUPON041,10.96,USD
5695,2024-09-17T18:30:50Z,2024-09-17,12239,1318,Franchise,Cash,COUPON033,4.98,AUD
5696,2023-06-07T20:26:04Z,2023-06-07,51730,1390,Retail,Gift Card,COUPON048,24.23,USD
5697,2023-12-16T02:43:30Z,2023-12-16,21449,4213,Retail,Afterpay,COUPON050,6.18,EUR
5698,2023-01-06T06:51:37Z,2023-01-06,77186,2329,Online,Cash,COUPON006,15.81,USD
5699,2023-04-19T15:34:54Z,2023-04-19,77841,4810,Retail,Afterpay,COUPON050,13.62,USD
5700,2023-05-14T17:03:32Z,2023-05-14,60943,4712,Retail,Gift Card,COUPON014,15.62,AUD
5701,2024-01-07T19:19:13Z,2024-01-07,33665,241,Retail,Afterpay,COUPON035,35.50,AUD
5702,2023-12-19T21:06:36Z,2023-12-19,71038,3988,Retail,PayPal,COUPON014,15.77,EUR
5703,2023-08-03T19:13:42Z,2023-08-03,8717,348,Franchise,Credit Card,COUPON014,1.73,AUD
5704,2024-02-08T00:12:55Z,2024-02-08,79224,4097,Retail,Afterpay,COUPON046,42.89,AUD
5705,2024-09-14T02:43:16Z,2024-09-14,29400,144,Franchise,PayPal,COUPON022,5.93,AUD
5706,2024-08-03T11:38:01Z,2024-08-03,3569,3231,Franchise,Cash,,25.59,USD
5707,2023-05-14T13:11:50Z,2023-05-14,24,1778,Online,Gift Card,COUPON050,35.06,AUD
5708,2023-01-19T07:27:12Z,2023-01-19,26458,859,Franchise,Gift Card,COUPON036,1.27,EUR
5709,2023-10-04T06:44:25Z,2023-10-04,10391,1142,Franchise,Afterpay,COUPON025,21.11,USD
5710,2023-01-06T16:35:11Z,2023-01-06,15361,1010,Franchise,Afterpay,COUPON016,2.52,USD
5711,2024-08-28T14:54:10Z,2024-08-28,46823,1067,Retail,Credit Card,COUPON028,10.48,USD
5712,2024-01-22T11:06:56Z,2024-01-22,48177,2336,Online,Gift Card,COUPON017,49.49,AUD
5713,2023-09-20T05:24:02Z,2023-09-20,72564,3807,Online,Credit Card,COUPON039,10.82,EUR
5714,2023-02-14T08:23:44Z,2023-02-14,1806,3438,Online,Gift Card,COUPON037,44.41,EUR
5715,2023-05-05T16:11:30Z,2023-05-05,15806,1159,Online,PayPal,COUPON036,42.09,AUD
5716,2024-07-09T19:34:24Z,2024-07-09,36529,899,Franchise,Cash,COUPON034,28.53,USD
5717,2024-09-24T07:09:34Z,2024-09-24,69652,960,Franchise,Cash,COUPON022,16.69,USD
5718,2024-09-14T15:59:42Z,2024-09-14,77762,4002,Online,Credit Card,COUPON007,3.59,USD
5719,2024-01-16T04:53:27Z,2024-01-16,75361,1502,Retail,Credit Card,COUPON004,19.20,AUD
5720,2024-01-20T19:58:52Z,2024-01-20,69839,3200,Retail,Credit Card,COUPON017,10.68,EUR
5721,2024-03-01T09:58:14Z,2024-03-01,58679,1057,Online,Gift Card,COUPON008,23.65,AUD
5722,2024-05-19T19:11:36Z,2024-05-19,5248,3374,Retail,Afterpay,COUPON004,8.24,AUD
5723,2024-06-15T17:24:25Z,2024-06-15,2765,4682,Online,Credit Card,COUPON014,7.86,USD
5724,2024-04-19T20:00:13Z,2024-04-19,24987,2347,Franchise,Cash,COUPON029,47.05,AUD
5725,2023-06-06T01:59:26Z,2023-06-06,16506,4657,Retail,Gift Card,COUPON013,15.32,USD
5726,2024-09-04T08:21:11Z,2024-09-04,15999,455,Online,Afterpay,COUPON048,22.61,AUD
5727,2023-12-05T03:59:50Z,2023-12-05,15006,3378,Retail,Credit Card,COUPON019,20.01,AUD
5728,2023-12-12T11:31:07Z,2023-12-12,79350,820,Retail,Gift Card,COUPON044,25.38,AUD
5729,2024-03-11T21:41:38Z,2024-03-11,51958,1498,Online,Gift Card,COUPON013,16.55,USD
5730,2023-01-26T06:50:20Z,2023-01-26,38931,4531,Retail,Credit Card,COUPON018,6.22,AUD
5731,2023-05-05T18:48:06Z,2023-05-05,14855,1605,Franchise,PayPal,COUPON026,24.70,AUD
5732,2024-05-19T16:28:48Z,2024-05-19,74082,2256,Online,PayPal,COUPON006,46.12,USD
5733,2024-01-10T09:36:42Z,2024-01-10,30694,729,Franchise,Gift Card,COUPON007,7.88,AUD
5734,2024-07-18T06:43:02Z,2024-07-18,48844,2126,Online,PayPal,COUPON006,27.91,AUD
5735,2023-12-18T20:26:33Z,2023-12-18,33603,3891,Franchise,Afterpay,COUPON037,48.15,EUR
5736,2024-06-13T23:36:13Z,2024-06-13,62786,5000,Franchise,PayPal,COUPON036,7.57,AUD
5737,2023-04-30T09:25:20Z,2023-04-30,4499,767,Online,Gift Card,COUPON022,2.95,AUD
5738,2024-01-01T17:29:10Z,2024-01-01,33327,4014,Online,Afterpay,COUPON049,4.73,EUR
5739,2024-05-22T15:54:18Z,2024-05-22,17614,672,Retail,Afterpay,COUPON045,27.91,USD
5740,2023-03-07T05:08:39Z,2023-03-07,73862,2054,Retail,Afterpay,COUPON005,2.70,EUR
5741,2023-10-26T08:25:22Z,2023-10-26,14180,1171,Retail,Credit Card,COUPON050,14.77,AUD
5742,2023-03-10T14:48:06Z,2023-03-10,59120,3156,Online,Credit Card,COUPON040,49.86,USD
5743,2024-07-01T13:30:38Z,2024-07-01,14648,2733,Franchise,Cash,COUPON029,3.14,USD
5744,2024-09-01T22:11:22Z,2024-09-01,34037,328,Retail,Credit Card,COUPON038,16.94,USD
5745,2023-11-09T04:21:03Z,2023-11-09,39425,2773,Online,PayPal,COUPON035,31.74,USD
5746,2023-07-02T04:54:11Z,2023-07-02,13994,938,Franchise,Credit Card,COUPON034,10.93,AUD
5747,2023-03-11T12:13:44Z,2023-03-11,26709,1483,Online,Gift Card,COUPON023,2.84,USD
5748,2023-02-20T08:26:02Z,2023-02-20,67664,3447,Franchise,Credit Card,COUPON004,21.13,EUR
5749,2023-03-11T07:55:53Z,2023-03-11,28024,28,Online,Cash,COUPON030,12.27,EUR
5750,2023-10-22T00:01:27Z,2023-10-22,19930,4844,Franchise,Cash,COUPON001,44.31,USD
5751,2023-09-02T22:41:41Z,2023-09-02,14826,596,Online,Afterpay,COUPON020,12.81,EUR
5752,2024-03-25T22:18:27Z,2024-03-25,76407,1803,Retail,Afterpay,COUPON012,23.11,EUR
5753,2024-01-18T05:07:12Z,2024-01-18,27033,3490,Retail,Cash,COUPON033,6.10,USD
5754,2024-05-06T22:07:17Z,2024-05-06,50938,3829,Online,PayPal,COUPON010,35.37,USD
5755,2023-08-09T00:27:41Z,2023-08-09,70302,2787,Franchise,Gift Card,COUPON048,28.19,USD
5756,2023-05-07T07:42:24Z,2023-05-07,29860,4490,Franchise,Credit Card,COUPON007,42.60,AUD
5757,2024-05-25T18:37:43Z,2024-05-25,152,2546,Franchise,PayPal,COUPON032,21.27,USD
5758,2023-11-25T15:26:42Z,2023-11-25,51836,173,Franchise,PayPal,COUPON007,0.23,USD
5759,2024-07-21T14:47:27Z,2024-07-21,75368,4075,Retail,Gift Card,COUPON043,25.88,AUD
5760,2024-03-29T18:48:27Z,2024-03-29,59176,4605,Retail,Credit Card,COUPON037,47.87,AUD
5761,2024-03-17T04:26:37Z,2024-03-17,825,2730,Online,Cash,COUPON050,22.47,USD
5762,2023-12-20T14:18:46Z,2023-12-20,65925,1919,Retail,Afterpay,COUPON003,11.25,USD
5763,2023-01-26T03:03:34Z,2023-01-26,8147,3783,Retail,Cash,COUPON003,38.33,USD
5764,2024-09-01T21:33:25Z,2024-09-01,58390,541,Retail,Credit Card,COUPON040,44.71,EUR
5765,2023-01-19T18:36:53Z,2023-01-19,75491,4306,Online,Credit Card,COUPON011,15.28,USD
5766,2023-03-18T10:33:42Z,2023-03-18,44250,2174,Online,Credit Card,COUPON010,48.13,AUD
5767,2024-04-21T11:52:57Z,2024-04-21,63330,1158,Online,Cash,COUPON031,39.74,EUR
5768,2024-01-09T17:01:48Z,2024-01-09,75,3880,Retail,Gift Card,COUPON017,44.90,AUD
5769,2023-07-31T23:35:16Z,2023-07-31,30794,297,Online,Afterpay,COUPON039,23.82,USD
5770,2024-10-01T09:00:00Z,2024-10-01,65254,96,Retail,PayPal,COUPON013,16.65,USD
5771,2023-09-10T07:43:11Z,2023-09-10,22126,365,Retail,Credit Card,COUPON045,13.36,EUR
5772,2024-04-10T23:46:32Z,2024-04-10,66697,977,Retail,PayPal,COUPON001,24.69,EUR
5773,2024-03-04T02:38:00Z,2024-03-04,120,2965,Online,Gift Card,COUPON031,14.74,AUD
5774,2023-09-26T01:03:40Z,2023-09-26,12273,105,Retail,Gift Card,COUPON021,7.71,AUD
5775,2023-11-06T00:21:29Z,2023-11-06,81915,5426,Online,PayPal,COUPON004,43.33,AUD
5776,2024-09-07T01:11:54Z,2024-09-07,52908,1452,Franchise,Gift Card,COUPON003,18.11,EUR
5777,2024-07-02T02:24:42Z,2024-07-02,39636,7,Retail,Gift Card,COUPON015,38.37,AUD
5778,2023-03-17T06:59:34Z,2023-03-17,33810,3522,Retail,Cash,COUPON041,39.23,AUD
5779,2024-01-20T18:22:55Z,2024-01-20,78513,1298,Online,Cash,COUPON016,20.48,EUR
5780,2023-07-03T07:25:13Z,2023-07-03,12472,2512,Retail,Credit Card,COUPON031,21.63,EUR
5781,2023-07-27T21:08:10Z,2023-07-27,68551,2979,Retail,PayPal,COUPON050,22.78,USD
5782,2023-11-25T13:49:47Z,2023-11-25,24031,2850,Franchise,PayPal,COUPON013,36.70,EUR
5783,2023-07-05T19:42:21Z,2023-07-05,77407,2442,Retail,PayPal,COUPON046,7.00,EUR
5784,2023-03-13T21:35:14Z,2023-03-13,56364,1870,Retail,Credit Card,COUPON041,35.01,EUR
5785,2023-02-14T08:48:30Z,2023-02-14,798,83,Franchise,Gift Card,COUPON006,14.13,USD
5786,2024-09-13T11:19:44Z,2024-09-13,30597,3674,Online,Cash,COUPON017,10.24,USD
5787,2024-03-06T22:43:24Z,2024-03-06,6329,475,Retail,PayPal,COUPON031,18.02,EUR
5788,2023-01-24T22:09:26Z,2023-01-24,2924,675,Franchise,Credit Card,COUPON014,38.66,EUR
5789,2023-01-11T19:20:04Z,2023-01-11,20636,2771,Online,PayPal,COUPON036,7.45,EUR
5790,2024-03-29T20:54:05Z,2024-03-29,4262,4620,Franchise,Credit Card,COUPON001,6.29,AUD
5791,2024-03-28T21:43:53Z,2024-03-28,38078,4870,Online,Gift Card,COUPON046,23.46,USD
5792,2024-03-06T03:13:04Z,2024-03-06,15965,3819,Online,Credit Card,COUPON039,44.83,AUD
5793,2023-04-29T11:45:30Z,2023-04-29,52234,2660,Online,PayPal,COUPON043,47.70,USD
5794,2023-11-19T22:51:08Z,2023-11-19,66846,1505,Online,Afterpay,COUPON049,20.16,USD
5795,2023-03-09T06:46:30Z,2023-03-09,67730,2058,Franchise,PayPal,COUPON022,44.24,EUR
5796,2024-07-30T20:21:18Z,2024-07-30,78057,1282,Online,Afterpay,COUPON018,38.95,USD
5797,2024-07-29T04:01:14Z,2024-07-29,62874,2391,Franchise,Gift Card,COUPON039,48.37,USD
5798,2023-06-19T15:02:16Z,2023-06-19,64337,4689,Retail,Cash,COUPON046,26.44,EUR
5799,2023-04-27T23:29:41Z,2023-04-27,42422,4712,Retail,Cash,COUPON033,14.55,USD
5800,2024-06-15T06:31:58Z,2024-06-15,64760,1287,Franchise,Afterpay,COUPON031,40.29,USD
5801,2023-02-03T12:35:40Z,2023-02-03,52977,607,Retail,Cash,COUPON035,39.86,USD
5802,2023-02-10T08:33:43Z,2023-02-10,9475,4034,Franchise,Cash,COUPON048,25.42,AUD
5803,2024-07-13T09:45:23Z,2024-07-13,67167,2028,Franchise,Gift Card,COUPON013,3.12,AUD
5804,2024-04-16T07:19:33Z,2024-04-16,23475,608,Franchise,Gift Card,COUPON019,32.08,AUD
5805,2024-03-21T11:59:45Z,2024-03-21,46977,733,Franchise,Gift Card,COUPON039,42.30,USD
5806,2024-03-26T15:26:37Z,2024-03-26,86089,5437,Online,Gift Card,COUPON025,26.25,EUR
5807,2024-04-18T06:51:04Z,2024-04-18,20418,2455,Online,Cash,COUPON043,36.27,AUD
5808,2024-05-14T22:59:40Z,2024-05-14,58180,1141,Online,Cash,COUPON004,31.26,EUR
5809,2023-03-15T14:35:25Z,2023-03-15,36534,1563,Retail,Gift Card,COUPON004,2.99,EUR
5810,2024-04-27T05:43:37Z,2024-04-27,35564,1998,Retail,Afterpay,COUPON041,15.82,EUR
5811,2023-06-07T06:10:48Z,2023-06-07,51341,1152,Online,Cash,COUPON023,19.00,EUR
5812,2023-02-01T22:24:37Z,2023-02-01,29610,1666,Online,Afterpay,COUPON040,4.33,EUR
5813,2023-03-08T16:14:32Z,2023-03-08,5044,1725,Franchise,Credit Card,COUPON050,37.20,USD
5814,2024-08-23T15:46:46Z,2024-08-23,52536,740,Retail,Cash,COUPON042,48.90,AUD
5815,2024-06-10T04:52:07Z,2024-06-10,33162,4970,Retail,Afterpay,COUPON029,49.40,USD
5816,2024-08-26T18:44:43Z,2024-08-26,73887,3272,Franchise,Cash,COUPON047,38.54,AUD
5817,2023-12-07T19:47:17Z,2023-12-07,68783,26,Franchise,PayPal,COUPON040,10.00,USD
5818,2023-06-26T08:17:22Z,2023-06-26,31683,2264,Franchise,Credit Card,COUPON050,9.78,AUD
5819,2024-03-26T11:08:15Z,2024-03-26,68227,1104,Online,Credit Card,COUPON035,17.65,AUD
5820,2023-04-23T04:50:56Z,2023-04-23,4574,1052,Retail,Afterpay,COUPON025,49.64,EUR
5821,2024-04-23T19:50:26Z,2024-04-23,55123,3527,Franchise,Credit Card,COUPON030,44.83,USD
5822,2024-03-18T07:50:04Z,2024-03-18,6659,1954,Retail,Credit Card,COUPON020,3.58,USD
5823,2023-06-29T01:44:54Z,2023-06-29,20793,3516,Franchise,Afterpay,COUPON044,39.75,EUR
5824,2024-07-04T20:06:01Z,2024-07-04,5651,3964,Retail,PayPal,COUPON010,8.75,USD
5825,2023-10-29T00:15:52Z,2023-10-29,70834,301,Online,PayPal,COUPON018,45.67,AUD
5826,2023-10-25T11:19:45Z,2023-10-25,25864,3912,Online,Gift Card,COUPON027,41.67,EUR
5827,2024-08-31T23:08:09Z,2024-08-31,10971,1640,Franchise,Afterpay,COUPON027,6.64,AUD
5828,2023-11-24T04:17:28Z,2023-11-24,42891,2800,Franchise,Cash,COUPON038,3.30,EUR
5829,2023-06-04T02:47:23Z,2023-06-04,25678,2824,Franchise,Cash,,4.18,USD
5830,2024-08-26T06:47:03Z,2024-08-26,73283,4192,Franchise,Cash,COUPON009,40.72,USD
5831,2023-02-18T15:36:03Z,2023-02-18,74241,3618,Retail,PayPal,COUPON024,21.06,AUD
5832,2023-08-26T01:28:22Z,2023-08-26,79684,4265,Online,Cash,COUPON022,38.28,USD
5833,2024-01-21T19:21:32Z,2024-01-21,42393,4389,Franchise,Gift Card,COUPON008,24.00,EUR
5834,2024-08-09T10:49:09Z,2024-08-09,43636,2214,Online,Gift Card,COUPON041,48.64,AUD
5835,2023-05-11T13:52:40Z,2023-05-11,32365,84,Retail,Afterpay,COUPON005,24.87,AUD
5836,2024-09-24T08:44:31Z,2024-09-24,70546,1121,Online,PayPal,COUPON040,27.18,EUR
5837,2024-09-30T08:58:36Z,2024-09-30,69432,3035,Retail,Cash,COUPON039,26.48,EUR
5838,2024-05-18T00:52:39Z,2024-05-18,60324,3324,Franchise,Afterpay,COUPON006,31.04,USD
5839,2023-06-24T08:41:50Z,2023-06-24,78818,2103,Retail,PayPal,COUPON042,36.09,AUD
5840,2023-08-25T23:22:09Z,2023-08-25,24709,3914,Online,Cash,COUPON027,33.16,EUR
5841,2023-12-31T11:19:05Z,2023-12-31,36700,1365,Online,PayPal,COUPON007,49.01,AUD
5842,2024-06-25T05:44:09Z,2024-06-25,64082,3939,Online,Afterpay,COUPON045,35.69,AUD
5843,2023-03-26T23:43:30Z,2023-03-26,13093,3137,Online,Afterpay,COUPON048,25.20,EUR
5844,2023-09-30T16:42:33Z,2023-09-30,53536,3299,Franchise,PayPal,COUPON044,31.69,AUD
5845,2023-03-26T23:09:24Z,2023-03-26,28093,4130,Online,Gift Card,COUPON017,37.25,AUD
5846,2023-04-19T22:50:38Z,2023-04-19,11428,737,Franchise,Cash,COUPON028,46.50,AUD
5847,2023-03-23T22:19:49Z,2023-03-23,32170,3575,Online,Credit Card,COUPON018,32.71,AUD
5848,2023-09-23T06:23:18Z,2023-09-23,66509,2123,Retail,PayPal,COUPON047,27.07,AUD
5849,2023-05-31T17:37:37Z,2023-05-31,29724,2159,Retail,Cash,COUPON039,16.00,EUR
5850,2023-01-14T01:03:36Z,2023-01-14,21083,4998,Franchise,Cash,COUPON040,42.64,AUD
5851,2023-09-01T12:06:34Z,2023-09-01,58257,1958,Franchise,Cash,COUPON013,33.95,AUD
5852,2023-09-08T07:08:42Z,2023-09-08,34136,1731,Retail,Credit Card,COUPON024,45.09,EUR
5853,2023-05-26T03:16:37Z,2023-05-26,37374,678,Retail,Cash,COUPON034,40.05,USD
5854,2023-07-28T17:18:16Z,2023-07-28,47741,3695,Online,Cash,COUPON003,32.08,EUR
5855,2024-03-25T06:01:17Z,2024-03-25,37389,3584,Franchise,Cash,COUPON029,9.28,EUR
5856,2024-07-01T17:17:26Z,2024-07-01,76321,695,Retail,Gift Card,COUPON023,0.41,USD
5857,2024-09-29T17:08:04Z,2024-09-29,63608,2797,Franchise,Afterpay,COUPON001,12.04,AUD
5858,2024-09-30T18:23:22Z,2024-09-30,11201,1393,Online,Gift Card,COUPON002,48.26,USD
5859,2024-02-19T12:38:27Z,2024-02-19,69730,3988,Franchise,Afterpay,COUPON034,12.53,AUD
5860,2024-04-10T18:30:18Z,2024-04-10,49207,2629,Online,PayPal,COUPON020,1.62,USD
5861,2023-11-21T22:21:25Z,2023-11-21,64082,3887,Retail,PayPal,COUPON020,9.28,USD
5862,2023-03-28T17:56:04Z,2023-03-28,64475,3416,Online,Gift Card,COUPON042,29.97,USD
5863,2023-04-05T11:41:13Z,2023-04-05,57502,4734,Retail,Credit Card,COUPON034,10.35,USD
5864,2024-01-06T09:03:26Z,2024-01-06,19828,3862,Franchise,Afterpay,COUPON021,30.79,AUD
5865,2024-08-25T22:13:27Z,2024-08-25,3099,1116,Franchise,Afterpay,COUPON028,12.18,AUD
5866,2024-09-10T12:59:27Z,2024-09-10,5895,4357,Franchise,PayPal,COUPON025,41.88,USD
5867,2024-07-11T13:37:23Z,2024-07-11,8899,2007,Retail,PayPal,COUPON019,16.39,USD
5868,2023-10-17T00:10:29Z,2023-10-17,70966,1867,Franchise,PayPal,COUPON020,45.52,AUD
5869,2023-01-17T15:38:48Z,2023-01-17,11628,2362,Retail,PayPal,COUPON040,2.63,AUD
5870,2023-12-14T10:19:23Z,2023-12-14,45407,3053,Retail,Afterpay,COUPON047,1.19,EUR
5871,2023-02-05T09:14:42Z,2023-02-05,57145,1946,Online,Cash,COUPON040,29.31,USD
5872,2023-02-03T09:47:00Z,2023-02-03,44910,4347,Retail,Credit Card,COUPON008,48.35,AUD
5873,2023-09-11T20:08:55Z,2023-09-11,59671,3779,Franchise,Gift Card,COUPON010,18.80,USD
5874,2023-06-28T02:26:53Z,2023-06-28,51454,913,Franchise,Credit Card,COUPON029,11.62,USD
5875,2024-07-01T02:37:12Z,2024-07-01,76531,119,Retail,Afterpay,COUPON001,33.09,AUD
5876,2023-12-15T00:31:26Z,2023-12-15,27651,3137,Franchise,PayPal,COUPON008,13.30,USD
5877,2023-06-10T20:07:32Z,2023-06-10,44862,784,Franchise,Gift Card,COUPON034,48.72,USD
5878,2023-09-09T04:31:36Z,2023-09-09,57897,4218,Online,Gift Card,COUPON034,48.87,USD
5879,2023-01-24T01:25:15Z,2023-01-24,10658,4845,Franchise,Afterpay,COUPON049,15.04,AUD
5880,2023-08-19T12:44:09Z,2023-08-19,29624,2063,Franchise,Credit Card,COUPON048,33.60,USD
5881,2023-10-12T12:09:37Z,2023-10-12,24355,4723,Retail,PayPal,COUPON018,40.62,EUR
5882,2024-01-23T00:33:40Z,2024-01-23,73654,4952,Retail,PayPal,COUPON030,39.09,AUD
5883,2023-06-02T04:50:14Z,2023-06-02,42031,3154,Retail,Credit Card,COUPON016,32.42,AUD
5884,2023-08-11T05:21:45Z,2023-08-11,71703,2792,Online,PayPal,COUPON047,2.57,USD
5885,2023-08-16T05:31:21Z,2023-08-16,35716,3275,Online,Cash,COUPON009,3.58,USD
5886,2023-10-07T01:07:10Z,2023-10-07,40600,3998,Retail,Credit Card,COUPON031,8.77,AUD
5887,2024-09-22T17:42:09Z,2024-09-22,14700,551,Franchise,PayPal,COUPON040,19.03,AUD
5888,2023-03-07T19:06:49Z,2023-03-07,11426,680,Franchise,PayPal,COUPON021,17.50,AUD
5889,2023-11-28T19:46:37Z,2023-11-28,38361,1974,Online,Credit Card,COUPON026,18.63,USD
5890,2023-04-03T18:54:53Z,2023-04-03,38708,2118,Online,PayPal,COUPON011,15.68,EUR
5891,2023-11-14T15:44:41Z,2023-11-14,76752,3767,Online,PayPal,,48.48,AUD
5892,2024-09-28T15:40:01Z,2024-09-28,74870,3059,Online,Credit Card,COUPON012,47.04,USD
5893,2023-12-14T14:17:04Z,2023-12-14,42321,4752,Retail,Gift Card,COUPON003,36.82,USD
5894,2023-08-30T15:57:59Z,2023-08-30,12976,2523,Online,PayPal,COUPON007,9.80,USD
5895,2023-08-16T05:20:02Z,2023-08-16,2286,2801,Retail,Afterpay,COUPON012,11.54,USD
5896,2024-04-27T09:02:58Z,2024-04-27,81486,5366,Franchise,PayPal,COUPON011,29.69,USD
5897,2023-07-21T19:23:38Z,2023-07-21,19503,4218,Online,PayPal,COUPON029,25.63,AUD
5898,2023-08-16T19:50:42Z,2023-08-16,51945,1272,Franchise,Gift Card,COUPON030,24.88,AUD
5899,2023-08-07T14:39:56Z,2023-08-07,27236,1533,Online,Gift Card,COUPON009,29.95,EUR
5900,2024-05-10T03:47:40Z,2024-05-10,46704,2760,Online,Gift Card,COUPON038,15.44,EUR
5901,2023-07-17T14:00:16Z,2023-07-17,17092,3443,Franchise,Credit Card,COUPON030,19.83,EUR
5902,2023-06-05T19:32:37Z,2023-06-05,77463,2680,Retail,PayPal,COUPON044,25.04,USD
5903,2024-08-17T18:08:04Z,2024-08-17,75554,4491,Franchise,Cash,COUPON023,32.14,EUR
5904,2023-09-11T06:50:44Z,2023-09-11,36900,1848,Retail,PayPal,COUPON035,7.97,EUR
5905,2023-07-22T14:31:03Z,2023-07-22,61013,603,Retail,Gift Card,COUPON021,44.22,AUD
5906,2023-09-23T12:49:42Z,2023-09-23,67513,347,Franchise,PayPal,,48.09,USD
5907,2023-09-07T09:04:08Z,2023-09-07,29081,1879,Franchise,Afterpay,COUPON034,30.60,AUD
5908,2024-05-03T23:43:58Z,2024-05-03,5257,3850,Online,Gift Card,COUPON024,1.69,USD
5909,2023-04-25T07:06:24Z,2023-04-25,25467,762,Franchise,Afterpay,COUPON042,44.93,USD
5910,2023-10-14T09:15:57Z,2023-10-14,78211,3627,Franchise,Gift Card,COUPON032,26.85,USD
5911,2023-08-19T10:01:12Z,2023-08-19,6763,3153,Online,Credit Card,COUPON013,37.99,USD
5912,2023-05-06T19:49:48Z,2023-05-06,53378,4872,Retail,PayPal,COUPON033,26.35,EUR
5913,2024-03-13T02:14:42Z,2024-03-13,54340,651,Franchise,PayPal,COUPON044,11.31,USD
5914,2023-09-15T18:57:06Z,2023-09-15,42596,4449,Retail,Cash,COUPON024,16.70,EUR
5915,2024-03-11T11:19:38Z,2024-03-11,55124,2574,Franchise,Credit Card,COUPON028,30.50,USD
5916,2024-09-15T04:59:40Z,2024-09-15,40753,668,Retail,Afterpay,COUPON041,40.01,AUD
5917,2024-05-12T04:27:04Z,2024-05-12,38711,4782,Franchise,Credit Card,COUPON025,17.43,AUD
5918,2024-01-05T09:05:14Z,2024-01-05,70708,1987,Online,Afterpay,COUPON015,7.54,AUD
5919,2023-01-18T00:31:10Z,2023-01-18,79265,3891,Retail,Credit Card,COUPON030,10.97,USD
5920,2024-03-17T05:06:17Z,2024-03-17,61693,1016,Franchise,Cash,COUPON023,27.70,AUD
5921,2024-05-17T20:51:25Z,2024-05-17,4744,4352,Online,PayPal,COUPON040,25.81,AUD
5922,2023-05-03T07:10:43Z,2023-05-03,29157,1753,Retail,Gift Card,COUPON015,43.73,AUD
5923,2023-12-07T23:31:41Z,2023-12-07,69673,3632,Online,Gift Card,COUPON018,27.66,USD
5924,2023-10-22T11:17:24Z,2023-10-22,2849,1302,Franchise,Afterpay,COUPON046,19.89,EUR
5925,2023-08-03T16:54:20Z,2023-08-03,69249,3381,Retail,Cash,COUPON007,40.64,AUD
5926,2023-10-28T14:18:38Z,2023-10-28,20177,4349,Retail,Cash,COUPON012,11.78,USD
5927,2023-08-20T13:52:37Z,2023-08-20,19790,2244,Online,Gift Card,COUPON023,36.36,AUD
5928,2024-07-08T07:49:19Z,2024-07-08,7580,2292,Franchise,PayPal,COUPON045,15.96,AUD
5929,2024-08-04T18:07:28Z,2024-08-04,63719,685,Online,Afterpay,COUPON031,8.23,EUR
5930,2023-10-24T22:06:50Z,2023-10-24,47466,3244,Online,PayPal,COUPON025,47.30,EUR
5931,2024-02-16T10:15:32Z,2024-02-16,37934,25,Franchise,Afterpay,COUPON012,36.18,EUR
5932,2023-11-01T12:10:02Z,2023-11-01,18371,4577,Franchise,Gift Card,COUPON047,9.38,AUD
5933,2024-08-06T11:13:23Z,2024-08-06,64437,3893,Retail,PayPal,COUPON013,8.13,EUR
5934,2023-07-18T13:57:05Z,2023-07-18,58456,2483,Retail,Gift Card,COUPON035,42.96,USD
5935,2023-02-16T21:32:55Z,2023-02-16,33694,696,Franchise,Credit Card,COUPON014,26.76,EUR
5936,2023-01-16T14:31:56Z,2023-01-16,31026,10,Franchise,Cash,COUPON013,11.09,USD
5937,2023-10-07T00:38:46Z,2023-10-07,3341,3474,Retail,Credit Card,COUPON033,21.98,EUR
5938,2024-03-30T21:39:57Z,2024-03-30,39882,3518,Online,Cash,COUPON019,28.20,EUR
5939,2023-04-10T21:39:29Z,2023-04-10,10746,2386,Franchise,Cash,COUPON022,22.95,AUD
5940,2024-06-16T06:25:56Z,2024-06-16,13912,4962,Franchise,PayPal,COUPON016,19.32,EUR
5941,2023-05-12T14:23:48Z,2023-05-12,59753,2840,Franchise,Afterpay,COUPON011,45.80,AUD
5942,2023-08-25T04:32:40Z,2023-08-25,41637,4524,Online,Gift Card,COUPON045,36.08,AUD
5943,2023-09-04T01:48:45Z,2023-09-04,22753,4572,Online,Afterpay,COUPON048,5.95,USD
5944,2024-03-26T14:23:40Z,2024-03-26,37667,1488,Retail,PayPal,COUPON036,10.86,AUD
5945,2024-04-14T18:09:57Z,2024-04-14,63511,57,Franchise,Gift Card,COUPON015,33.58,AUD
5946,2023-09-29T08:48:46Z,2023-09-29,31291,527,Franchise,Cash,COUPON019,26.72,EUR
5947,2024-04-19T03:32:24Z,2024-04-19,29763,4373,Franchise,PayPal,COUPON002,17.77,AUD
5948,2023-03-07T11:32:19Z,2023-03-07,78475,4341,Retail,Afterpay,COUPON032,20.68,AUD
5949,2024-08-22T07:37:47Z,2024-08-22,76234,1927,Retail,Afterpay,COUPON028,47.00,AUD
5950,2024-02-09T19:07:23Z,2024-02-09,58782,1911,Franchise,Credit Card,COUPON050,12.09,USD
5951,2023-08-11T12:51:12Z,2023-08-11,55328,1000,Online,Gift Card,COUPON031,11.27,USD
5952,2024-01-25T06:00:12Z,2024-01-25,16684,3229,Franchise,Credit Card,COUPON039,21.45,AUD
5953,2023-07-31T13:02:25Z,2023-07-31,44473,1878,Retail,Afterpay,COUPON044,42.41,USD
5954,2024-04-19T03:12:11Z,2024-04-19,45423,4778,Retail,Cash,COUPON041,6.38,AUD
5955,2023-02-01T02:06:22Z,2023-02-01,2001,3781,Franchise,Cash,,28.83,USD
5956,2023-04-18T06:24:12Z,2023-04-18,29951,1943,Retail,PayPal,COUPON003,33.52,EUR
5957,2024-08-09T13:26:29Z,2024-08-09,46037,3667,Online,Afterpay,COUPON011,35.92,USD
5958,2023-09-03T10:57:08Z,2023-09-03,6200,2580,Retail,Cash,COUPON046,0.88,USD
5959,2023-11-16T21:21:53Z,2023-11-16,73516,491,Retail,Gift Card,COUPON019,12.67,USD
5960,2023-11-06T14:29:11Z,2023-11-06,45085,1464,Retail,Cash,COUPON025,5.20,EUR
5961,2023-03-01T14:17:39Z,2023-03-01,55565,421,Franchise,PayPal,COUPON042,30.39,AUD
5962,2024-03-03T07:00:25Z,2024-03-03,37648,988,Retail,PayPal,COUPON029,15.29,EUR
5963,2023-02-05T13:49:00Z,2023-02-05,11349,4427,Franchise,Cash,COUPON031,37.65,EUR
5964,2024-04-14T13:09:53Z,2024-04-14,16656,1879,Franchise,Gift Card,COUPON041,48.02,USD
5965,2024-01-21T07:26:44Z,2024-01-21,32337,2583,Franchise,Cash,COUPON047,16.19,AUD
5966,2024-01-13T09:26:46Z,2024-01-13,76564,819,Online,Afterpay,COUPON050,28.94,EUR
5967,2024-01-17T09:01:43Z,2024-01-17,50158,1650,Franchise,Gift Card,COUPON024,24.87,AUD
5968,2023-11-20T17:28:29Z,2023-11-20,77998,319,Online,Afterpay,COUPON020,16.84,AUD
5969,2024-01-22T04:22:15Z,2024-01-22,36699,4700,Retail,Credit Card,COUPON037,19.78,EUR
5970,2023-05-29T14:45:15Z,2023-05-29,41732,2248,Retail,Gift Card,COUPON016,48.98,EUR
5971,2024-07-02T15:32:31Z,2024-07-02,47558,178,Franchise,PayPal,COUPON022,16.18,EUR
5972,2023-05-02T09:37:26Z,2023-05-02,13263,1075,Retail,Credit Card,COUPON029,21.74,AUD
5973,2024-01-16T00:01:50Z,2024-01-16,4020,3715,Retail,Cash,COUPON001,42.16,AUD
5974,2024-01-18T18:23:20Z,2024-01-18,11583,4435,Retail,Gift Card,COUPON040,43.15,EUR
5975,2023-11-11T02:20:29Z,2023-11-11,39707,4549,Online,PayPal,COUPON001,38.05,AUD
5976,2024-07-16T04:07:48Z,2024-07-16,56910,3400,Franchise,Afterpay,COUPON022,24.91,EUR
5977,2023-04-13T04:22:38Z,2023-04-13,17744,19,Franchise,Afterpay,COUPON050,32.95,AUD
5978,2023-03-23T18:20:08Z,2023-03-23,13813,3882,Online,Afterpay,COUPON037,6.29,USD
5979,2023-10-14T22:32:11Z,2023-10-14,74061,2311,Retail,PayPal,COUPON035,34.16,EUR
5980,2023-05-28T18:55:51Z,2023-05-28,75968,3460,Franchise,Afterpay,COUPON009,2.09,EUR
5981,2024-05-26T19:51:53Z,2024-05-26,65366,3319,Online,Cash,COUPON050,41.17,USD
5982,2023-01-22T14:27:24Z,2023-01-22,47057,2351,Retail,PayPal,COUPON029,38.26,EUR
5983,2023-09-05T03:56:19Z,2023-09-05,66724,2163,Franchise,PayPal,COUPON035,30.64,EUR
5984,2023-08-19T01:58:34Z,2023-08-19,77763,1235,Retail,PayPal,COUPON009,9.03,USD
5985,2023-06-05T13:17:41Z,2023-06-05,61284,4302,Franchise,Gift Card,COUPON047,20.70,USD
5986,2024-06-23T09:02:50Z,2024-06-23,56438,1752,Online,PayPal,COUPON002,41.19,USD
5987,2023-05-18T17:52:04Z,2023-05-18,42048,1328,Online,Afterpay,COUPON043,13.51,EUR
5988,2024-07-09T08:06:41Z,2024-07-09,39123,2288,Retail,Afterpay,COUPON018,49.04,AUD
5989,2023-11-08T20:08:15Z,2023-11-08,2564,2427,Retail,PayPal,COUPON029,36.11,AUD
5990,2023-03-26T19:56:37Z,2023-03-26,50939,4401,Online,Cash,COUPON008,27.38,USD
5991,2023-08-12T16:50:05Z,2023-08-12,26528,3918,Franchise,Credit Card,COUPON011,6.15,AUD
5992,2024-08-23T18:41:30Z,2024-08-23,25558,4447,Online,Credit Card,COUPON023,15.41,USD
5993,2024-05-12T18:00:17Z,2024-05-12,52318,3609,Franchise,Cash,COUPON020,13.29,USD
5994,2024-05-26T20:03:44Z,2024-05-26,1094,199,Retail,Afterpay,COUPON034,41.13,EUR
5995,2024-09-29T16:52:35Z,2024-09-29,58995,554,Franchise,Afterpay,COUPON019,5.55,USD
5996,2024-03-15T04:23:05Z,2024-03-15,2017,3269,Franchise,PayPal,COUPON006,35.03,EUR
5997,2024-07-30T10:24:13Z,2024-07-30,23536,83,Franchise,Gift Card,COUPON037,47.33,USD
5998,2024-01-15T23:33:13Z,2024-01-15,72611,1677,Retail,Cash,COUPON012,42.49,EUR
5999,2023-12-16T14:07:04Z,2023-12-16,29511,4433,Online,Afterpay,COUPON002,37.14,EUR
6000,2023-07-21T03:19:37Z,2023-07-21,22886,981,Online,Cash,COUPON024,29.74,USD
6001,2023-07-27T12:11:23Z,2023-07-27,43143,4969,Retail,PayPal,COUPON025,17.13,EUR
6002,2024-07-17T20:19:02Z,2024-07-17,49043,2620,Online,Afterpay,COUPON045,26.20,AUD
6003,2024-01-27T06:43:23Z,2024-01-27,61686,246,Retail,Afterpay,COUPON004,30.96,USD
6004,2024-03-26T18:45:43Z,2024-03-26,7443,568,Franchise,Cash,COUPON030,4.55,USD
6005,2024-03-31T08:38:59Z,2024-03-31,36584,1922,Franchise,Afterpay,COUPON024,44.70,EUR
6006,2024-02-25T07:49:14Z,2024-02-25,45038,4507,Online,Cash,COUPON030,32.83,EUR
6007,2023-12-05T03:05:20Z,2023-12-05,31855,3525,Franchise,Gift Card,COUPON038,47.74,AUD
6008,2024-03-18T03:01:41Z,2024-03-18,57454,3424,Franchise,Cash,COUPON002,21.18,USD
6009,2024-01-17T19:40:59Z,2024-01-17,21991,4286,Retail,Afterpay,COUPON034,5.15,EUR
6010,2023-05-02T01:43:37Z,2023-05-02,25002,789,Online,PayPal,COUPON020,28.74,USD
6011,2024-07-18T22:27:54Z,2024-07-18,35312,3455,Retail,Gift Card,COUPON032,43.50,USD
6012,2024-07-27T17:39:27Z,2024-07-27,34812,2300,Online,Credit Card,COUPON034,5.49,USD
6013,2023-05-06T19:09:42Z,2023-05-06,77432,2095,Online,Gift Card,COUPON022,35.43,EUR
6014,2023-04-27T04:07:31Z,2023-04-27,56503,2818,Retail,Afterpay,COUPON024,16.59,EUR
6015,2023-02-08T16:28:01Z,2023-02-08,5047,492,Franchise,Afterpay,COUPON028,0.73,AUD
6016,2024-05-30T17:45:22Z,2024-05-30,30188,4295,Franchise,Gift Card,COUPON029,31.72,EUR
6017,2023-11-11T00:43:58Z,2023-11-11,22641,30,Online,Cash,,40.35,EUR
6018,2023-01-25T05:22:54Z,2023-01-25,65051,4054,Retail,Gift Card,COUPON024,12.03,AUD
6019,2023-04-05T14:39:20Z,2023-04-05,46541,2803,Retail,Afterpay,COUPON046,8.92,AUD
6020,2023-10-30T05:09:00Z,2023-10-30,20408,2626,Franchise,Credit Card,COUPON026,15.50,USD
6021,2023-10-09T20:25:46Z,2023-10-09,8358,3789,Franchise,PayPal,COUPON041,9.77,USD
6022,2023-11-05T23:26:58Z,2023-11-05,28753,2164,Online,Credit Card,COUPON010,16.07,AUD
6023,2023-07-04T06:16:04Z,2023-07-04,38991,4441,Retail,Cash,COUPON050,31.75,AUD
6024,2023-03-02T21:40:31Z,2023-03-02,47796,1575,Online,Gift Card,COUPON004,36.56,AUD
6025,2023-10-27T04:15:12Z,2023-10-27,33589,4654,Online,PayPal,COUPON011,49.45,AUD
6026,2023-08-12T14:30:57Z,2023-08-12,63594,4959,Retail,PayPal,COUPON044,6.29,AUD
6027,2024-02-24T06:57:22Z,2024-02-24,66282,4790,Online,Credit Card,COUPON045,25.81,USD
6028,2023-12-01T16:51:23Z,2023-12-01,1202,4484,Franchise,Gift Card,COUPON012,5.24,AUD
6029,2023-04-06T05:05:35Z,2023-04-06,62026,1682,Franchise,Gift Card,COUPON006,19.87,AUD
6030,2024-02-25T08:47:57Z,2024-02-25,75226,172,Online,Afterpay,COUPON029,19.81,USD
6031,2024-07-30T18:40:28Z,2024-07-30,53501,3421,Franchise,Gift Card,COUPON006,25.15,AUD
6032,2024-01-22T13:34:26Z,2024-01-22,34963,4379,Online,Cash,COUPON012,26.56,EUR
6033,2023-07-30T03:05:50Z,2023-07-30,69644,2076,Retail,Cash,COUPON003,47.03,USD
6034,2024-03-06T10:23:43Z,2024-03-06,20634,1560,Online,Cash,COUPON037,2.33,USD
6035,2023-01-31T01:42:06Z,2023-01-31,71916,1188,Retail,Gift Card,COUPON049,15.37,EUR
6036,2023-03-26T23:44:51Z,2023-03-26,7093,2533,Online,Cash,COUPON042,8.41,USD
6037,2023-04-27T03:02:11Z,2023-04-27,60159,3970,Franchise,Gift Card,COUPON031,42.84,EUR
6038,2023-10-04T07:33:47Z,2023-10-04,5705,478,Retail,Afterpay,COUPON012,40.76,EUR
6039,2023-06-10T09:03:42Z,2023-06-10,23865,3636,Franchise,Gift Card,COUPON020,13.92,USD
6040,2023-12-31T08:41:57Z,2023-12-31,31913,4883,Retail,PayPal,COUPON020,15.67,AUD
6041,2024-05-02T23:21:22Z,2024-05-02,33295,2918,Franchise,Gift Card,COUPON050,44.64,AUD
6042,2023-07-17T05:37:11Z,2023-07-17,2743,1302,Franchise,Cash,COUPON038,32.18,EUR
6043,2024-05-06T02:54:08Z,2024-05-06,80312,5286,Franchise,Afterpay,COUPON040,30.97,USD
6044,2024-04-14T06:15:59Z,2024-04-14,72615,2838,Retail,Credit Card,COUPON024,3.93,EUR
6045,2023-02-13T20:30:52Z,2023-02-13,21001,521,Online,PayPal,COUPON015,44.77,USD
6046,2024-09-30T10:50:44Z,2024-09-30,18766,4088,Retail,Credit Card,COUPON024,20.48,AUD
6047,2024-02-09T23:57:23Z,2024-02-09,27281,2918,Retail,Cash,COUPON019,18.18,USD
6048,2023-07-21T04:33:24Z,2023-07-21,65501,1544,Online,Afterpay,COUPON030,2.33,USD
6049,2023-07-27T09:11:10Z,2023-07-27,16253,3819,Retail,Gift Card,COUPON003,43.30,USD
6050,2023-06-06T00:14:18Z,2023-06-06,71973,4470,Online,Afterpay,COUPON049,13.00,USD
6051,2023-05-25T03:48:53Z,2023-05-25,38462,1533,Franchise,Credit Card,COUPON024,12.38,EUR
6052,2023-12-26T09:40:36Z,2023-12-26,39001,587,Retail,Cash,COUPON045,15.39,EUR
6053,2024-04-14T09:46:32Z,2024-04-14,71123,290,Online,Cash,COUPON003,35.10,USD
6054,2023-06-10T18:10:37Z,2023-06-10,86175,5803,Online,Cash,COUPON019,35.37,USD
6055,2024-02-27T11:09:48Z,2024-02-27,66559,1706,Franchise,Afterpay,COUPON045,1.24,AUD
6056,2024-07-12T22:40:21Z,2024-07-12,41966,677,Retail,PayPal,COUPON011,42.96,USD
6057,2023-06-29T13:31:10Z,2023-06-29,53814,3891,Retail,PayPal,COUPON023,42.62,USD
6058,2023-05-23T13:28:24Z,2023-05-23,54548,1157,Franchise,Cash,COUPON008,0.17,AUD
6059,2023-07-10T08:01:12Z,2023-07-10,36581,3135,Online,Afterpay,COUPON042,42.40,EUR
6060,2024-04-01T16:24:36Z,2024-04-01,26196,2139,Franchise,Credit Card,COUPON008,23.79,AUD
6061,2023-05-03T07:17:05Z,2023-05-03,33730,3914,Franchise,Afterpay,COUPON050,26.80,EUR
6062,2024-05-06T18:52:45Z,2024-05-06,15894,2212,Retail,Afterpay,COUPON035,13.07,USD
6063,2024-06-13T18:45:22Z,2024-06-13,67213,4957,Retail,Cash,COUPON008,5.02,USD
6064,2024-03-08T09:37:50Z,2024-03-08,12831,2210,Online,Afterpay,COUPON045,39.92,AUD
6065,2023-04-05T04:53:03Z,2023-04-05,52999,4295,Franchise,Credit Card,COUPON016,16.61,EUR
6066,2023-07-30T07:46:59Z,2023-07-30,7772,3928,Online,Afterpay,COUPON014,16.08,USD
6067,2024-02-02T21:28:22Z,2024-02-02,59092,868,Franchise,Cash,COUPON021,1.02,AUD
6068,2023-04-03T14:32:41Z,2023-04-03,4876,3996,Retail,Afterpay,COUPON012,36.68,USD
6069,2024-05-07T00:56:39Z,2024-05-07,28303,2367,Franchise,Afterpay,COUPON008,46.54,USD
6070,2023-08-26T13:15:26Z,2023-08-26,70213,1476,Retail,Cash,COUPON042,47.93,AUD
6071,2023-03-08T18:52:00Z,2023-03-08,77734,1700,Online,Afterpay,COUPON028,16.20,USD
6072,2024-09-27T11:39:43Z,2024-09-27,14912,1069,Retail,Credit Card,COUPON043,25.29,EUR
6073,2023-11-20T02:55:27Z,2023-11-20,39600,585,Franchise,Afterpay,COUPON046,18.45,EUR
6074,2023-12-05T18:11:35Z,2023-12-05,72077,2767,Online,Afterpay,COUPON039,22.32,AUD
6075,2023-02-23T12:03:41Z,2023-02-23,66294,4845,Online,Cash,,26.59,USD
6076,2023-06-28T19:44:49Z,2023-06-28,65609,3025,Online,PayPal,COUPON012,43.90,USD
6077,2024-02-24T00:12:43Z,2024-02-24,23387,1853,Online,Afterpay,COUPON005,30.36,USD
6078,2024-06-19T21:40:10Z,2024-06-19,10508,4460,Online,Cash,COUPON017,38.60,EUR
6079,2024-02-02T16:38:40Z,2024-02-02,44961,4226,Franchise,Gift Card,COUPON011,25.24,AUD
6080,2024-02-07T08:38:47Z,2024-02-07,8641,1078,Retail,Afterpay,COUPON050,3.02,AUD
6081,2023-02-16T15:27:53Z,2023-02-16,4966,1805,Franchise,Afterpay,COUPON007,27.49,USD
6082,2023-09-21T01:31:58Z,2023-09-21,41233,4322,Retail,Gift Card,COUPON035,29.74,EUR
6083,2023-10-28T06:02:26Z,2023-10-28,47047,1838,Online,Cash,COUPON004,28.03,AUD
6084,2023-03-03T22:01:36Z,2023-03-03,7024,4550,Online,Cash,COUPON023,15.70,USD
6085,2023-07-30T12:09:01Z,2023-07-30,6198,2598,Franchise,Gift Card,COUPON039,0.68,AUD
6086,2023-12-07T05:50:43Z,2023-12-07,79758,2737,Retail,Afterpay,COUPON045,22.40,USD
6087,2023-06-08T02:18:03Z,2023-06-08,17021,3392,Retail,Credit Card,COUPON045,7.75,USD
6088,2023-11-11T12:01:42Z,2023-11-11,17263,2651,Retail,Afterpay,COUPON038,49.97,AUD
6089,2023-05-02T22:32:12Z,2023-05-02,74470,1912,Franchise,Gift Card,COUPON037,9.15,EUR
6090,2023-10-12T06:43:49Z,2023-10-12,37440,4096,Online,Cash,COUPON002,19.45,EUR
6091,2024-08-19T18:23:01Z,2024-08-19,37101,2755,Online,Gift Card,COUPON023,40.28,EUR
6092,2023-04-01T09:22:24Z,2023-04-01,68830,1632,Franchise,Credit Card,COUPON025,5.23,AUD
6093,2024-07-13T17:56:42Z,2024-07-13,58566,3517,Franchise,PayPal,COUPON034,41.78,AUD
6094,2024-06-28T14:58:15Z,2024-06-28,48703,4990,Franchise,Cash,COUPON049,3.63,AUD
6095,2023-09-05T23:08:20Z,2023-09-05,51164,525,Online,Credit Card,COUPON028,6.20,EUR
6096,2023-08-14T15:23:51Z,2023-08-14,77039,1307,Online,Credit Card,COUPON008,24.33,AUD
6097,2023-05-23T05:36:44Z,2023-05-23,38586,1536,Retail,Gift Card,COUPON039,44.27,EUR
6098,2024-08-05T10:30:39Z,2024-08-05,39122,4399,Franchise,Cash,COUPON038,40.24,USD
6099,2023-11-05T00:56:11Z,2023-11-05,37452,2025,Franchise,Afterpay,COUPON033,12.68,USD
6100,2023-03-26T13:41:28Z,2023-03-26,20320,623,Franchise,Credit Card,COUPON034,33.89,AUD
6101,2024-02-16T00:27:13Z,2024-02-16,30923,415,Franchise,Gift Card,COUPON038,11.45,EUR
6102,2023-03-15T02:56:38Z,2023-03-15,4792,3237,Franchise,Cash,COUPON017,17.91,AUD
6103,2024-03-02T15:29:52Z,2024-03-02,67055,1413,Online,PayPal,COUPON001,21.52,EUR
6104,2024-02-13T10:59:57Z,2024-02-13,68623,1823,Retail,Gift Card,COUPON030,48.56,EUR
6105,2023-06-16T08:49:27Z,2023-06-16,43972,4156,Franchise,Afterpay,COUPON007,47.86,AUD
6106,2023-09-22T16:37:23Z,2023-09-22,35035,1883,Franchise,Afterpay,COUPON027,1.85,USD
6107,2023-03-03T11:51:36Z,2023-03-03,71996,937,Franchise,PayPal,COUPON005,23.41,USD
6108,2023-09-22T22:42:18Z,2023-09-22,41430,3087,Online,PayPal,COUPON008,9.41,AUD
6109,2024-05-07T09:01:21Z,2024-05-07,2909,3391,Franchise,PayPal,COUPON047,30.41,USD
6110,2023-06-23T12:59:31Z,2023-06-23,59186,1134,Online,Gift Card,COUPON035,29.18,EUR
6111,2023-07-19T05:29:32Z,2023-07-19,17406,461,Franchise,Gift Card,COUPON041,24.03,AUD
6112,2023-08-25T13:58:42Z,2023-08-25,64914,811,Online,Cash,COUPON038,34.21,USD
6113,2024-09-01T06:51:29Z,2024-09-01,3381,1229,Retail,Credit Card,COUPON023,6.53,USD
6114,2023-10-01T06:44:51Z,2023-10-01,78514,1915,Retail,PayPal,COUPON016,9.39,EUR
6115,2024-01-27T20:08:56Z,2024-01-27,21156,1229,Franchise,Gift Card,COUPON020,11.18,USD
6116,2023-09-03T12:35:19Z,2023-09-03,39800,4932,Online,Afterpay,COUPON015,16.52,USD
6117,2023-03-31T03:54:20Z,2023-03-31,76613,4737,Online,Gift Card,COUPON038,29.57,USD
6118,2024-09-29T19:32:49Z,2024-09-29,4745,594,Franchise,Credit Card,COUPON031,23.73,USD
6119,2024-06-02T02:40:34Z,2024-06-02,43240,3055,Online,Afterpay,COUPON023,8.80,USD
6120,2024-01-30T20:02:56Z,2024-01-30,1848,2752,Online,PayPal,COUPON029,19.06,AUD
6121,2023-04-05T07:23:12Z,2023-04-05,61836,4025,Franchise,Credit Card,COUPON044,30.02,USD
6122,2023-10-09T15:12:54Z,2023-10-09,18967,2010,Online,PayPal,COUPON008,13.93,EUR
6123,2024-06-28T03:39:41Z,2024-06-28,46745,490,Franchise,Afterpay,COUPON021,40.43,AUD
6124,2024-02-07T01:48:59Z,2024-02-07,58602,3390,Retail,Credit Card,COUPON025,16.98,EUR
6125,2024-03-07T20:54:37Z,2024-03-07,7282,4577,Online,Gift Card,COUPON007,23.12,USD
6126,2023-01-28T07:08:42Z,2023-01-28,59871,3355,Retail,Afterpay,COUPON014,0.37,EUR
6127,2023-11-16T22:22:28Z,2023-11-16,11844,2954,Retail,Afterpay,COUPON005,45.00,AUD
6128,2023-06-09T15:49:17Z,2023-06-09,77699,1758,Franchise,Credit Card,COUPON009,41.58,USD
6129,2024-09-08T22:32:34Z,2024-09-08,71590,2363,Retail,PayPal,COUPON042,28.40,AUD
6130,2023-06-15T01:16:14Z,2023-06-15,64737,2617,Retail,Credit Card,COUPON032,0.27,AUD
6131,2023-07-24T07:07:05Z,2023-07-24,79596,4071,Retail,Gift Card,,33.87,AUD
6132,2023-04-02T06:27:43Z,2023-04-02,18075,2279,Retail,PayPal,COUPON047,15.63,AUD
6133,2024-03-27T18:08:40Z,2024-03-27,61,369,Retail,Gift Card,COUPON007,32.71,EUR
6134,2024-05-29T00:21:26Z,2024-05-29,53303,4770,Online,Credit Card,COUPON034,22.64,AUD
6135,2023-05-29T16:08:35Z,2023-05-29,3919,1379,Franchise,Gift Card,COUPON048,16.76,USD
6136,2024-06-04T08:56:50Z,2024-06-04,28768,3284,Online,Cash,COUPON037,26.67,AUD
6137,2024-09-16T19:23:41Z,2024-09-16,12551,4327,Franchise,Credit Card,COUPON010,18.18,USD
6138,2023-04-24T20:52:45Z,2023-04-24,70333,1225,Online,Afterpay,COUPON043,31.36,AUD
6139,2023-05-02T07:55:38Z,2023-05-02,78068,4988,Retail,Gift Card,COUPON049,28.67,EUR
6140,2023-05-18T07:39:30Z,2023-05-18,70781,646,Online,Afterpay,COUPON020,16.61,EUR
6141,2023-03-24T10:40:12Z,2023-03-24,75934,2854,Online,Gift Card,COUPON018,7.27,EUR
6142,2024-05-15T23:56:03Z,2024-05-15,46460,4610,Retail,Credit Card,COUPON034,18.19,EUR
6143,2023-09-27T03:22:31Z,2023-09-27,65158,4397,Retail,Credit Card,COUPON044,15.80,EUR
6144,2023-06-04T19:00:56Z,2023-06-04,87209,5122,Online,Afterpay,COUPON002,48.47,USD
6145,2023-01-20T20:03:52Z,2023-01-20,62052,2521,Retail,Gift Card,COUPON049,0.28,EUR
6146,2023-11-13T05:10:38Z,2023-11-13,17304,2293,Franchise,Cash,COUPON049,44.45,AUD
6147,2023-11-24T03:25:02Z,2023-11-24,51149,4888,Online,Gift Card,,20.53,AUD
6148,2024-06-21T12:29:41Z,2024-06-21,36941,4759,Franchise,Gift Card,COUPON024,29.35,EUR
6149,2023-01-02T18:08:00Z,2023-01-02,5726,1693,Retail,Credit Card,COUPON015,2.91,AUD
6150,2023-07-22T14:58:50Z,2023-07-22,46284,4011,Online,Afterpay,COUPON013,21.86,EUR
6151,2023-06-24T01:35:43Z,2023-06-24,73965,1922,Online,Afterpay,COUPON036,21.68,AUD
6152,2024-07-21T20:20:31Z,2024-07-21,49724,188,Franchise,Afterpay,COUPON041,11.38,AUD
6153,2023-11-02T01:41:55Z,2023-11-02,49939,4308,Franchise,Cash,COUPON040,25.97,USD
6154,2024-06-10T05:09:13Z,2024-06-10,47202,2668,Online,PayPal,COUPON026,3.82,USD
6155,2023-07-19T10:51:01Z,2023-07-19,75756,3749,Retail,Afterpay,COUPON049,25.39,AUD
6156,2023-09-23T07:02:22Z,2023-09-23,26165,2917,Online,Gift Card,COUPON001,28.01,EUR
6157,2023-04-11T07:21:29Z,2023-04-11,78378,1033,Online,PayPal,COUPON005,39.54,USD
6158,2023-10-02T20:55:36Z,2023-10-02,55153,1516,Retail,Credit Card,COUPON007,13.01,EUR
6159,2023-02-13T04:58:07Z,2023-02-13,12038,1897,Franchise,Credit Card,,8.50,USD
6160,2023-08-07T00:54:49Z,2023-08-07,23975,1765,Franchise,Gift Card,COUPON017,18.86,USD
6161,2023-08-18T00:45:03Z,2023-08-18,18306,4070,Retail,PayPal,COUPON034,15.51,EUR
6162,2024-01-05T04:34:14Z,2024-01-05,24835,1239,Online,Afterpay,COUPON033,41.45,AUD
6163,2023-10-06T20:28:01Z,2023-10-06,1818,652,Online,Credit Card,COUPON026,9.54,EUR
6164,2023-10-18T19:58:50Z,2023-10-18,46556,4065,Retail,Gift Card,COUPON032,12.77,USD
6165,2024-04-17T18:25:32Z,2024-04-17,72956,2927,Franchise,Cash,COUPON027,7.85,USD
6166,2024-02-19T11:44:22Z,2024-02-19,81158,5937,Franchise,PayPal,COUPON030,17.41,USD
6167,2024-01-23T15:54:28Z,2024-01-23,31290,1494,Online,Afterpay,COUPON039,20.76,AUD
6168,2023-07-18T21:44:38Z,2023-07-18,16174,2017,Franchise,Gift Card,COUPON036,41.79,AUD
6169,2023-12-11T13:18:09Z,2023-12-11,7499,4091,Online,PayPal,COUPON013,0.22,USD
6170,2024-08-24T21:26:04Z,2024-08-24,70867,3158,Retail,PayPal,COUPON037,12.27,USD
6171,2024-06-05T20:24:20Z,2024-06-05,60633,2733,Franchise,Afterpay,COUPON028,43.88,AUD
6172,2023-07-18T15:59:36Z,2023-07-18,23074,3802,Online,Credit Card,COUPON033,24.02,AUD
4333,2023-07-17T21:18:36Z,2023-07-17,28821,3648,Online,Cash,COUPON045,23.84,AUD
6174,2024-07-25T15:05:35Z,2024-07-25,52817,4067,Online,PayPal,COUPON044,31.10,EUR
6175,2024-06-22T20:00:05Z,2024-06-22,48824,4641,Retail,Cash,COUPON046,6.68,AUD
6176,2023-01-30T07:52:09Z,2023-01-30,75052,4850,Retail,Gift Card,COUPON017,9.34,AUD
6177,2024-05-14T03:14:08Z,2024-05-14,72653,1150,Franchise,Cash,COUPON005,13.69,USD
6178,2023-07-15T15:59:51Z,2023-07-15,44272,1172,Franchise,Cash,COUPON022,18.00,AUD
6179,2024-02-23T23:02:44Z,2024-02-23,6474,2295,Online,Gift Card,COUPON035,39.27,AUD
6180,2024-02-03T16:26:18Z,2024-02-03,5046,173,Online,PayPal,COUPON036,25.90,EUR
6181,2023-07-12T22:55:09Z,2023-07-12,10657,2128,Retail,Gift Card,COUPON023,1.98,EUR
6182,2024-03-25T09:59:58Z,2024-03-25,73221,1309,Retail,Gift Card,COUPON020,46.96,EUR
6183,2024-07-25T09:50:03Z,2024-07-25,13668,540,Online,Credit Card,COUPON001,15.75,AUD
6184,2024-06-01T08:40:22Z,2024-06-01,22808,578,Franchise,PayPal,COUPON049,48.64,EUR
6185,2023-04-07T04:01:16Z,2023-04-07,8766,511,Franchise,Gift Card,COUPON039,23.24,USD
6186,2024-09-04T01:01:11Z,2024-09-04,4391,3916,Online,Afterpay,COUPON017,20.48,USD
6187,2024-08-02T00:00:09Z,2024-08-02,61188,1776,Online,Gift Card,COUPON029,30.63,EUR
6188,2023-09-14T05:29:25Z,2023-09-14,2790,3218,Retail,Credit Card,COUPON015,21.79,USD
6189,2023-02-28T06:31:51Z,2023-02-28,16006,4654,Franchise,Gift Card,COUPON026,48.93,AUD
6190,2024-04-28T14:02:45Z,2024-04-28,76187,3635,Online,PayPal,COUPON028,23.92,USD
6191,2024-02-24T13:24:42Z,2024-02-24,38839,2425,Franchise,Credit Card,COUPON039,46.10,EUR
6192,2023-04-29T23:25:48Z,2023-04-29,37931,1322,Franchise,Credit Card,COUPON026,18.32,AUD
6193,2023-07-30T08:09:27Z,2023-07-30,35270,369,Retail,PayPal,,17.97,AUD
6194,2023-08-20T13:01:24Z,2023-08-20,79880,3607,Online,PayPal,COUPON040,48.72,EUR
6195,2024-03-22T11:51:40Z,2024-03-22,60937,1310,Online,Cash,COUPON018,48.40,AUD
6196,2024-06-03T05:56:11Z,2024-06-03,1671,4935,Franchise,PayPal,COUPON024,9.75,USD
6197,2023-11-13T09:52:04Z,2023-11-13,31959,707,Online,Gift Card,COUPON022,1.85,USD
6198,2024-09-01T15:49:05Z,2024-09-01,67411,526,Online,Cash,COUPON027,19.55,EUR
6199,2023-05-23T03:46:30Z,2023-05-23,10918,1418,Online,Credit Card,COUPON036,2.61,EUR
6200,2023-04-25T12:02:53Z,2023-04-25,44938,1619,Retail,Credit Card,COUPON034,4.06,AUD
6201,2024-02-28T23:40:08Z,2024-02-28,27457,4664,Online,Afterpay,COUPON027,22.32,EUR
6202,2023-11-06T22:05:56Z,2023-11-06,20399,947,Retail,Gift Card,COUPON028,6.13,AUD
6203,2023-01-16T02:30:11Z,2023-01-16,21740,3176,Online,Credit Card,COUPON043,47.27,USD
6204,2024-06-02T06:12:25Z,2024-06-02,58806,4021,Franchise,PayPal,COUPON043,10.01,EUR
6205,2023-07-22T12:45:41Z,2023-07-22,8685,3888,Retail,Cash,COUPON021,37.01,AUD
6206,2023-09-27T14:42:21Z,2023-09-27,11859,731,Online,Cash,COUPON041,43.18,AUD
6207,2024-05-30T03:45:58Z,2024-05-30,89603,5446,Franchise,Cash,COUPON027,18.40,AUD
6208,2023-08-25T12:30:34Z,2023-08-25,23227,348,Retail,Afterpay,COUPON020,33.79,EUR
6209,2023-02-19T02:18:56Z,2023-02-19,65064,4888,Retail,Credit Card,COUPON044,43.42,EUR
6210,2024-01-26T17:49:06Z,2024-01-26,29675,1836,Online,Cash,COUPON035,40.29,EUR
6211,2024-08-07T11:49:55Z,2024-08-07,3775,4465,Online,Cash,COUPON047,46.14,AUD
6212,2024-03-08T08:40:47Z,2024-03-08,21866,3259,Online,Afterpay,COUPON042,24.55,EUR
6213,2023-12-16T14:16:56Z,2023-12-16,8708,2442,Retail,Afterpay,COUPON005,22.35,EUR
6214,2024-01-28T14:39:47Z,2024-01-28,65021,4874,Retail,Cash,COUPON029,26.96,AUD
6215,2023-12-12T06:57:03Z,2023-12-12,20570,3771,Online,Cash,COUPON035,35.31,AUD
6216,2024-05-12T22:56:03Z,2024-05-12,24854,1613,Franchise,PayPal,COUPON050,18.76,USD
6217,2024-08-11T05:37:37Z,2024-08-11,43074,2058,Retail,Afterpay,COUPON010,13.32,EUR
6218,2024-03-04T04:22:38Z,2024-03-04,55297,2490,Online,Cash,COUPON008,36.73,AUD
6219,2024-06-24T13:58:07Z,2024-06-24,62846,3253,Franchise,Gift Card,COUPON016,26.81,AUD
6220,2023-08-25T20:43:38Z,2023-08-25,16804,4654,Online,PayPal,COUPON019,3.29,USD
6221,2024-06-21T18:32:19Z,2024-06-21,41007,1428,Franchise,Cash,COUPON001,9.32,AUD
6222,2023-01-25T05:51:12Z,2023-01-25,10718,1313,Retail,Gift Card,COUPON012,1.65,USD
6223,2024-09-29T09:04:14Z,2024-09-29,5888,4703,Franchise,Gift Card,COUPON022,17.63,EUR
6224,2024-04-15T13:40:46Z,2024-04-15,64941,597,Online,Cash,COUPON040,0.46,USD
6225,2024-10-01T00:15:24Z,2024-10-01,57322,1830,Online,PayPal,COUPON031,18.54,EUR
6226,2023-09-01T09:33:36Z,2023-09-01,11739,2629,Online,Credit Card,COUPON008,27.32,EUR
6227,2024-08-26T23:55:34Z,2024-08-26,46551,1381,Online,Afterpay,COUPON048,0.92,EUR
6228,2023-06-19T12:40:12Z,2023-06-19,33982,4841,Online,Afterpay,COUPON038,29.88,EUR
6229,2024-03-20T23:37:24Z,2024-03-20,13760,2443,Retail,Credit Card,COUPON045,13.76,EUR
6230,2023-05-02T19:54:57Z,2023-05-02,71444,4086,Retail,PayPal,COUPON012,29.49,USD
6231,2023-06-04T01:58:22Z,2023-06-04,73177,4193,Franchise,Credit Card,COUPON028,8.41,EUR
6232,2023-06-18T14:19:30Z,2023-06-18,30886,79,Online,Afterpay,COUPON036,21.85,USD
6233,2023-10-29T05:22:17Z,2023-10-29,49124,829,Online,Afterpay,COUPON044,46.88,EUR
6234,2024-05-09T23:23:19Z,2024-05-09,49477,3496,Retail,Afterpay,COUPON024,0.27,EUR
6235,2023-07-07T10:03:15Z,2023-07-07,13748,4427,Retail,Cash,COUPON001,23.27,EUR
6236,2024-02-24T02:37:21Z,2024-02-24,74382,4836,Franchise,Gift Card,COUPON030,1.22,USD
6237,2023-09-24T22:39:29Z,2023-09-24,61054,4273,Retail,Cash,COUPON049,47.52,AUD
6238,2023-01-09T20:43:42Z,2023-01-09,71499,2492,Retail,Credit Card,COUPON008,15.82,AUD
6239,2024-06-08T22:26:51Z,2024-06-08,39805,3346,Online,Gift Card,COUPON020,47.90,AUD
6240,2023-05-18T03:50:29Z,2023-05-18,5730,2869,Franchise,Cash,COUPON042,6.14,EUR
6241,2024-03-18T10:02:09Z,2024-03-18,41210,348,Online,Afterpay,COUPON034,2.99,USD
6242,2024-04-03T13:43:00Z,2024-04-03,76072,2578,Online,Gift Card,COUPON050,19.51,AUD
6243,2023-10-28T03:20:46Z,2023-10-28,52633,801,Online,Afterpay,COUPON038,7.65,EUR
6244,2023-06-19T06:18:47Z,2023-06-19,74905,1247,Retail,PayPal,COUPON008,45.97,AUD
6245,2023-08-31T22:32:21Z,2023-08-31,6383,4290,Online,Cash,COUPON047,5.82,EUR
6246,2024-04-12T11:08:00Z,2024-04-12,60765,88,Online,Afterpay,COUPON026,32.73,USD
6247,2023-03-27T00:47:19Z,2023-03-27,4912,2095,Franchise,Cash,COUPON048,30.29,AUD
6248,2023-12-11T13:12:06Z,2023-12-11,69273,4725,Online,Credit Card,COUPON037,4.78,EUR
6249,2023-03-04T09:53:57Z,2023-03-04,34342,4594,Online,Credit Card,COUPON032,26.34,USD
6250,2024-01-05T20:53:22Z,2024-01-05,51720,1964,Retail,Afterpay,COUPON034,49.43,AUD
6251,2023-08-16T22:09:08Z,2023-08-16,14172,840,Retail,Gift Card,COUPON037,1.14,EUR
6252,2023-04-06T07:30:29Z,2023-04-06,27719,454,Retail,Credit Card,COUPON006,25.99,AUD
6253,2023-05-11T01:20:14Z,2023-05-11,26099,817,Online,Gift Card,COUPON046,6.63,USD
6254,2024-02-03T11:37:20Z,2024-02-03,22105,1755,Retail,Afterpay,COUPON043,43.34,AUD
6255,2024-04-01T04:39:03Z,2024-04-01,2082,4853,Retail,PayPal,COUPON009,7.73,USD
6256,2024-06-13T05:00:18Z,2024-06-13,58185,1746,Retail,Afterpay,COUPON035,35.41,EUR
6257,2023-01-23T10:22:46Z,2023-01-23,24594,2839,Online,PayPal,COUPON009,27.18,USD
6258,2024-05-23T17:36:03Z,2024-05-23,31467,2170,Retail,Cash,COUPON015,46.57,EUR
6259,2023-10-14T02:08:12Z,2023-10-14,77008,2468,Franchise,Afterpay,COUPON010,44.42,AUD
6260,2024-07-09T08:45:14Z,2024-07-09,64321,2529,Retail,Gift Card,COUPON038,5.24,EUR
6261,2024-04-16T16:25:47Z,2024-04-16,51846,4004,Retail,Gift Card,COUPON025,5.21,AUD
6262,2024-07-25T09:47:04Z,2024-07-25,46109,3536,Retail,PayPal,COUPON010,19.19,USD
6263,2023-12-12T23:07:14Z,2023-12-12,16617,3994,Retail,Afterpay,COUPON015,42.17,USD
6264,2024-07-15T21:11:03Z,2024-07-15,18938,4282,Retail,Credit Card,COUPON012,46.64,AUD
6265,2024-03-13T07:55:35Z,2024-03-13,17734,3817,Online,PayPal,COUPON011,42.97,EUR
6266,2024-04-07T20:10:24Z,2024-04-07,59610,1993,Online,PayPal,COUPON017,16.81,EUR
6267,2024-08-13T17:30:02Z,2024-08-13,31507,1700,Retail,Credit Card,COUPON046,27.06,USD
6268,2024-06-04T22:32:55Z,2024-06-04,72204,4833,Online,Cash,COUPON022,46.52,AUD
6269,2024-01-27T03:00:12Z,2024-01-27,57547,3028,Online,Cash,COUPON014,22.18,AUD
6270,2023-07-20T07:03:52Z,2023-07-20,55704,4724,Retail,Gift Card,COUPON005,39.87,AUD
6271,2024-01-08T07:07:08Z,2024-01-08,12568,1979,Franchise,Afterpay,COUPON032,7.93,EUR
6272,2023-08-14T08:11:21Z,2023-08-14,23345,4059,Online,Gift Card,COUPON001,1.96,EUR
6273,2023-01-06T12:44:14Z,2023-01-06,15473,3641,Retail,PayPal,COUPON037,17.26,EUR
6274,2024-08-03T22:17:11Z,2024-08-03,16496,1787,Franchise,PayPal,COUPON035,14.18,USD
6275,2023-03-10T04:50:49Z,2023-03-10,12113,1278,Online,Gift Card,COUPON008,38.95,USD
6276,2023-11-18T20:40:30Z,2023-11-18,60489,1589,Franchise,Credit Card,COUPON050,19.26,EUR
6277,2023-03-31T15:07:31Z,2023-03-31,24833,2583,Online,PayPal,COUPON040,22.09,AUD
6278,2023-10-25T09:22:53Z,2023-10-25,68101,929,Franchise,PayPal,COUPON002,31.24,USD
6279,2023-11-27T13:42:17Z,2023-11-27,76263,793,Franchise,Gift Card,COUPON039,9.08,USD
6280,2023-05-24T02:25:21Z,2023-05-24,43692,2385,Online,PayPal,COUPON036,42.56,AUD
6281,2023-11-27T05:02:05Z,2023-11-27,2933,3517,Online,Gift Card,COUPON034,20.34,USD
6282,2024-02-17T19:11:07Z,2024-02-17,59333,3499,Online,Cash,COUPON030,27.12,USD
6283,2024-01-29T22:32:25Z,2024-01-29,72858,3482,Retail,Cash,COUPON009,33.43,AUD
6284,2023-04-30T09:22:01Z,2023-04-30,14161,1097,Retail,Cash,COUPON023,39.40,AUD
6285,2024-02-29T19:17:10Z,2024-02-29,14355,3656,Franchise,Credit Card,COUPON020,39.05,USD
6286,2024-07-11T22:10:57Z,2024-07-11,65822,3173,Online,Credit Card,COUPON014,47.62,EUR
6287,2023-08-13T12:54:09Z,2023-08-13,44198,3374,Retail,PayPal,COUPON040,41.80,AUD
6288,2023-05-18T02:36:17Z,2023-05-18,76730,1949,Online,Credit Card,COUPON030,5.13,AUD
6289,2023-08-27T04:02:47Z,2023-08-27,12790,4554,Franchise,Gift Card,COUPON013,34.58,USD
6290,2023-04-30T12:57:07Z,2023-04-30,3113,4296,Online,Afterpay,COUPON012,16.28,EUR
6291,2024-05-21T21:35:13Z,2024-05-21,79365,180,Retail,Credit Card,COUPON045,4.05,USD
6292,2024-08-04T22:29:58Z,2024-08-04,67559,2608,Franchise,Cash,COUPON012,19.10,EUR
6293,2023-04-07T02:12:19Z,2023-04-07,20184,3051,Retail,Cash,COUPON022,37.53,USD
6294,2023-11-20T15:13:08Z,2023-11-20,48310,4924,Retail,Cash,COUPON016,29.68,AUD
6295,2023-10-24T18:23:59Z,2023-10-24,22867,1612,Retail,Credit Card,COUPON039,6.67,USD
6296,2024-04-13T05:13:43Z,2024-04-13,63606,4552,Online,PayPal,COUPON045,16.61,EUR
6297,2023-10-27T02:45:12Z,2023-10-27,20571,1246,Franchise,PayPal,COUPON007,3.18,AUD
6298,2023-05-04T14:26:46Z,2023-05-04,58278,1436,Retail,Afterpay,COUPON011,25.91,USD
6299,2023-08-13T00:46:23Z,2023-08-13,34073,4943,Retail,PayPal,COUPON003,0.07,EUR
6300,2023-08-05T13:34:47Z,2023-08-05,7069,3887,Online,Afterpay,COUPON049,30.41,EUR
6301,2024-08-08T17:00:59Z,2024-08-08,49201,1869,Retail,Cash,COUPON021,24.01,EUR
6302,2023-07-20T04:00:16Z,2023-07-20,48018,4611,Retail,Cash,COUPON038,24.48,USD
6303,2024-03-13T17:16:31Z,2024-03-13,2100,2762,Retail,Gift Card,COUPON007,13.62,AUD
6304,2023-07-18T23:28:36Z,2023-07-18,28682,2289,Retail,Cash,COUPON019,38.27,AUD
6305,2023-11-11T03:48:09Z,2023-11-11,3506,656,Retail,Afterpay,COUPON001,3.48,USD
6306,2024-05-26T05:00:45Z,2024-05-26,43114,82,Online,Credit Card,COUPON036,10.96,EUR
6307,2023-03-24T02:14:52Z,2023-03-24,79178,1304,Online,PayPal,COUPON034,48.80,EUR
6308,2023-04-23T03:25:16Z,2023-04-23,29398,1100,Franchise,Afterpay,COUPON050,41.00,EUR
6309,2023-03-13T20:05:44Z,2023-03-13,64803,4084,Franchise,Credit Card,COUPON013,11.30,AUD
6310,2024-02-19T23:30:07Z,2024-02-19,22062,590,Retail,PayPal,COUPON026,43.84,AUD
6311,2024-07-16T17:16:18Z,2024-07-16,5570,2126,Online,Cash,COUPON040,9.91,USD
6312,2024-07-25T21:02:41Z,2024-07-25,37611,2897,Retail,Afterpay,COUPON018,5.92,EUR
6313,2024-05-07T01:04:23Z,2024-05-07,36580,4721,Franchise,Cash,COUPON038,7.59,USD
6314,2023-11-05T21:16:19Z,2023-11-05,25913,2889,Retail,Credit Card,COUPON040,28.89,EUR
6315,2023-07-27T08:53:08Z,2023-07-27,1546,3858,Retail,Cash,COUPON039,7.57,USD
6316,2023-05-01T07:33:47Z,2023-05-01,59691,3281,Franchise,Gift Card,COUPON028,13.52,USD
6317,2023-10-18T11:42:00Z,2023-10-18,20630,1387,Retail,Cash,COUPON039,47.96,USD
6318,2024-05-15T05:15:53Z,2024-05-15,70074,2652,Online,Cash,COUPON049,9.47,AUD
6319,2024-04-28T11:12:18Z,2024-04-28,73901,4140,Franchise,Gift Card,COUPON037,40.73,EUR
6320,2023-02-04T11:03:28Z,2023-02-04,33358,4416,Retail,PayPal,COUPON041,39.00,AUD
6321,2024-07-07T16:05:56Z,2024-07-07,57833,208,Online,Credit Card,COUPON002,38.44,USD
6322,2023-11-28T07:11:15Z,2023-11-28,41957,1477,Retail,Gift Card,COUPON019,37.98,AUD
6323,2023-10-25T09:50:16Z,2023-10-25,58291,898,Franchise,Gift Card,COUPON027,33.96,EUR
6324,2023-06-21T14:26:56Z,2023-06-21,79384,1323,Retail,Cash,COUPON035,21.39,EUR
6325,2023-06-23T06:15:46Z,2023-06-23,62815,3400,Online,Cash,COUPON047,27.46,EUR
6326,2023-04-22T17:44:35Z,2023-04-22,68182,667,Online,Credit Card,COUPON043,36.13,AUD
6327,2024-02-12T22:43:06Z,2024-02-12,70313,1956,Online,Afterpay,COUPON006,20.81,EUR
6328,2023-09-29T01:20:47Z,2023-09-29,35559,3987,Online,Gift Card,COUPON046,26.01,USD
6329,2024-08-27T21:46:35Z,2024-08-27,13101,2181,Online,Gift Card,COUPON047,47.45,AUD
6330,2023-07-06T17:16:07Z,2023-07-06,54636,3447,Franchise,Credit Card,COUPON015,46.19,AUD
6331,2024-03-14T16:03:54Z,2024-03-14,48849,2599,Online,Cash,COUPON035,29.52,AUD
6332,2023-01-12T23:08:37Z,2023-01-12,60524,664,Franchise,Gift Card,COUPON009,3.20,AUD
6333,2024-03-26T05:56:40Z,2024-03-26,59677,1823,Online,Credit Card,COUPON003,40.10,USD
6334,2024-02-27T02:25:24Z,2024-02-27,2469,2556,Retail,Credit Card,COUPON019,40.32,AUD
6335,2024-03-22T10:11:33Z,2024-03-22,67407,3910,Online,Afterpay,COUPON039,34.24,EUR
6336,2024-04-04T13:34:09Z,2024-04-04,25935,1783,Retail,Afterpay,COUPON044,47.94,AUD
6337,2023-07-04T22:04:27Z,2023-07-04,70018,3785,Online,Cash,COUPON003,32.85,EUR
6338,2024-03-19T21:05:59Z,2024-03-19,18895,1357,Franchise,Cash,COUPON027,38.08,EUR
6339,2023-01-24T21:14:39Z,2023-01-24,29490,1894,Franchise,Credit Card,COUPON042,13.55,USD
6340,2023-05-03T16:15:49Z,2023-05-03,4550,457,Franchise,PayPal,COUPON034,48.62,AUD
6341,2023-02-07T03:07:53Z,2023-02-07,57478,2032,Online,Cash,COUPON050,16.56,USD
6342,2023-10-30T20:13:21Z,2023-10-30,1395,4476,Online,Afterpay,COUPON039,3.07,AUD
6343,2023-04-14T01:23:19Z,2023-04-14,36822,2687,Franchise,Gift Card,COUPON019,23.95,USD
6344,2023-03-14T16:53:45Z,2023-03-14,45896,3042,Retail,PayPal,COUPON045,6.66,EUR
6345,2023-09-18T10:36:59Z,2023-09-18,14731,1845,Franchise,Gift Card,COUPON028,36.71,AUD
6346,2023-06-01T06:43:15Z,2023-06-01,35929,4871,Retail,Gift Card,COUPON042,8.42,EUR
6347,2023-06-04T05:50:46Z,2023-06-04,54134,316,Online,Afterpay,COUPON042,23.59,EUR
6348,2023-06-23T08:40:04Z,2023-06-23,68511,1135,Online,PayPal,COUPON010,3.84,AUD
6349,2023-05-18T02:53:29Z,2023-05-18,3684,523,Franchise,Cash,COUPON050,41.22,USD
6350,2023-02-19T17:00:35Z,2023-02-19,19306,3422,Retail,Cash,COUPON015,14.19,AUD
6351,2023-11-03T11:01:07Z,2023-11-03,38750,2293,Franchise,Cash,COUPON017,8.60,AUD
6352,2023-05-15T15:12:06Z,2023-05-15,19016,535,Franchise,Cash,COUPON013,30.26,USD
6353,2024-09-21T16:29:09Z,2024-09-21,37066,92,Retail,Credit Card,COUPON012,2.25,AUD
6354,2023-07-18T07:57:10Z,2023-07-18,4456,2434,Franchise,Cash,COUPON006,46.21,EUR
6355,2023-02-17T09:41:23Z,2023-02-17,68399,2887,Online,Afterpay,COUPON043,13.95,USD
6356,2024-05-03T16:48:26Z,2024-05-03,23390,45,Online,Cash,COUPON014,5.97,AUD
6357,2024-05-10T08:19:16Z,2024-05-10,864,750,Retail,Gift Card,COUPON009,34.12,AUD
6358,2024-08-04T20:22:37Z,2024-08-04,19362,2986,Online,Afterpay,COUPON023,21.09,EUR
6359,2024-03-10T13:35:46Z,2024-03-10,9656,133,Retail,Afterpay,COUPON048,33.51,AUD
6360,2023-04-02T06:53:54Z,2023-04-02,25241,69,Franchise,Cash,COUPON019,0.98,AUD
6361,2024-05-14T11:50:06Z,2024-05-14,51679,3898,Retail,Credit Card,COUPON048,19.69,EUR
6362,2023-12-02T05:49:25Z,2023-12-02,62869,1865,Retail,Cash,,17.37,USD
6363,2023-09-08T15:19:49Z,2023-09-08,66685,4114,Retail,Credit Card,COUPON015,17.87,AUD
6364,2024-02-06T03:38:34Z,2024-02-06,49105,953,Online,Afterpay,COUPON015,15.13,AUD
6365,2023-07-21T10:18:42Z,2023-07-21,1749,3959,Retail,PayPal,COUPON043,29.45,AUD
6366,2024-09-05T01:27:56Z,2024-09-05,42790,3750,Retail,Gift Card,COUPON017,42.31,AUD
6367,2023-12-21T09:36:38Z,2023-12-21,59261,2566,Franchise,Afterpay,COUPON017,35.12,AUD
6368,2024-09-02T21:07:57Z,2024-09-02,54320,2634,Franchise,Cash,COUPON023,22.49,EUR
6369,2023-04-08T00:30:13Z,2023-04-08,14837,2185,Retail,Gift Card,COUPON043,8.84,USD
6370,2024-09-02T00:42:57Z,2024-09-02,75158,4363,Online,Cash,COUPON003,28.18,USD
6371,2023-05-22T00:28:45Z,2023-05-22,48255,4159,Franchise,Cash,COUPON001,21.69,AUD
6372,2023-03-10T17:22:54Z,2023-03-10,22822,2713,Retail,Cash,COUPON037,30.55,USD
6373,2023-03-12T20:51:48Z,2023-03-12,29413,959,Online,Credit Card,COUPON035,21.00,EUR
6374,2024-04-09T05:53:08Z,2024-04-09,12328,3972,Retail,PayPal,COUPON025,8.19,AUD
6375,2023-10-25T03:23:41Z,2023-10-25,46270,818,Online,Credit Card,COUPON036,4.30,USD
6376,2023-06-18T11:05:35Z,2023-06-18,10715,1243,Online,Cash,COUPON025,16.15,AUD
6377,2023-07-30T01:25:57Z,2023-07-30,40531,3182,Online,PayPal,COUPON017,43.20,AUD
6378,2023-07-05T10:28:19Z,2023-07-05,55012,3828,Franchise,PayPal,COUPON049,19.70,EUR
6379,2024-01-15T07:42:46Z,2024-01-15,11477,3610,Franchise,Gift Card,COUPON004,20.00,USD
6380,2023-12-02T21:46:08Z,2023-12-02,23217,742,Online,PayPal,COUPON007,20.77,AUD
6381,2023-05-29T19:31:44Z,2023-05-29,56457,2671,Franchise,Cash,COUPON017,31.37,EUR
6382,2024-07-01T19:40:33Z,2024-07-01,67810,399,Franchise,PayPal,COUPON010,4.12,AUD
6383,2023-01-30T15:19:59Z,2023-01-30,27226,3076,Franchise,PayPal,COUPON039,16.23,USD
6384,2023-02-06T17:19:34Z,2023-02-06,56536,1171,Franchise,Cash,COUPON040,17.16,AUD
6385,2023-01-11T19:36:41Z,2023-01-11,7934,3103,Retail,Afterpay,COUPON028,1.90,USD
6386,2024-09-20T17:37:59Z,2024-09-20,6802,3733,Retail,Cash,COUPON009,28.02,AUD
6387,2024-07-04T08:28:38Z,2024-07-04,4784,2206,Franchise,Gift Card,COUPON027,37.76,USD
6388,2023-02-07T00:42:46Z,2023-02-07,74660,1738,Online,Credit Card,COUPON012,0.83,USD
6389,2024-08-21T09:11:44Z,2024-08-21,51970,999,Franchise,PayPal,COUPON046,29.87,AUD
6390,2024-09-28T00:40:49Z,2024-09-28,20970,2209,Franchise,Cash,COUPON050,16.73,EUR
6391,2024-04-13T19:11:48Z,2024-04-13,52632,3149,Retail,Credit Card,,43.51,AUD
6392,2023-09-12T15:37:33Z,2023-09-12,61001,4498,Franchise,Afterpay,COUPON037,46.17,EUR
6393,2024-02-23T12:52:31Z,2024-02-23,67469,4495,Franchise,Cash,COUPON042,33.80,AUD
6394,2024-01-12T14:23:06Z,2024-01-12,50772,4911,Franchise,Gift Card,COUPON010,4.83,USD
6395,2024-08-20T04:39:42Z,2024-08-20,59607,840,Franchise,Cash,COUPON044,32.61,AUD
6396,2024-01-07T02:46:26Z,2024-01-07,63360,3436,Retail,Gift Card,COUPON034,3.25,AUD
6397,2023-12-04T15:38:13Z,2023-12-04,46839,1104,Retail,Afterpay,COUPON017,35.17,USD
6398,2024-08-05T19:54:56Z,2024-08-05,17259,2876,Online,Afterpay,COUPON018,21.21,EUR
6399,2024-04-02T02:00:37Z,2024-04-02,2963,3212,Retail,Afterpay,COUPON022,43.36,AUD
6400,2023-07-16T09:55:24Z,2023-07-16,6109,1244,Retail,PayPal,COUPON016,13.47,AUD
6401,2024-06-28T05:04:27Z,2024-06-28,20653,4049,Online,Afterpay,COUPON043,32.86,EUR
6402,2023-06-09T13:38:20Z,2023-06-09,4899,2160,Retail,Credit Card,COUPON037,21.50,AUD
6403,2024-07-02T04:48:15Z,2024-07-02,79785,1151,Franchise,Credit Card,COUPON021,18.97,USD
6404,2023-04-30T14:49:40Z,2023-04-30,72699,4752,Retail,Cash,COUPON006,19.28,EUR
6405,2023-08-21T09:51:03Z,2023-08-21,79742,3369,Online,PayPal,COUPON046,14.29,EUR
6406,2024-09-23T20:07:28Z,2024-09-23,69775,879,Retail,Gift Card,COUPON005,38.93,EUR
6407,2023-07-19T08:38:00Z,2023-07-19,46439,3736,Retail,Credit Card,COUPON023,25.52,EUR
6408,2024-05-12T11:25:14Z,2024-05-12,56647,794,Franchise,Credit Card,COUPON002,14.19,AUD
6409,2023-11-25T08:54:56Z,2023-11-25,63159,723,Retail,Gift Card,COUPON028,28.14,AUD
6410,2023-09-19T22:20:16Z,2023-09-19,36588,1906,Retail,PayPal,COUPON011,38.66,AUD
6411,2024-04-07T11:47:18Z,2024-04-07,16702,4623,Online,Gift Card,COUPON033,8.53,EUR
6412,2023-01-07T03:22:52Z,2023-01-07,28056,2405,Retail,Cash,COUPON046,22.20,EUR
6413,2024-04-14T19:21:10Z,2024-04-14,79005,1122,Franchise,PayPal,COUPON016,19.37,EUR
6414,2023-08-01T07:54:38Z,2023-08-01,15107,2335,Online,Credit Card,COUPON002,48.16,EUR
6415,2024-04-19T14:13:16Z,2024-04-19,5950,2536,Franchise,Credit Card,COUPON040,38.41,USD
6416,2023-08-06T09:11:49Z,2023-08-06,37224,3004,Online,Gift Card,COUPON029,22.66,AUD
6417,2023-12-16T23:09:53Z,2023-12-16,25079,54,Franchise,Gift Card,COUPON023,20.56,AUD
6418,2023-12-29T14:30:34Z,2023-12-29,74912,2669,Online,Credit Card,COUPON044,9.82,USD
6419,2023-02-25T22:09:18Z,2023-02-25,32756,4497,Online,PayPal,COUPON033,45.13,EUR
6420,2024-08-11T03:03:20Z,2024-08-11,36265,53,Franchise,Gift Card,COUPON029,38.99,AUD
6421,2023-03-13T23:40:13Z,2023-03-13,42136,2736,Franchise,PayPal,COUPON034,28.53,EUR
6422,2023-09-10T23:29:36Z,2023-09-10,63761,2372,Retail,Gift Card,COUPON002,43.07,AUD
6423,2023-02-08T10:26:00Z,2023-02-08,62771,1044,Franchise,PayPal,COUPON028,43.95,EUR
6424,2023-01-18T09:43:24Z,2023-01-18,28126,4671,Franchise,Gift Card,COUPON029,0.55,USD
6425,2023-07-01T14:47:26Z,2023-07-01,28803,4198,Franchise,Afterpay,,9.61,USD
6426,2023-07-29T23:00:07Z,2023-07-29,75713,3534,Retail,PayPal,COUPON003,14.49,EUR
6427,2023-12-31T11:24:09Z,2023-12-31,42788,3444,Franchise,Cash,COUPON007,19.71,USD
6428,2023-06-02T01:35:35Z,2023-06-02,21740,3764,Online,Gift Card,COUPON042,45.85,USD
6429,2023-07-18T14:25:09Z,2023-07-18,62182,3718,Retail,Credit Card,COUPON023,2.73,USD
6430,2023-11-07T17:13:59Z,2023-11-07,2468,183,Franchise,Credit Card,COUPON013,21.26,EUR
6431,2023-05-11T15:09:16Z,2023-05-11,53437,3261,Retail,PayPal,COUPON047,30.66,EUR
6432,2024-08-20T18:20:47Z,2024-08-20,9495,2179,Franchise,Cash,COUPON012,46.69,EUR
6433,2023-01-08T19:34:49Z,2023-01-08,79831,2170,Retail,Credit Card,COUPON007,39.08,EUR
6434,2023-12-01T15:06:15Z,2023-12-01,22729,1718,Retail,Gift Card,COUPON006,6.36,USD
6435,2023-07-27T20:10:33Z,2023-07-27,55646,4504,Retail,Credit Card,COUPON050,30.96,AUD
6436,2023-06-27T03:01:02Z,2023-06-27,43265,634,Franchise,Gift Card,COUPON043,39.77,EUR
6437,2023-10-06T06:15:09Z,2023-10-06,32040,3371,Retail,Cash,COUPON043,42.16,USD
6438,2024-07-04T19:20:39Z,2024-07-04,38767,876,Online,Afterpay,COUPON045,13.90,EUR
6439,2024-03-06T01:29:02Z,2024-03-06,4606,1978,Retail,Cash,COUPON033,32.60,AUD
6440,2023-12-30T04:08:38Z,2023-12-30,30314,2764,Retail,PayPal,COUPON024,20.72,AUD
6441,2023-08-04T11:12:54Z,2023-08-04,14092,2537,Retail,Credit Card,COUPON041,20.33,EUR
6442,2023-11-04T12:58:20Z,2023-11-04,61858,302,Online,Gift Card,COUPON029,15.92,EUR
6443,2024-03-31T16:11:55Z,2024-03-31,63535,4071,Online,Cash,COUPON049,46.24,USD
6444,2024-06-24T10:03:08Z,2024-06-24,48423,292,Online,Afterpay,COUPON031,9.46,USD
6445,2024-01-12T07:08:24Z,2024-01-12,33143,1936,Online,Credit Card,COUPON008,26.87,AUD
6446,2023-01-07T16:21:21Z,2023-01-07,45436,2212,Online,PayPal,COUPON020,47.25,AUD
6447,2023-09-07T06:06:58Z,2023-09-07,21864,4022,Online,PayPal,COUPON012,14.08,USD
6448,2024-03-28T10:03:23Z,2024-03-28,87582,5966,Franchise,Credit Card,COUPON017,43.13,EUR
6449,2024-05-15T14:02:17Z,2024-05-15,68166,3102,Retail,Cash,COUPON001,20.54,AUD
6450,2023-06-17T07:28:07Z,2023-06-17,6287,4398,Online,Gift Card,,25.07,AUD
6451,2024-08-02T01:34:03Z,2024-08-02,28430,3274,Retail,Credit Card,COUPON004,46.87,USD
6452,2024-05-10T23:08:20Z,2024-05-10,37935,30,Retail,Credit Card,COUPON044,4.42,EUR
6453,2023-04-10T08:37:21Z,2023-04-10,5336,2017,Retail,Gift Card,COUPON008,13.75,AUD
6454,2023-04-20T04:18:35Z,2023-04-20,20243,3067,Franchise,Credit Card,COUPON048,39.34,EUR
6455,2024-06-02T00:23:16Z,2024-06-02,32536,981,Online,Gift Card,COUPON033,20.82,AUD
6456,2024-05-05T01:05:32Z,2024-05-05,65677,2678,Retail,Gift Card,COUPON047,48.28,AUD
6457,2023-08-20T03:39:11Z,2023-08-20,54436,4201,Franchise,PayPal,,24.16,EUR
6458,2023-03-27T11:53:16Z,2023-03-27,15268,1787,Retail,Cash,COUPON004,24.06,EUR
6459,2023-07-06T21:44:26Z,2023-07-06,7948,2724,Franchise,Credit Card,COUPON018,26.45,EUR
6460,2023-06-27T19:14:08Z,2023-06-27,30705,1988,Online,PayPal,COUPON013,43.85,EUR
6461,2023-10-14T03:19:28Z,2023-10-14,74354,4395,Online,Gift Card,COUPON007,35.71,AUD
6462,2024-05-14T15:29:07Z,2024-05-14,50191,117,Franchise,Afterpay,COUPON008,44.94,EUR
6463,2023-08-11T12:52:19Z,2023-08-11,13089,3649,Franchise,Gift Card,COUPON031,47.51,USD
6464,2023-01-10T22:11:31Z,2023-01-10,60744,4096,Franchise,PayPal,COUPON020,33.89,USD
6465,2024-04-26T06:32:07Z,2024-04-26,4231,518,Franchise,Gift Card,COUPON021,35.36,EUR
6466,2023-09-02T14:57:11Z,2023-09-02,24103,4750,Retail,Cash,COUPON011,27.41,AUD
6467,2024-09-17T09:06:55Z,2024-09-17,18432,2396,Online,Credit Card,COUPON009,49.94,USD
6468,2024-02-26T20:50:56Z,2024-02-26,4723,1467,Online,Afterpay,COUPON023,13.67,EUR
6469,2023-05-07T23:42:54Z,2023-05-07,68416,3553,Online,Credit Card,COUPON006,17.29,AUD
6470,2024-05-25T14:58:17Z,2024-05-25,44933,803,Franchise,Cash,COUPON019,2.49,EUR
6471,2024-04-29T09:49:09Z,2024-04-29,14371,567,Retail,Afterpay,COUPON001,10.66,USD
6472,2024-04-29T21:41:23Z,2024-04-29,61034,4788,Retail,PayPal,COUPON008,44.31,EUR
6473,2023-11-23T14:30:33Z,2023-11-23,7162,4390,Online,Credit Card,COUPON010,13.72,USD
6474,2024-03-24T02:53:35Z,2024-03-24,10058,4019,Retail,PayPal,COUPON018,45.41,USD
6475,2023-03-06T14:02:52Z,2023-03-06,58260,4517,Franchise,Credit Card,COUPON010,23.09,EUR
6476,2024-09-23T04:17:01Z,2024-09-23,28153,3579,Online,Credit Card,COUPON028,40.78,EUR
6477,2023-01-07T06:53:58Z,2023-01-07,13702,1134,Online,Gift Card,COUPON050,9.29,AUD
6478,2023-04-26T22:44:32Z,2023-04-26,69971,3231,Online,PayPal,COUPON048,25.41,USD
6479,2023-10-24T19:39:53Z,2023-10-24,23003,1910,Retail,Credit Card,COUPON049,38.34,AUD
6480,2023-08-07T06:32:18Z,2023-08-07,33366,345,Franchise,Cash,COUPON018,44.57,EUR
6481,2024-02-10T19:51:23Z,2024-02-10,10789,227,Retail,Gift Card,COUPON032,2.21,USD
6482,2023-10-05T21:48:10Z,2023-10-05,51387,4256,Retail,Credit Card,COUPON041,27.78,EUR
6483,2023-10-13T16:36:19Z,2023-10-13,3374,269,Online,Cash,COUPON043,11.25,EUR
6484,2024-05-01T02:58:48Z,2024-05-01,45258,2919,Online,Credit Card,COUPON020,11.01,EUR
6485,2023-05-01T00:19:21Z,2023-05-01,8151,1578,Online,Afterpay,COUPON042,30.04,EUR
6486,2024-07-02T00:27:05Z,2024-07-02,54015,1227,Online,PayPal,COUPON004,36.22,USD
6487,2023-08-27T05:22:45Z,2023-08-27,60711,688,Retail,PayPal,COUPON010,22.44,AUD
6488,2023-12-24T13:38:35Z,2023-12-24,186,3018,Retail,Gift Card,COUPON036,47.69,USD
6489,2024-01-26T15:30:41Z,2024-01-26,7942,2101,Franchise,Afterpay,COUPON045,28.59,AUD
6490,2024-02-07T20:58:35Z,2024-02-07,36420,328,Franchise,Cash,COUPON046,19.25,AUD
6491,2023-07-02T10:51:28Z,2023-07-02,26738,4260,Online,Gift Card,COUPON019,1.74,AUD
6492,2024-08-02T01:10:49Z,2024-08-02,54398,3653,Retail,Gift Card,COUPON033,0.01,USD
6493,2024-05-13T10:48:36Z,2024-05-13,28086,1175,Retail,PayPal,COUPON012,1.22,AUD
6494,2023-12-23T07:13:26Z,2023-12-23,47210,3549,Retail,Credit Card,COUPON028,8.05,USD
6495,2024-06-25T07:59:16Z,2024-06-25,10301,4823,Retail,Afterpay,COUPON022,47.25,USD
6496,2024-04-02T00:20:27Z,2024-04-02,27496,4910,Retail,Afterpay,COUPON049,8.21,USD
6497,2023-12-18T08:05:57Z,2023-12-18,27974,4021,Online,PayPal,COUPON023,33.87,AUD
6498,2024-01-18T00:47:23Z,2024-01-18,66170,284,Retail,Cash,COUPON025,9.07,USD
6499,2024-02-15T15:59:36Z,2024-02-15,5089,1206,Retail,PayPal,COUPON037,12.03,EUR
6500,2023-04-26T06:39:45Z,2023-04-26,70400,1559,Franchise,Credit Card,COUPON032,21.80,EUR
6501,2023-01-07T14:29:46Z,2023-01-07,25063,3103,Retail,PayPal,COUPON036,17.24,USD
6502,2023-02-24T11:33:46Z,2023-02-24,10952,2441,Franchise,Credit Card,COUPON035,45.65,EUR
6503,2024-04-06T03:36:02Z,2024-04-06,10053,3949,Retail,Cash,COUPON032,21.70,USD
6504,2023-08-19T10:39:52Z,2023-08-19,10432,127,Franchise,PayPal,COUPON016,10.11,AUD
6505,2023-03-18T15:39:27Z,2023-03-18,58493,4129,Franchise,Cash,COUPON019,37.36,EUR
6506,2023-07-24T05:06:35Z,2023-07-24,21361,35,Online,Gift Card,COUPON009,15.83,AUD
6507,2023-06-02T07:21:59Z,2023-06-02,5556,1255,Retail,Credit Card,COUPON036,7.84,AUD
6508,2024-07-18T13:49:59Z,2024-07-18,20201,4031,Retail,Cash,COUPON047,5.11,EUR
6509,2024-05-28T18:46:26Z,2024-05-28,68980,4370,Franchise,Cash,COUPON001,30.61,USD
6510,2024-04-04T11:46:57Z,2024-04-04,22804,950,Online,Credit Card,COUPON006,13.75,USD
6511,2024-03-06T05:10:18Z,2024-03-06,48443,1715,Retail,Cash,COUPON011,19.07,AUD
6512,2023-04-11T18:15:59Z,2023-04-11,7086,531,Retail,Afterpay,COUPON040,48.15,USD
6513,2023-05-14T05:00:28Z,2023-05-14,60547,2320,Online,PayPal,COUPON001,23.99,USD
6514,2024-05-08T10:55:32Z,2024-05-08,66279,1488,Online,Cash,COUPON026,8.87,EUR
6515,2023-09-04T22:56:31Z,2023-09-04,29261,2684,Franchise,Afterpay,COUPON039,34.46,AUD
6516,2024-07-11T17:22:52Z,2024-07-11,30481,2772,Retail,Cash,COUPON027,48.33,AUD
6517,2023-09-15T04:21:41Z,2023-09-15,76234,1514,Online,Cash,COUPON011,4.43,USD
6518,2023-03-07T00:53:36Z,2023-03-07,37828,1275,Online,Afterpay,COUPON045,36.15,USD
6519,2023-01-08T03:20:28Z,2023-01-08,24997,1796,Retail,Afterpay,COUPON008,31.36,EUR
6520,2024-05-06T13:32:09Z,2024-05-06,65164,3083,Franchise,PayPal,COUPON024,41.77,USD
6521,2023-10-06T02:24:25Z,2023-10-06,70636,4417,Retail,Credit Card,COUPON042,37.63,USD
6522,2023-03-08T21:42:05Z,2023-03-08,55429,2736,Franchise,Cash,COUPON021,47.52,USD
6523,2023-06-27T21:35:12Z,2023-06-27,46100,1184,Retail,Credit Card,COUPON006,33.93,AUD
6524,2023-08-21T12:35:48Z,2023-08-21,26510,4502,Retail,Credit Card,COUPON022,28.65,AUD
6525,2023-02-02T03:10:28Z,2023-02-02,51175,891,Franchise,PayPal,COUPON032,49.90,USD
6526,2023-01-07T09:14:02Z,2023-01-07,32324,3180,Online,Cash,COUPON016,27.30,AUD
6527,2023-08-13T05:53:04Z,2023-08-13,463,3775,Franchise,Gift Card,COUPON001,21.30,EUR
6528,2024-09-10T20:58:38Z,2024-09-10,26375,3445,Retail,Credit Card,COUPON004,28.73,AUD
6529,2023-09-10T10:20:58Z,2023-09-10,16453,1267,Franchise,PayPal,COUPON036,47.20,AUD
6530,2024-04-22T23:38:51Z,2024-04-22,73951,4845,Franchise,Cash,COUPON001,42.94,EUR
6531,2024-02-06T11:58:12Z,2024-02-06,38894,2668,Retail,Afterpay,COUPON041,43.15,AUD
6532,2024-03-09T20:34:51Z,2024-03-09,12873,1700,Online,Cash,COUPON011,38.68,EUR
6533,2024-03-17T11:25:09Z,2024-03-17,78766,1065,Franchise,PayPal,COUPON045,22.07,AUD
6534,2023-01-11T00:36:20Z,2023-01-11,23464,544,Retail,Afterpay,COUPON018,0.73,EUR
6535,2023-07-23T13:00:45Z,2023-07-23,9392,1337,Franchise,Afterpay,COUPON037,5.26,EUR
6536,2023-09-24T22:27:57Z,2023-09-24,36335,918,Online,Credit Card,COUPON024,45.65,EUR
6537,2023-12-21T06:47:47Z,2023-12-21,74911,1215,Franchise,Gift Card,COUPON032,6.98,AUD
6538,2023-04-15T10:23:35Z,2023-04-15,6894,4487,Online,Cash,COUPON024,8.47,EUR
6539,2024-09-30T13:09:23Z,2024-09-30,38728,4253,Online,Credit Card,COUPON024,26.93,AUD
6540,2023-06-21T23:58:41Z,2023-06-21,50514,1591,Online,Credit Card,COUPON012,4.35,AUD
6541,2024-08-09T14:08:13Z,2024-08-09,40075,2390,Franchise,Credit Card,COUPON023,31.93,AUD
6542,2024-04-12T18:04:01Z,2024-04-12,19265,1703,Online,Cash,COUPON001,9.70,EUR
6543,2024-09-14T17:11:58Z,2024-09-14,58445,888,Online,Credit Card,COUPON045,30.20,AUD
6544,2023-07-18T19:02:29Z,2023-07-18,62178,3704,Franchise,Gift Card,COUPON026,25.50,AUD
6545,2024-04-29T22:19:32Z,2024-04-29,54658,2466,Online,PayPal,COUPON018,6.56,AUD
6546,2023-09-05T06:42:20Z,2023-09-05,37750,3258,Retail,Cash,COUPON016,25.01,AUD
6547,2023-09-13T08:33:13Z,2023-09-13,2561,1551,Franchise,Credit Card,COUPON012,24.37,AUD
6548,2023-12-25T10:15:28Z,2023-12-25,33566,4320,Online,Credit Card,COUPON017,11.43,AUD
6549,2024-02-06T09:21:56Z,2024-02-06,33461,2220,Online,PayPal,COUPON007,8.77,USD
6550,2023-08-22T14:18:42Z,2023-08-22,29746,2170,Retail,Afterpay,COUPON013,23.16,AUD
6551,2024-06-12T23:09:47Z,2024-06-12,89748,5566,Retail,Cash,COUPON043,28.47,USD
6552,2023-12-29T16:24:50Z,2023-12-29,29298,954,Franchise,Afterpay,COUPON027,4.67,USD
6553,2023-06-04T14:42:10Z,2023-06-04,7546,2641,Franchise,PayPal,COUPON012,41.60,AUD
6554,2024-05-30T08:40:27Z,2024-05-30,18112,1804,Retail,PayPal,COUPON006,24.47,EUR
6555,2023-09-24T05:35:16Z,2023-09-24,4748,4372,Franchise,Afterpay,COUPON014,7.43,AUD
6556,2023-01-30T22:41:54Z,2023-01-30,2459,1915,Franchise,Afterpay,COUPON050,9.38,USD
6557,2023-03-01T07:27:43Z,2023-03-01,3791,3463,Online,Cash,COUPON001,27.33,USD
6558,2023-04-01T05:10:47Z,2023-04-01,56747,3005,Online,Afterpay,COUPON038,34.16,EUR
6559,2024-07-21T03:53:21Z,2024-07-21,25725,3672,Franchise,Gift Card,COUPON034,16.80,EUR
6560,2023-04-24T00:02:33Z,2023-04-24,59139,3741,Franchise,Gift Card,COUPON044,11.36,USD
6561,2023-05-13T18:55:10Z,2023-05-13,29207,251,Online,Credit Card,COUPON007,15.54,USD
6562,2023-08-07T15:20:37Z,2023-08-07,32147,797,Franchise,Cash,COUPON027,12.56,USD
6563,2023-04-28T20:21:35Z,2023-04-28,81553,5653,Retail,Cash,COUPON044,30.34,AUD
6564,2024-01-09T16:20:48Z,2024-01-09,59659,1311,Retail,PayPal,COUPON013,29.01,EUR
6565,2023-06-02T03:02:41Z,2023-06-02,48184,4048,Franchise,Afterpay,COUPON017,47.91,EUR
6566,2024-02-23T18:23:49Z,2024-02-23,63781,1434,Franchise,Credit Card,COUPON047,14.62,USD
6567,2024-05-04T10:25:27Z,2024-05-04,79282,4281,Retail,PayPal,COUPON046,10.18,USD
6568,2024-05-03T19:58:07Z,2024-05-03,72286,3214,Franchise,Cash,COUPON038,30.25,EUR
6569,2023-09-03T10:03:05Z,2023-09-03,7084,4508,Retail,Credit Card,COUPON047,14.49,EUR
6570,2023-12-08T11:17:30Z,2023-12-08,44164,1053,Franchise,PayPal,COUPON011,26.90,EUR
6571,2023-05-21T02:47:49Z,2023-05-21,42055,92,Retail,Gift Card,COUPON014,42.07,AUD
6572,2024-05-18T15:46:15Z,2024-05-18,75072,2615,Franchise,Cash,COUPON041,45.10,USD
6573,2023-01-26T18:35:56Z,2023-01-26,12811,2311,Franchise,Afterpay,COUPON028,45.77,USD
6574,2024-05-03T07:13:41Z,2024-05-03,64181,2897,Retail,PayPal,COUPON036,9.36,USD
6575,2023-01-14T02:36:07Z,2023-01-14,11821,4700,Online,PayPal,COUPON010,29.65,EUR
6576,2023-05-28T02:31:36Z,2023-05-28,67301,1209,Retail,Afterpay,COUPON007,44.21,EUR
6577,2024-06-10T00:43:19Z,2024-06-10,22522,544,Online,Gift Card,COUPON003,26.13,AUD
6578,2023-05-29T21:07:43Z,2023-05-29,36467,3364,Franchise,Credit Card,COUPON033,4.11,AUD
6579,2023-11-26T02:21:14Z,2023-11-26,7113,1063,Retail,Gift Card,,47.06,AUD
6580,2023-11-25T16:52:23Z,2023-11-25,6180,1684,Retail,Cash,COUPON007,18.57,AUD
6581,2024-08-17T06:31:30Z,2024-08-17,1742,1615,Retail,Afterpay,COUPON048,35.91,USD
6582,2023-01-07T18:45:12Z,2023-01-07,82024,5742,Franchise,PayPal,COUPON028,45.10,AUD
6583,2024-03-06T00:45:28Z,2024-03-06,79254,4582,Retail,Gift Card,COUPON025,18.96,AUD
6584,2024-06-27T12:09:58Z,2024-06-27,22480,2409,Franchise,Afterpay,COUPON006,35.83,USD
6585,2024-08-07T19:44:27Z,2024-08-07,34972,433,Franchise,PayPal,COUPON022,29.78,AUD
6586,2024-09-01T16:20:06Z,2024-09-01,49048,2402,Online,Gift Card,COUPON012,25.99,USD
6587,2023-10-09T12:14:22Z,2023-10-09,66744,712,Retail,PayPal,COUPON010,24.98,AUD
6588,2023-04-18T07:58:40Z,2023-04-18,71939,1921,Franchise,Afterpay,COUPON013,20.20,EUR
6589,2023-08-07T14:34:26Z,2023-08-07,43140,4966,Retail,PayPal,COUPON046,2.65,USD
6590,2024-09-04T04:20:01Z,2024-09-04,19969,708,Franchise,PayPal,COUPON008,43.81,AUD
6591,2024-03-09T12:07:36Z,2024-03-09,26854,1858,Retail,Afterpay,COUPON027,10.26,AUD
6592,2023-07-02T18:32:58Z,2023-07-02,70378,3177,Online,Afterpay,COUPON034,41.61,EUR
6593,2023-01-11T05:14:50Z,2023-01-11,14108,4143,Retail,Cash,COUPON036,5.24,USD
6594,2023-12-12T22:09:14Z,2023-12-12,61708,2904,Online,Cash,COUPON041,2.90,AUD
6595,2023-12-01T01:20:22Z,2023-12-01,6977,2815,Franchise,Cash,COUPON010,13.38,EUR
6596,2023-08-20T06:09:13Z,2023-08-20,18860,4450,Franchise,Credit Card,COUPON045,34.91,AUD
6597,2023-10-26T04:34:38Z,2023-10-26,2671,2704,Franchise,Credit Card,COUPON031,48.03,USD
6598,2023-07-27T13:08:47Z,2023-07-27,41169,1276,Retail,Cash,COUPON024,23.40,EUR
6599,2024-03-08T01:22:17Z,2024-03-08,35378,3173,Franchise,Cash,COUPON036,7.69,USD
6600,2024-04-13T16:04:26Z,2024-04-13,22858,2816,Online,Afterpay,,8.07,AUD
6601,2024-09-07T23:49:09Z,2024-09-07,49642,4649,Franchise,Afterpay,COUPON030,45.09,EUR
6602,2023-01-22T12:09:04Z,2023-01-22,59956,375,Retail,Credit Card,COUPON022,12.84,EUR
6603,2024-09-21T13:29:16Z,2024-09-21,13063,2614,Franchise,Afterpay,COUPON050,14.99,AUD
6604,2023-03-07T03:49:02Z,2023-03-07,55825,1176,Franchise,PayPal,COUPON007,15.73,AUD
6605,2023-01-14T15:20:50Z,2023-01-14,28425,3657,Online,PayPal,COUPON037,28.62,EUR
6606,2023-10-10T22:05:58Z,2023-10-10,71948,2174,Online,PayPal,COUPON005,3.00,EUR
6607,2024-01-02T12:59:57Z,2024-01-02,79607,3141,Retail,PayPal,COUPON049,46.30,AUD
6608,2024-03-16T11:36:41Z,2024-03-16,34022,1030,Online,Credit Card,COUPON008,46.84,EUR
6609,2024-09-20T07:09:47Z,2024-09-20,14554,342,Retail,Cash,COUPON031,36.45,AUD
6610,2023-04-11T22:51:42Z,2023-04-11,10807,3827,Retail,Afterpay,COUPON042,29.94,AUD
6611,2024-06-24T12:28:00Z,2024-06-24,21475,129,Retail,Gift Card,COUPON028,47.52,AUD
6612,2023-11-13T21:34:13Z,2023-11-13,70052,3935,Retail,Gift Card,COUPON010,17.47,EUR
6613,2024-04-15T08:58:19Z,2024-04-15,65438,3993,Franchise,PayPal,COUPON004,34.26,EUR
6614,2024-02-23T22:25:40Z,2024-02-23,54400,3291,Franchise,Gift Card,COUPON021,24.90,AUD
6615,2023-04-11T06:41:31Z,2023-04-11,11959,1098,Retail,Credit Card,,9.20,USD
6616,2023-02-09T14:31:57Z,2023-02-09,11281,179,Franchise,Credit Card,COUPON016,49.44,AUD
6617,2023-06-17T22:08:10Z,2023-06-17,1986,69,Franchise,Gift Card,COUPON001,19.72,AUD
6618,2024-09-27T11:38:56Z,2024-09-27,27928,1069,Retail,Gift Card,COUPON033,35.23,USD
6619,2024-06-23T14:43:04Z,2024-06-23,59236,2980,Retail,Gift Card,COUPON006,20.75,AUD
6620,2024-06-03T23:16:28Z,2024-06-03,79220,1131,Online,Gift Card,COUPON027,6.04,EUR
6621,2023-12-01T07:56:33Z,2023-12-01,68057,4478,Retail,Credit Card,COUPON027,41.34,EUR
6622,2023-09-25T01:58:32Z,2023-09-25,56079,1943,Franchise,Cash,COUPON020,6.40,USD
6623,2024-09-11T05:55:26Z,2024-09-11,89040,5840,Franchise,Credit Card,,28.45,EUR
6624,2023-11-14T02:22:31Z,2023-11-14,49500,2783,Retail,Gift Card,COUPON012,2.89,USD
6625,2023-11-14T07:00:18Z,2023-11-14,63669,2660,Online,Gift Card,COUPON016,44.31,EUR
6626,2023-05-27T12:09:30Z,2023-05-27,24550,624,Franchise,Cash,COUPON015,1.75,USD
6627,2023-11-17T23:13:42Z,2023-11-17,35543,3233,Retail,Gift Card,COUPON011,2.06,AUD
6628,2023-01-21T01:27:21Z,2023-01-21,21795,2356,Retail,Afterpay,COUPON009,34.90,EUR
6629,2024-03-01T19:22:36Z,2024-03-01,46311,3877,Franchise,PayPal,COUPON048,17.65,EUR
6630,2023-05-07T10:44:08Z,2023-05-07,16575,37,Online,PayPal,COUPON003,44.22,USD
6631,2024-06-03T01:12:08Z,2024-06-03,70399,677,Franchise,Gift Card,COUPON033,26.24,EUR
6632,2024-08-30T08:04:20Z,2024-08-30,35607,3517,Online,Credit Card,COUPON049,46.24,USD
6633,2023-06-30T22:50:33Z,2023-06-30,60048,3767,Online,PayPal,COUPON002,10.66,AUD
6634,2024-02-01T01:41:38Z,2024-02-01,65794,1933,Retail,Gift Card,COUPON005,27.71,AUD
6635,2024-07-12T11:16:28Z,2024-07-12,14132,4278,Online,Cash,COUPON002,30.59,EUR
6636,2023-12-14T04:43:05Z,2023-12-14,15329,1112,Online,PayPal,COUPON047,44.42,USD
6637,2023-05-23T05:08:02Z,2023-05-23,12659,4770,Retail,Gift Card,COUPON030,31.09,EUR
6638,2023-11-24T14:36:22Z,2023-11-24,58980,4926,Retail,Gift Card,COUPON010,9.09,AUD
6639,2023-03-26T01:14:45Z,2023-03-26,30174,299,Retail,Afterpay,COUPON020,39.75,USD
6640,2023-12-14T19:40:21Z,2023-12-14,55201,2417,Retail,Afterpay,COUPON050,29.87,EUR
6641,2024-04-15T19:55:10Z,2024-04-15,55394,2779,Franchise,Credit Card,COUPON003,28.68,USD
6642,2024-04-11T16:11:25Z,2024-04-11,45512,4095,Franchise,PayPal,COUPON044,6.74,USD
6643,2023-06-29T03:13:48Z,2023-06-29,69976,752,Franchise,Gift Card,COUPON010,7.26,USD
6644,2023-03-19T04:20:24Z,2023-03-19,62812,2774,Franchise,Cash,COUPON039,30.66,AUD
6645,2023-07-13T05:53:24Z,2023-07-13,21029,1154,Retail,Cash,COUPON029,10.10,USD
6646,2024-09-22T12:13:45Z,2024-09-22,56156,2979,Retail,Cash,COUPON025,15.92,EUR
6647,2024-06-23T17:09:06Z,2024-06-23,7276,3519,Online,Cash,COUPON027,24.94,USD
6648,2023-08-29T09:04:28Z,2023-08-29,24157,2268,Retail,PayPal,COUPON026,6.62,USD
6649,2023-10-27T03:04:20Z,2023-10-27,38176,688,Franchise,PayPal,COUPON017,43.09,EUR
6650,2023-02-17T04:01:40Z,2023-02-17,32115,385,Retail,Gift Card,COUPON018,34.36,EUR
6651,2023-08-03T17:42:45Z,2023-08-03,45031,614,Retail,Cash,COUPON038,10.29,USD
6652,2023-02-28T21:35:50Z,2023-02-28,53486,1973,Online,Afterpay,COUPON025,34.42,USD
6653,2023-04-13T10:27:38Z,2023-04-13,15044,2089,Retail,Cash,COUPON007,29.90,AUD
6654,2023-07-23T14:43:00Z,2023-07-23,36738,1089,Retail,Gift Card,COUPON029,40.80,EUR
6655,2023-01-14T23:37:04Z,2023-01-14,15179,4694,Franchise,Credit Card,COUPON018,25.44,AUD
6656,2023-07-09T09:41:39Z,2023-07-09,33172,727,Retail,Gift Card,COUPON006,17.45,USD
6657,2023-10-05T21:56:10Z,2023-10-05,50454,3272,Franchise,Cash,COUPON010,18.50,EUR
6658,2024-07-18T12:37:56Z,2024-07-18,26849,4574,Online,Credit Card,COUPON020,8.76,EUR
6659,2024-03-11T06:52:22Z,2024-03-11,47331,1069,Franchise,Cash,COUPON043,42.05,AUD
6660,2023-12-22T07:35:53Z,2023-12-22,43151,4413,Retail,Cash,COUPON037,12.02,AUD
6661,2023-05-05T19:30:36Z,2023-05-05,84072,5722,Franchise,Afterpay,COUPON042,31.22,USD
6662,2023-01-06T16:08:30Z,2023-01-06,75853,3122,Online,Afterpay,COUPON023,23.45,AUD
6663,2024-09-21T03:48:04Z,2024-09-21,47844,3197,Franchise,Credit Card,COUPON013,24.28,EUR
6664,2023-09-11T11:49:22Z,2023-09-11,12372,1834,Online,PayPal,COUPON050,47.35,EUR
6665,2023-05-16T19:13:59Z,2023-05-16,12704,4031,Retail,PayPal,,16.24,EUR
6666,2023-03-25T21:57:21Z,2023-03-25,27901,3469,Online,Gift Card,COUPON020,49.18,USD
6667,2023-04-04T14:25:10Z,2023-04-04,31313,845,Online,Afterpay,COUPON039,40.51,USD
6668,2023-01-04T13:25:22Z,2023-01-04,29400,3143,Online,Afterpay,COUPON026,45.54,EUR
6669,2024-08-26T01:10:46Z,2024-08-26,60310,4434,Online,Afterpay,COUPON038,37.90,AUD
6670,2024-09-12T18:42:21Z,2024-09-12,59501,3507,Franchise,PayPal,,38.40,AUD
6671,2023-08-08T21:18:45Z,2023-08-08,75275,3334,Franchise,Afterpay,COUPON031,24.31,USD
6672,2024-06-15T16:43:06Z,2024-06-15,59290,850,Franchise,Afterpay,COUPON024,49.05,USD
6673,2023-02-04T05:23:04Z,2023-02-04,63944,3088,Franchise,Credit Card,COUPON006,7.85,USD
6674,2023-08-19T20:43:48Z,2023-08-19,33869,4263,Retail,PayPal,COUPON028,6.19,AUD
6675,2024-02-28T12:58:53Z,2024-02-28,23995,4691,Franchise,Credit Card,COUPON001,48.59,EUR
6676,2024-02-06T01:51:08Z,2024-02-06,16396,4235,Retail,Gift Card,COUPON044,29.11,USD
6677,2023-08-13T06:37:36Z,2023-08-13,32187,2184,Retail,Afterpay,COUPON028,25.07,USD
6678,2023-02-15T08:26:32Z,2023-02-15,72236,63,Retail,PayPal,COUPON046,37.78,EUR
6679,2023-11-16T06:21:40Z,2023-11-16,48427,2569,Online,PayPal,,5.38,USD
6680,2023-03-26T17:48:52Z,2023-03-26,3969,1893,Online,Gift Card,COUPON030,37.95,USD
6681,2024-01-12T17:38:13Z,2024-01-12,13551,4454,Franchise,Afterpay,COUPON045,4.66,AUD
6682,2023-12-04T11:50:31Z,2023-12-04,19123,3347,Online,Cash,COUPON039,35.31,AUD
6683,2024-08-13T10:30:07Z,2024-08-13,59617,4539,Online,Cash,COUPON040,23.77,AUD
6684,2024-01-12T15:53:02Z,2024-01-12,61158,3384,Retail,Gift Card,COUPON026,49.54,EUR
6685,2024-05-13T10:56:09Z,2024-05-13,48616,3804,Franchise,Cash,COUPON049,0.38,AUD
6686,2024-08-04T16:58:11Z,2024-08-04,57176,4256,Online,Afterpay,COUPON043,46.66,AUD
6687,2023-06-12T19:52:23Z,2023-06-12,18244,4453,Online,Afterpay,COUPON034,49.49,EUR
6688,2024-03-02T16:37:53Z,2024-03-02,12001,4474,Franchise,Cash,COUPON016,34.11,USD
6689,2023-06-12T17:59:34Z,2023-06-12,9332,3682,Franchise,PayPal,COUPON002,47.10,EUR
6690,2024-02-04T15:58:19Z,2024-02-04,19654,1584,Online,Credit Card,COUPON032,36.58,EUR
6691,2023-07-18T21:50:02Z,2023-07-18,40689,3905,Online,Credit Card,COUPON044,46.60,AUD
6692,2024-07-03T07:04:48Z,2024-07-03,77126,228,Franchise,Afterpay,COUPON038,10.50,USD
6693,2023-05-02T08:31:09Z,2023-05-02,23578,472,Franchise,PayPal,COUPON027,24.85,AUD
6694,2024-05-05T08:21:55Z,2024-05-05,60680,417,Franchise,Cash,COUPON009,5.05,USD
6695,2023-10-07T15:33:31Z,2023-10-07,24335,3464,Franchise,Gift Card,COUPON019,10.04,AUD
6696,2023-04-10T09:51:36Z,2023-04-10,15246,1469,Online,Cash,COUPON020,6.07,USD
6697,2024-03-27T12:47:39Z,2024-03-27,71651,3969,Franchise,PayPal,COUPON002,15.05,USD
6698,2023-01-02T19:41:49Z,2023-01-02,41184,3074,Online,Gift Card,COUPON045,25.33,USD
6699,2023-01-30T19:21:17Z,2023-01-30,50937,4816,Retail,Afterpay,COUPON020,41.32,EUR
6700,2023-10-24T23:47:30Z,2023-10-24,75603,718,Retail,PayPal,COUPON045,46.38,USD
6701,2023-04-22T23:50:45Z,2023-04-22,55238,4558,Retail,Gift Card,COUPON027,44.48,EUR
6702,2024-05-29T10:46:25Z,2024-05-29,77092,1098,Retail,Credit Card,COUPON049,43.63,USD
6703,2023-06-06T05:29:33Z,2023-06-06,14067,1634,Franchise,Cash,COUPON002,14.56,AUD
6704,2023-05-19T06:14:22Z,2023-05-19,51064,1551,Online,Afterpay,COUPON013,3.57,EUR
6705,2023-08-16T03:19:53Z,2023-08-16,41841,422,Franchise,Gift Card,COUPON012,5.50,USD
6706,2023-01-11T06:41:16Z,2023-01-11,29942,1025,Franchise,Afterpay,COUPON030,46.55,EUR
6707,2023-01-09T22:41:31Z,2023-01-09,74416,731,Retail,Gift Card,COUPON028,17.42,AUD
6708,2024-04-14T08:37:43Z,2024-04-14,47705,2565,Retail,Credit Card,COUPON023,13.27,AUD
6709,2024-05-14T20:25:55Z,2024-05-14,21033,598,Online,Afterpay,COUPON026,12.56,EUR
6710,2024-08-01T20:28:45Z,2024-08-01,40080,931,Retail,Cash,COUPON005,43.35,EUR
6711,2023-04-18T18:39:00Z,2023-04-18,17206,240,Online,Cash,COUPON030,16.58,AUD
6712,2023-08-21T13:17:12Z,2023-08-21,65465,3065,Franchise,Afterpay,COUPON029,7.59,AUD
6713,2023-10-10T14:11:16Z,2023-10-10,54234,1074,Online,Credit Card,COUPON019,11.84,EUR
6714,2023-11-22T01:35:43Z,2023-11-22,54303,1321,Franchise,Cash,COUPON029,18.30,EUR
6715,2024-04-27T20:53:24Z,2024-04-27,26432,2491,Retail,Cash,COUPON024,3.87,AUD
6716,2023-02-21T19:43:44Z,2023-02-21,50983,211,Retail,Gift Card,COUPON016,28.61,USD
6717,2023-01-13T01:12:32Z,2023-01-13,26543,4694,Online,PayPal,COUPON015,48.60,USD
6718,2023-12-26T22:58:10Z,2023-12-26,45093,2582,Online,Gift Card,COUPON014,44.94,USD
6719,2023-02-24T16:39:30Z,2023-02-24,57939,979,Retail,Gift Card,COUPON011,19.52,USD
6720,2023-02-03T06:17:54Z,2023-02-03,31189,4256,Retail,Gift Card,COUPON040,34.24,USD
6721,2023-06-12T10:44:08Z,2023-06-12,35304,964,Franchise,Afterpay,COUPON050,3.39,EUR
6722,2024-03-21T09:09:18Z,2024-03-21,41856,521,Retail,Cash,COUPON050,19.28,USD
6723,2023-03-24T03:12:44Z,2023-03-24,68955,47,Online,Cash,COUPON009,23.21,AUD
6724,2023-12-07T05:15:08Z,2023-12-07,57060,3322,Online,Afterpay,COUPON041,47.24,EUR
6725,2024-04-12T22:29:10Z,2024-04-12,6727,1225,Online,Gift Card,COUPON035,0.34,USD
6726,2024-01-15T16:40:02Z,2024-01-15,74927,3200,Franchise,Gift Card,COUPON003,6.37,AUD
6727,2024-07-30T14:39:57Z,2024-07-30,65273,364,Online,Gift Card,COUPON006,16.27,USD
6728,2023-12-24T08:53:56Z,2023-12-24,67607,823,Online,PayPal,COUPON011,32.77,USD
6729,2023-08-01T23:17:33Z,2023-08-01,16444,3527,Retail,Cash,COUPON045,1.01,AUD
6730,2024-08-21T18:03:13Z,2024-08-21,52112,1289,Franchise,Cash,COUPON031,45.08,AUD
6731,2024-09-23T10:26:20Z,2024-09-23,66593,4752,Retail,Credit Card,COUPON044,5.79,EUR
6732,2023-11-25T05:29:13Z,2023-11-25,53915,3078,Online,Gift Card,COUPON032,9.77,USD
6733,2024-06-03T02:14:06Z,2024-06-03,25334,3320,Franchise,PayPal,COUPON023,2.17,USD
6734,2023-04-29T22:07:41Z,2023-04-29,29651,639,Retail,Cash,COUPON045,29.15,USD
6735,2024-02-10T15:22:04Z,2024-02-10,72052,3899,Retail,PayPal,COUPON046,15.49,AUD
6736,2023-12-05T16:59:15Z,2023-12-05,50384,4600,Franchise,Cash,,46.55,EUR
6737,2024-03-27T15:35:48Z,2024-03-27,76816,3562,Online,Credit Card,COUPON025,29.99,EUR
6738,2023-02-11T05:49:36Z,2023-02-11,6457,1099,Franchise,Credit Card,COUPON034,19.47,USD
6739,2024-05-15T10:49:44Z,2024-05-15,63575,3683,Franchise,Cash,COUPON016,32.14,AUD
6740,2023-12-13T20:59:34Z,2023-12-13,14403,1407,Online,Credit Card,COUPON034,42.43,EUR
6741,2024-08-04T21:49:02Z,2024-08-04,62848,830,Retail,Afterpay,COUPON024,30.09,EUR
6742,2024-03-07T08:07:07Z,2024-03-07,29382,2280,Retail,PayPal,COUPON001,31.97,USD
6743,2024-09-30T01:30:18Z,2024-09-30,24163,2766,Franchise,PayPal,COUPON019,36.35,EUR
6744,2023-12-13T20:55:33Z,2023-12-13,18070,1785,Retail,PayPal,COUPON012,18.30,AUD
6745,2024-08-30T06:16:53Z,2024-08-30,49332,1995,Retail,Credit Card,COUPON048,20.30,EUR
6746,2023-12-15T22:20:15Z,2023-12-15,21997,3969,Retail,Afterpay,COUPON022,18.18,USD
6747,2024-09-06T05:47:49Z,2024-09-06,15196,892,Online,Credit Card,COUPON016,34.52,USD
6748,2023-07-18T07:24:19Z,2023-07-18,27107,2267,Franchise,PayPal,COUPON008,12.64,AUD
6749,2023-05-07T10:21:47Z,2023-05-07,33838,2400,Online,Credit Card,COUPON011,32.54,USD
6750,2023-02-05T18:05:58Z,2023-02-05,52662,4859,Online,Gift Card,COUPON007,40.41,AUD
6751,2024-06-29T10:23:54Z,2024-06-29,68184,4585,Franchise,Credit Card,COUPON010,11.02,USD
6752,2024-09-19T03:09:16Z,2024-09-19,71141,2596,Online,Gift Card,COUPON003,24.34,USD
6753,2024-02-04T07:31:09Z,2024-02-04,20083,1524,Online,Afterpay,COUPON022,0.64,EUR
6754,2024-08-21T04:01:11Z,2024-08-21,64284,898,Franchise,Cash,COUPON018,25.52,USD
6755,2023-01-09T12:17:52Z,2023-01-09,1439,3585,Online,PayPal,COUPON027,15.18,USD
6756,2023-01-05T09:45:44Z,2023-01-05,30212,4406,Retail,Cash,COUPON049,44.76,USD
6757,2023-03-10T16:47:48Z,2023-03-10,28177,4641,Franchise,Cash,COUPON036,16.26,EUR
6758,2023-05-24T08:07:13Z,2023-05-24,38277,1380,Retail,Credit Card,COUPON034,24.09,USD
6759,2024-08-29T20:08:14Z,2024-08-29,18865,2091,Retail,Afterpay,COUPON016,21.77,AUD
6760,2023-07-28T04:52:41Z,2023-07-28,31305,4460,Retail,Credit Card,COUPON043,1.88,USD
6761,2024-04-03T06:55:21Z,2024-04-03,34032,2818,Franchise,Afterpay,COUPON050,18.11,AUD
6762,2024-02-13T02:52:08Z,2024-02-13,4641,678,Retail,Afterpay,COUPON036,15.20,AUD
6763,2024-02-05T06:35:45Z,2024-02-05,21313,1472,Franchise,Cash,COUPON012,4.70,EUR
6764,2023-05-28T23:36:09Z,2023-05-28,1911,4815,Franchise,Afterpay,COUPON019,47.62,USD
6765,2023-11-13T20:19:13Z,2023-11-13,42337,4068,Retail,Afterpay,COUPON016,21.19,AUD
6766,2023-03-04T13:45:50Z,2023-03-04,77119,1623,Franchise,Cash,COUPON001,21.36,USD
6767,2024-09-20T13:19:10Z,2024-09-20,25097,304,Retail,Credit Card,COUPON023,49.85,AUD
6768,2024-01-31T07:44:41Z,2024-01-31,55374,2716,Retail,Credit Card,COUPON035,15.75,USD
6769,2024-07-26T21:04:49Z,2024-07-26,36665,1986,Retail,Gift Card,COUPON044,22.03,EUR
6770,2023-12-23T11:00:18Z,2023-12-23,70951,1901,Retail,Gift Card,COUPON045,48.19,USD
6771,2023-05-25T00:07:10Z,2023-05-25,10809,1580,Online,PayPal,COUPON038,34.35,USD
6772,2023-04-14T09:13:24Z,2023-04-14,2147,1021,Online,Cash,COUPON043,42.85,EUR
6773,2024-02-19T06:56:07Z,2024-02-19,65147,3787,Online,PayPal,COUPON044,39.61,AUD
6774,2023-10-23T17:45:15Z,2023-10-23,47551,205,Franchise,PayPal,COUPON023,16.57,USD
6775,2024-05-11T00:16:30Z,2024-05-11,59180,2781,Online,Afterpay,COUPON034,21.18,USD
6776,2023-09-17T05:55:11Z,2023-09-17,56829,4309,Retail,PayPal,COUPON049,30.66,AUD
6777,2023-05-02T17:40:29Z,2023-05-02,14820,988,Online,Gift Card,COUPON039,4.29,EUR
6778,2024-01-01T01:32:58Z,2024-01-01,65738,3758,Retail,Cash,COUPON031,46.52,AUD
6779,2023-12-04T17:46:24Z,2023-12-04,79403,4223,Franchise,Credit Card,COUPON008,5.41,EUR
6780,2023-08-05T13:04:27Z,2023-08-05,64785,1159,Online,PayPal,COUPON049,0.09,AUD
6781,2024-06-23T01:24:09Z,2024-06-23,52526,3537,Retail,PayPal,COUPON004,15.78,USD
6782,2024-09-02T09:21:15Z,2024-09-02,342,1821,Online,Afterpay,COUPON048,21.60,AUD
6783,2023-06-19T04:06:45Z,2023-06-19,24979,528,Retail,Cash,COUPON016,8.28,EUR
6784,2023-12-02T00:44:55Z,2023-12-02,15744,3251,Online,Credit Card,COUPON048,11.86,USD
6785,2023-07-06T01:51:18Z,2023-07-06,21753,2881,Franchise,PayPal,COUPON023,42.68,EUR
6786,2023-04-22T03:55:17Z,2023-04-22,4352,1733,Online,Afterpay,COUPON031,28.73,USD
6787,2023-12-29T18:08:24Z,2023-12-29,11912,3282,Franchise,Gift Card,COUPON023,46.56,EUR
6788,2023-04-23T00:00:16Z,2023-04-23,2824,2303,Franchise,PayPal,COUPON017,47.96,USD
6789,2023-11-22T09:57:04Z,2023-11-22,39055,480,Online,PayPal,COUPON002,27.04,AUD
6790,2023-11-26T01:00:13Z,2023-11-26,13274,2308,Online,Afterpay,COUPON015,32.25,AUD
6791,2024-01-07T22:49:57Z,2024-01-07,55506,1245,Franchise,Cash,COUPON042,20.16,AUD
6792,2024-05-16T18:19:18Z,2024-05-16,25690,4803,Online,Afterpay,COUPON048,48.19,USD
6793,2023-05-31T00:49:49Z,2023-05-31,3936,784,Online,Gift Card,COUPON012,19.55,USD
6794,2024-09-14T07:18:03Z,2024-09-14,52352,1656,Online,PayPal,COUPON016,11.17,EUR
6795,2024-05-03T04:54:20Z,2024-05-03,58093,4354,Retail,Afterpay,COUPON013,10.38,EUR
6796,2024-07-03T04:21:30Z,2024-07-03,56232,1816,Retail,PayPal,COUPON033,5.98,AUD
6797,2024-08-14T19:18:34Z,2024-08-14,59492,197,Franchise,Credit Card,COUPON043,36.35,USD
6798,2023-07-03T08:18:32Z,2023-07-03,5791,886,Franchise,Credit Card,COUPON004,46.15,AUD
6799,2024-06-23T23:59:58Z,2024-06-23,58937,3720,Retail,PayPal,COUPON040,8.84,EUR
6800,2023-05-01T16:37:19Z,2023-05-01,62927,4536,Franchise,Gift Card,COUPON001,45.28,EUR
6801,2023-11-25T16:29:21Z,2023-11-25,73331,1575,Retail,Gift Card,COUPON049,46.37,AUD
6802,2024-09-08T09:34:42Z,2024-09-08,131,3609,Franchise,Gift Card,COUPON026,35.57,USD
6803,2023-01-20T15:01:26Z,2023-01-20,1171,4957,Franchise,Gift Card,COUPON018,31.98,USD
6804,2023-04-10T12:10:23Z,2023-04-10,48577,4732,Retail,Gift Card,COUPON037,12.83,AUD
6805,2024-07-04T10:50:50Z,2024-07-04,69187,2536,Retail,Cash,COUPON021,45.30,EUR
6806,2024-05-29T22:33:20Z,2024-05-29,38463,2630,Retail,Afterpay,,12.73,EUR
6807,2024-06-20T08:03:34Z,2024-06-20,4428,276,Franchise,Gift Card,COUPON044,45.24,AUD
6808,2023-10-24T16:07:04Z,2023-10-24,18633,4588,Online,Gift Card,COUPON009,7.26,AUD
6809,2023-09-02T17:09:31Z,2023-09-02,45648,3172,Retail,Credit Card,COUPON043,6.68,USD
6810,2024-07-24T08:34:46Z,2024-07-24,57059,2391,Online,PayPal,COUPON041,49.04,AUD
6811,2024-09-16T01:37:56Z,2024-09-16,64782,3332,Retail,Credit Card,,37.00,USD
6812,2023-04-12T18:09:30Z,2023-04-12,38053,2964,Franchise,Afterpay,COUPON006,23.67,USD
6813,2024-04-03T22:15:36Z,2024-04-03,36500,2181,Online,Afterpay,COUPON004,0.75,AUD
6814,2024-04-10T03:10:24Z,2024-04-10,57633,463,Franchise,PayPal,COUPON014,6.30,AUD
6815,2023-09-02T16:52:41Z,2023-09-02,28434,4973,Retail,Cash,COUPON013,19.61,AUD
6816,2023-08-21T06:33:12Z,2023-08-21,10170,4356,Franchise,Gift Card,COUPON050,34.64,AUD
6817,2023-11-12T02:10:16Z,2023-11-12,67061,2345,Online,Credit Card,COUPON020,21.39,USD
6818,2023-04-24T09:44:14Z,2023-04-24,32551,699,Franchise,Credit Card,COUPON011,3.20,AUD
6819,2024-09-23T08:16:19Z,2024-09-23,24859,4207,Online,PayPal,COUPON027,9.20,AUD
6820,2023-10-26T12:47:21Z,2023-10-26,1537,1214,Retail,PayPal,COUPON029,43.50,AUD
6821,2024-08-20T17:12:17Z,2024-08-20,67113,4861,Franchise,PayPal,COUPON021,43.25,USD
6822,2024-06-17T09:39:06Z,2024-06-17,57141,1217,Retail,Credit Card,COUPON010,44.79,USD
6823,2024-04-02T09:58:21Z,2024-04-02,34137,1893,Online,Afterpay,COUPON030,16.42,EUR
6824,2023-05-10T19:50:52Z,2023-05-10,35814,721,Online,PayPal,COUPON006,45.29,EUR
6825,2023-03-06T21:57:36Z,2023-03-06,28394,288,Retail,Gift Card,COUPON021,32.52,USD
6826,2024-09-28T12:07:37Z,2024-09-28,14645,4009,Online,Gift Card,COUPON017,25.43,AUD
6827,2024-09-21T15:24:14Z,2024-09-21,14534,1290,Online,Gift Card,COUPON023,20.83,AUD
6828,2023-11-26T15:07:16Z,2023-11-26,61100,1840,Online,PayPal,COUPON036,39.59,EUR
6829,2023-12-01T12:19:33Z,2023-12-01,40070,2688,Online,Cash,COUPON045,46.09,AUD
6830,2023-05-08T02:16:23Z,2023-05-08,39249,2729,Franchise,Afterpay,COUPON010,32.72,EUR
6831,2023-06-10T18:55:52Z,2023-06-10,12414,701,Retail,Cash,COUPON004,7.68,USD
6832,2024-03-24T16:04:30Z,2024-03-24,40695,566,Franchise,Cash,COUPON047,6.63,AUD
6833,2023-09-28T18:48:44Z,2023-09-28,74038,4544,Franchise,Credit Card,COUPON008,10.01,AUD
6834,2024-01-10T03:09:04Z,2024-01-10,58711,89,Franchise,Afterpay,COUPON030,32.11,AUD
6835,2024-08-17T17:11:24Z,2024-08-17,43,997,Franchise,Gift Card,COUPON044,24.75,AUD
6836,2024-07-28T10:57:46Z,2024-07-28,89315,5295,Franchise,Afterpay,COUPON028,26.47,AUD
6837,2023-12-12T17:47:07Z,2023-12-12,17620,2034,Retail,Cash,COUPON020,23.31,AUD
6838,2024-01-13T14:19:16Z,2024-01-13,11980,972,Online,Gift Card,COUPON038,14.15,USD
6839,2024-08-31T18:41:26Z,2024-08-31,5251,184,Retail,Credit Card,COUPON046,30.15,AUD
6840,2023-10-29T16:00:44Z,2023-10-29,74592,4378,Online,Afterpay,COUPON046,25.85,AUD
6841,2024-03-29T19:25:33Z,2024-03-29,64896,2767,Online,Afterpay,COUPON019,15.04,USD
6842,2024-08-18T03:50:16Z,2024-08-18,73537,1619,Franchise,Gift Card,COUPON002,34.08,USD
6843,2023-12-09T05:29:00Z,2023-12-09,11139,178,Retail,Gift Card,COUPON048,43.56,AUD
6844,2024-04-02T09:54:02Z,2024-04-02,57918,2232,Franchise,Cash,COUPON018,20.59,AUD
6845,2024-04-17T11:58:26Z,2024-04-17,49504,854,Retail,Afterpay,COUPON043,12.18,AUD
6846,2023-06-01T05:20:27Z,2023-06-01,76421,3793,Franchise,Credit Card,COUPON013,38.58,AUD
6847,2023-04-02T15:35:14Z,2023-04-02,70957,3623,Franchise,Credit Card,COUPON039,36.10,AUD
6848,2023-11-27T00:36:39Z,2023-11-27,59801,2546,Online,Gift Card,COUPON049,45.23,AUD
6849,2023-08-09T22:14:10Z,2023-08-09,76769,1838,Franchise,Gift Card,COUPON017,15.93,AUD
6850,2023-05-17T08:59:21Z,2023-05-17,19834,148,Franchise,Credit Card,COUPON037,24.92,AUD
6851,2023-01-31T05:11:23Z,2023-01-31,1931,342,Retail,Gift Card,COUPON033,11.60,USD
6852,2024-05-12T22:00:05Z,2024-05-12,43893,3705,Online,Credit Card,COUPON030,15.94,AUD
6853,2024-06-07T07:20:21Z,2024-06-07,13226,4658,Franchise,Gift Card,COUPON032,40.57,AUD
6854,2024-06-05T11:48:49Z,2024-06-05,25619,537,Franchise,Cash,COUPON029,44.70,EUR
6855,2023-05-06T19:38:35Z,2023-05-06,44108,3157,Online,Afterpay,COUPON044,7.74,EUR
6856,2024-06-15T01:10:15Z,2024-06-15,50705,793,Franchise,PayPal,COUPON033,13.38,EUR
6857,2024-05-28T13:32:31Z,2024-05-28,19191,1291,Online,Afterpay,COUPON024,41.81,EUR
6858,2023-02-10T09:15:07Z,2023-02-10,24174,1916,Online,PayPal,COUPON002,23.29,EUR
6859,2024-02-18T22:25:38Z,2024-02-18,2095,530,Online,Gift Card,,45.58,AUD
6860,2023-09-16T03:49:03Z,2023-09-16,46699,4008,Online,Gift Card,COUPON030,19.04,USD
6861,2024-07-29T11:46:15Z,2024-07-29,56030,2966,Retail,Gift Card,COUPON017,24.08,EUR
6862,2023-02-10T01:55:48Z,2023-02-10,34227,1107,Online,Afterpay,COUPON039,3.78,EUR
6863,2024-05-18T23:31:36Z,2024-05-18,59839,463,Franchise,PayPal,COUPON003,12.83,AUD
6864,2023-11-03T22:15:12Z,2023-11-03,25163,4105,Retail,Afterpay,COUPON008,29.71,USD
6865,2024-05-05T08:29:23Z,2024-05-05,21610,2492,Retail,Afterpay,COUPON009,43.44,USD
6866,2023-06-03T10:32:25Z,2023-06-03,61322,4585,Franchise,Afterpay,COUPON013,11.44,USD
6867,2023-02-02T20:09:27Z,2023-02-02,76964,3622,Retail,Cash,COUPON040,44.67,AUD
6868,2024-04-06T08:29:54Z,2024-04-06,16725,782,Retail,PayPal,COUPON030,22.79,USD
6869,2023-11-02T06:57:05Z,2023-11-02,13239,946,Online,Gift Card,COUPON028,42.31,USD
6870,2024-08-07T18:17:56Z,2024-08-07,15485,1297,Online,Cash,COUPON048,18.55,AUD
6871,2024-05-01T17:44:10Z,2024-05-01,31625,558,Franchise,Credit Card,COUPON040,37.96,EUR
6872,2023-12-01T06:37:30Z,2023-12-01,56435,2457,Retail,Afterpay,COUPON031,8.13,USD
6873,2024-05-16T17:58:04Z,2024-05-16,30548,1808,Retail,Gift Card,COUPON035,11.37,EUR
6874,2024-09-10T07:15:49Z,2024-09-10,31968,1050,Retail,Credit Card,COUPON032,1.62,EUR
6875,2023-04-10T10:23:56Z,2023-04-10,67585,666,Franchise,PayPal,COUPON029,2.84,USD
6876,2023-02-17T23:20:52Z,2023-02-17,74616,2273,Online,PayPal,COUPON027,15.18,EUR
6877,2023-06-12T20:21:10Z,2023-06-12,45274,153,Franchise,Afterpay,COUPON011,4.64,AUD
6878,2024-03-27T23:12:55Z,2024-03-27,21177,3535,Retail,Cash,COUPON024,4.78,EUR
6879,2024-01-23T01:15:18Z,2024-01-23,19303,838,Retail,Credit Card,COUPON040,28.13,USD
6880,2024-06-13T10:23:12Z,2024-06-13,19816,93,Retail,Gift Card,COUPON008,35.55,AUD
6881,2023-07-12T20:20:45Z,2023-07-12,47208,4703,Online,Cash,COUPON044,29.12,EUR
6882,2024-07-27T03:41:22Z,2024-07-27,65236,1281,Online,Afterpay,COUPON013,13.60,AUD
6883,2023-07-03T01:46:51Z,2023-07-03,86680,5865,Franchise,Gift Card,COUPON022,27.26,USD
6884,2024-07-27T22:40:23Z,2024-07-27,38349,2543,Online,Credit Card,COUPON045,23.20,AUD
6885,2023-11-09T18:03:30Z,2023-11-09,19600,2773,Franchise,PayPal,COUPON016,31.24,EUR
6886,2023-08-07T11:29:47Z,2023-08-07,36414,2632,Franchise,Gift Card,COUPON006,2.70,USD
6887,2023-07-08T15:22:17Z,2023-07-08,45623,2190,Online,Afterpay,COUPON022,21.93,USD
6888,2024-03-08T19:48:08Z,2024-03-08,73412,3038,Franchise,Gift Card,COUPON039,42.39,AUD
6889,2023-12-30T03:05:18Z,2023-12-30,74915,4713,Franchise,Credit Card,COUPON001,20.18,USD
6890,2023-02-28T20:31:03Z,2023-02-28,55860,6,Online,Gift Card,COUPON037,0.85,USD
6891,2024-01-05T21:03:52Z,2024-01-05,54783,1074,Retail,PayPal,COUPON044,23.27,AUD
6892,2023-03-01T15:38:53Z,2023-03-01,63489,3117,Retail,Afterpay,COUPON042,35.07,USD
6893,2024-01-17T15:30:22Z,2024-01-17,19016,3706,Franchise,Gift Card,COUPON045,39.61,USD
6894,2023-12-03T04:17:00Z,2023-12-03,29946,2970,Retail,Gift Card,COUPON039,9.69,EUR
6895,2023-06-01T03:31:53Z,2023-06-01,36809,4302,Franchise,Afterpay,COUPON001,0.55,EUR
6896,2023-07-20T15:46:08Z,2023-07-20,31933,860,Online,Credit Card,COUPON019,32.45,EUR
6897,2023-12-15T06:25:54Z,2023-12-15,9335,1207,Retail,Gift Card,COUPON040,39.66,EUR
6898,2023-05-01T22:27:10Z,2023-05-01,14959,3095,Online,Cash,COUPON021,30.08,USD
6899,2023-11-19T16:39:01Z,2023-11-19,31947,2944,Franchise,Afterpay,COUPON031,28.06,USD
6900,2023-10-29T10:17:33Z,2023-10-29,6706,2291,Franchise,Gift Card,COUPON005,34.27,AUD
6901,2024-02-05T15:26:23Z,2024-02-05,64830,4972,Franchise,Cash,COUPON015,29.30,AUD
6902,2023-09-06T14:58:10Z,2023-09-06,78846,4025,Retail,Cash,COUPON018,34.83,EUR
6903,2024-05-14T20:49:34Z,2024-05-14,24174,2738,Franchise,PayPal,COUPON032,17.65,EUR
6904,2023-02-11T05:16:09Z,2023-02-11,14488,4665,Online,Cash,COUPON012,36.42,USD
6905,2023-08-18T03:37:41Z,2023-08-18,54939,3593,Retail,Gift Card,COUPON031,23.38,EUR
6906,2024-07-12T19:53:08Z,2024-07-12,31874,2859,Retail,PayPal,COUPON047,44.82,EUR
6907,2023-03-12T08:08:16Z,2023-03-12,80384,5864,Franchise,Cash,COUPON011,31.51,EUR
6908,2024-08-02T23:34:32Z,2024-08-02,31374,1340,Franchise,Credit Card,COUPON020,27.31,USD
6909,2023-05-13T06:28:03Z,2023-05-13,36311,85,Retail,Gift Card,COUPON011,18.18,EUR
6910,2023-01-09T13:28:37Z,2023-01-09,59414,3593,Franchise,PayPal,COUPON025,14.48,USD
6911,2023-05-24T06:56:56Z,2023-05-24,47222,2167,Online,Credit Card,COUPON019,12.40,EUR
6912,2024-03-10T07:00:31Z,2024-03-10,15542,1164,Retail,Afterpay,COUPON002,29.42,USD
6913,2023-01-15T18:48:22Z,2023-01-15,15987,3717,Retail,Afterpay,COUPON021,38.25,EUR
6914,2023-04-30T00:11:04Z,2023-04-30,5107,3257,Online,Credit Card,COUPON001,37.25,AUD
6915,2023-10-31T06:02:27Z,2023-10-31,31122,3829,Franchise,Gift Card,COUPON030,17.03,EUR
6916,2024-09-20T12:24:04Z,2024-09-20,40324,4788,Online,Afterpay,COUPON048,9.58,AUD
6917,2023-12-16T15:16:14Z,2023-12-16,23546,4818,Franchise,Afterpay,COUPON016,30.29,AUD
6918,2024-07-06T10:53:35Z,2024-07-06,48847,3978,Online,Credit Card,COUPON022,4.67,EUR
6919,2024-02-08T21:55:27Z,2024-02-08,16939,2332,Franchise,Credit Card,COUPON036,45.01,USD
6920,2024-06-03T22:59:23Z,2024-06-03,62895,2502,Online,PayPal,COUPON048,11.54,EUR
6921,2024-07-20T16:35:32Z,2024-07-20,61158,3070,Retail,Gift Card,COUPON031,15.97,EUR
6922,2024-08-29T13:08:00Z,2024-08-29,52020,478,Franchise,Gift Card,COUPON046,28.88,EUR
6923,2024-03-21T03:22:33Z,2024-03-21,14277,2491,Retail,PayPal,COUPON035,2.65,AUD
6924,2023-10-17T14:58:16Z,2023-10-17,50,3816,Online,Gift Card,COUPON018,27.93,USD
6925,2024-08-03T01:58:22Z,2024-08-03,2791,2895,Retail,PayPal,COUPON019,4.49,AUD
6926,2024-09-16T19:04:00Z,2024-09-16,71523,4978,Franchise,PayPal,COUPON003,44.56,AUD
6927,2023-05-01T20:40:11Z,2023-05-01,76921,3549,Franchise,Credit Card,COUPON040,38.77,AUD
6928,2024-04-23T23:05:21Z,2024-04-23,15070,191,Online,PayPal,COUPON012,12.26,AUD
6929,2023-06-12T21:43:45Z,2023-06-12,16363,1344,Online,Cash,COUPON001,34.25,USD
6930,2024-05-27T11:26:43Z,2024-05-27,64520,182,Online,Credit Card,COUPON004,1.19,EUR
6931,2024-04-26T02:10:30Z,2024-04-26,62352,2426,Online,Credit Card,COUPON010,43.48,AUD
6932,2023-05-12T20:49:28Z,2023-05-12,23721,782,Retail,Cash,COUPON034,6.32,EUR
6933,2023-04-16T08:39:40Z,2023-04-16,25150,1337,Franchise,Credit Card,COUPON039,33.68,AUD
6934,2024-04-02T10:51:04Z,2024-04-02,12086,647,Franchise,Afterpay,COUPON008,42.62,USD
6935,2023-11-04T15:08:59Z,2023-11-04,18548,2247,Retail,Cash,COUPON013,37.46,USD
6936,2023-02-21T21:24:14Z,2023-02-21,29180,1974,Online,Cash,COUPON013,43.91,AUD
6937,2024-02-23T08:56:34Z,2024-02-23,53297,3158,Retail,Afterpay,COUPON008,0.65,USD
6938,2023-08-26T23:21:13Z,2023-08-26,29316,4535,Online,Afterpay,COUPON008,7.91,AUD
6939,2023-05-24T04:33:36Z,2023-05-24,74086,4997,Franchise,Gift Card,COUPON045,24.92,AUD
6940,2023-03-21T06:26:48Z,2023-03-21,2071,4824,Online,Credit Card,COUPON045,41.89,USD
6941,2024-02-21T05:44:54Z,2024-02-21,62504,145,Franchise,Afterpay,COUPON020,9.02,EUR
6942,2024-05-26T13:56:08Z,2024-05-26,47567,1267,Franchise,Gift Card,COUPON016,15.78,EUR
6943,2023-06-05T13:20:46Z,2023-06-05,41433,4211,Retail,Gift Card,COUPON002,10.31,AUD
6944,2023-11-19T03:53:57Z,2023-11-19,69691,2298,Online,Credit Card,COUPON038,10.44,EUR
6945,2023-05-11T15:44:43Z,2023-05-11,60905,315,Franchise,PayPal,COUPON047,40.02,EUR
6946,2023-01-26T04:45:55Z,2023-01-26,66066,3176,Franchise,Afterpay,COUPON013,5.31,USD
6947,2024-09-19T06:28:46Z,2024-09-19,11116,3322,Retail,Cash,COUPON048,40.43,AUD
6948,2024-02-25T20:56:05Z,2024-02-25,26920,2016,Online,PayPal,COUPON046,27.30,AUD
6949,2023-04-09T02:10:17Z,2023-04-09,20661,1209,Franchise,Cash,COUPON019,7.74,USD
6950,2023-07-20T18:15:33Z,2023-07-20,26839,4475,Online,Cash,COUPON017,29.58,USD
6951,2024-05-30T03:54:53Z,2024-05-30,64857,3845,Franchise,Credit Card,COUPON040,42.55,USD
6952,2023-06-24T14:26:22Z,2023-06-24,8120,2539,Franchise,Afterpay,COUPON002,22.07,USD
6953,2023-01-23T04:52:48Z,2023-01-23,73012,2395,Online,PayPal,COUPON001,32.86,EUR
6954,2023-12-19T18:39:05Z,2023-12-19,23181,427,Retail,Cash,COUPON045,47.07,USD
6955,2023-10-01T18:03:49Z,2023-10-01,7173,3527,Franchise,Credit Card,COUPON045,39.70,EUR
6956,2023-10-09T17:50:28Z,2023-10-09,28184,3114,Franchise,PayPal,COUPON041,39.12,EUR
6957,2024-05-31T08:31:33Z,2024-05-31,33476,4453,Franchise,Cash,COUPON029,24.20,EUR
6958,2023-10-08T01:26:14Z,2023-10-08,87610,5831,Online,Credit Card,COUPON033,40.80,EUR
6959,2024-08-18T23:20:28Z,2024-08-18,79577,2622,Franchise,Credit Card,COUPON045,37.94,AUD
6960,2023-02-06T02:43:44Z,2023-02-06,9486,4925,Franchise,Gift Card,COUPON020,6.49,USD
6961,2024-08-21T23:06:31Z,2024-08-21,48920,4160,Online,PayPal,COUPON048,17.96,AUD
6962,2024-05-25T11:31:52Z,2024-05-25,47236,2636,Franchise,Cash,COUPON010,30.07,USD
6963,2023-11-17T17:47:39Z,2023-11-17,45511,2015,Franchise,PayPal,COUPON029,33.94,USD
6964,2024-04-08T22:28:31Z,2024-04-08,73365,151,Retail,Gift Card,COUPON003,4.15,AUD
6965,2024-02-13T22:33:32Z,2024-02-13,4239,3959,Online,Afterpay,COUPON030,23.61,USD
6966,2023-01-02T17:57:47Z,2023-01-02,33955,648,Franchise,Gift Card,COUPON001,16.45,USD
6967,2024-05-19T17:58:23Z,2024-05-19,71821,4571,Online,Afterpay,COUPON019,38.63,EUR
6968,2023-02-28T23:39:40Z,2023-02-28,45359,2806,Retail,PayPal,COUPON042,46.18,USD
6969,2023-03-22T20:16:40Z,2023-03-22,7872,4613,Online,Cash,COUPON036,43.83,AUD
6970,2023-09-09T11:21:20Z,2023-09-09,60262,3195,Online,Cash,COUPON048,14.36,EUR
6971,2024-02-26T17:20:43Z,2024-02-26,75028,3361,Franchise,Cash,COUPON013,21.09,EUR
6972,2023-02-02T11:49:58Z,2023-02-02,46984,1848,Franchise,Cash,COUPON003,2.96,USD
6973,2024-01-31T02:32:36Z,2024-01-31,5714,2181,Retail,Cash,COUPON025,25.22,EUR
6974,2024-06-14T14:57:38Z,2024-06-14,73004,3880,Franchise,Credit Card,COUPON005,43.16,EUR
6975,2024-05-03T17:11:50Z,2024-05-03,62841,2145,Franchise,Credit Card,COUPON043,46.55,USD
6976,2024-06-22T16:58:20Z,2024-06-22,11120,2682,Franchise,Afterpay,COUPON021,5.52,USD
6977,2023-08-15T06:23:11Z,2023-08-15,20164,3199,Online,Cash,COUPON010,7.56,AUD
6978,2023-09-05T13:10:21Z,2023-09-05,47219,1359,Online,Gift Card,COUPON039,38.57,EUR
6979,2024-01-02T14:03:50Z,2024-01-02,46211,411,Retail,Cash,COUPON026,6.50,EUR
6980,2024-04-28T03:11:37Z,2024-04-28,9593,1882,Franchise,Credit Card,COUPON029,12.28,USD
6981,2024-07-14T22:23:43Z,2024-07-14,39091,301,Online,Cash,COUPON032,34.58,EUR
6982,2023-01-29T19:43:54Z,2023-01-29,13306,2880,Online,PayPal,COUPON050,13.49,AUD
6983,2024-05-11T21:21:42Z,2024-05-11,1968,2961,Online,Credit Card,COUPON023,14.11,USD
6984,2024-03-27T21:43:01Z,2024-03-27,43684,3226,Online,Afterpay,COUPON046,11.72,AUD
6985,2023-06-07T15:56:45Z,2023-06-07,173,1498,Online,Cash,COUPON019,1.89,EUR
6986,2023-03-21T06:37:47Z,2023-03-21,38183,4608,Retail,PayPal,COUPON037,17.64,EUR
6987,2023-11-03T04:01:28Z,2023-11-03,74301,4740,Franchise,Credit Card,COUPON010,29.26,EUR
6988,2024-05-17T09:18:08Z,2024-05-17,76552,2641,Franchise,Credit Card,COUPON047,2.95,EUR
6989,2023-03-12T09:32:31Z,2023-03-12,41354,490,Online,Afterpay,COUPON002,8.08,USD
6990,2023-11-12T07:10:11Z,2023-11-12,13908,3107,Online,Afterpay,COUPON014,42.57,AUD
6991,2023-08-20T21:55:03Z,2023-08-20,53913,4529,Retail,Afterpay,COUPON045,4.44,AUD
6992,2023-03-24T01:40:42Z,2023-03-24,32415,953,Online,Credit Card,COUPON011,36.49,USD
6993,2023-11-05T19:05:44Z,2023-11-05,17692,2425,Franchise,Afterpay,COUPON032,4.85,USD
6994,2023-05-06T07:00:58Z,2023-05-06,5068,91,Online,Credit Card,COUPON027,40.86,EUR
6995,2024-02-19T20:45:24Z,2024-02-19,35810,2892,Online,Gift Card,COUPON048,37.11,AUD
6996,2024-07-14T10:28:03Z,2024-07-14,58866,2245,Online,PayPal,COUPON016,38.14,AUD
6997,2023-11-25T02:10:14Z,2023-11-25,77074,1472,Franchise,Afterpay,COUPON027,12.49,USD
6998,2024-04-09T08:14:10Z,2024-04-09,66257,3187,Online,Gift Card,COUPON012,47.22,USD
6999,2023-10-22T20:52:55Z,2023-10-22,73686,880,Retail,Cash,COUPON042,38.05,USD
7000,2023-01-26T03:58:37Z,2023-01-26,17305,1839,Retail,Afterpay,COUPON015,23.26,AUD
7001,2023-10-01T16:11:40Z,2023-10-01,42940,4779,Online,Afterpay,COUPON025,11.69,AUD
7002,2024-06-01T16:25:13Z,2024-06-01,75868,3678,Online,Afterpay,COUPON046,5.77,USD
7003,2023-04-09T10:16:49Z,2023-04-09,58335,331,Retail,PayPal,COUPON035,8.87,EUR
7004,2023-07-06T17:29:21Z,2023-07-06,44661,229,Franchise,Credit Card,COUPON008,1.71,AUD
7005,2024-09-26T02:03:09Z,2024-09-26,49051,1595,Franchise,Credit Card,COUPON011,18.24,USD
7006,2023-12-28T07:32:10Z,2023-12-28,21925,4021,Franchise,PayPal,COUPON038,36.82,AUD
7007,2023-02-15T10:59:54Z,2023-02-15,14892,4358,Online,Gift Card,COUPON031,36.70,AUD
7008,2023-08-25T19:39:25Z,2023-08-25,74706,3276,Online,Credit Card,COUPON017,6.08,AUD
7009,2024-04-29T22:54:12Z,2024-04-29,75298,3017,Online,Cash,COUPON048,34.06,EUR
7010,2023-11-21T00:51:57Z,2023-11-21,3740,4585,Retail,Credit Card,COUPON016,10.31,AUD
7011,2023-02-11T13:49:19Z,2023-02-11,27622,1223,Franchise,PayPal,COUPON041,44.22,AUD
7012,2023-11-04T06:52:53Z,2023-11-04,15544,4349,Online,Cash,COUPON034,10.78,USD
7013,2023-04-15T04:30:19Z,2023-04-15,51883,1014,Retail,Cash,COUPON017,19.15,AUD
7014,2024-03-10T13:44:18Z,2024-03-10,26542,3781,Franchise,PayPal,COUPON047,25.25,USD
7015,2024-08-19T16:38:58Z,2024-08-19,1425,3356,Franchise,PayPal,COUPON035,42.42,USD
7016,2023-08-28T15:18:16Z,2023-08-28,44257,3314,Online,Gift Card,COUPON045,17.86,AUD
7017,2024-08-29T18:31:29Z,2024-08-29,28539,1840,Online,PayPal,COUPON011,36.87,EUR
7018,2023-05-30T09:26:01Z,2023-05-30,40056,917,Franchise,Cash,COUPON031,41.24,EUR
7019,2023-05-18T01:07:55Z,2023-05-18,51415,1389,Franchise,PayPal,COUPON007,31.03,EUR
7020,2024-09-12T07:41:36Z,2024-09-12,46098,994,Retail,Afterpay,COUPON027,33.00,USD
7021,2024-04-20T21:12:54Z,2024-04-20,53893,261,Retail,Cash,COUPON045,7.74,USD
7022,2023-01-09T23:40:10Z,2023-01-09,30740,1928,Retail,PayPal,COUPON028,30.90,AUD
7023,2024-07-10T15:15:17Z,2024-07-10,32201,4081,Retail,Gift Card,COUPON009,5.46,USD
7024,2024-08-30T06:08:40Z,2024-08-30,36655,567,Online,Cash,COUPON035,24.01,USD
7025,2023-08-30T02:23:42Z,2023-08-30,37736,1914,Franchise,Gift Card,COUPON008,33.49,USD
7026,2023-10-19T23:09:28Z,2023-10-19,55488,350,Online,Afterpay,COUPON041,45.92,EUR
7027,2024-09-25T08:45:16Z,2024-09-25,10279,4343,Franchise,Cash,COUPON031,15.15,AUD
7028,2024-03-07T14:34:04Z,2024-03-07,24941,2046,Retail,PayPal,COUPON027,6.17,EUR
7029,2023-08-06T02:02:42Z,2023-08-06,18165,3619,Retail,PayPal,COUPON036,45.86,USD
7030,2023-05-02T01:37:02Z,2023-05-02,7738,3099,Retail,Afterpay,COUPON033,6.19,EUR
7031,2024-07-30T16:09:34Z,2024-07-30,50867,3399,Online,Cash,COUPON010,7.21,AUD
7032,2023-03-16T19:16:21Z,2023-03-16,3760,1664,Online,Cash,COUPON019,1.47,USD
7033,2024-04-01T17:18:25Z,2024-04-01,67359,184,Online,PayPal,COUPON019,25.55,AUD
7034,2024-09-05T02:01:59Z,2024-09-05,36176,2202,Online,Credit Card,COUPON001,2.04,EUR
7035,2023-08-26T23:11:48Z,2023-08-26,6577,3095,Online,Afterpay,COUPON025,1.72,AUD
7036,2023-05-15T16:23:33Z,2023-05-15,39506,1139,Online,PayPal,COUPON023,24.16,EUR
7037,2024-02-04T02:37:04Z,2024-02-04,69351,2846,Franchise,Credit Card,COUPON049,28.52,USD
7038,2023-09-16T20:38:58Z,2023-09-16,12607,3734,Online,Gift Card,COUPON050,5.82,AUD
7039,2024-03-26T11:31:49Z,2024-03-26,4852,3102,Franchise,Cash,COUPON045,35.46,AUD
7040,2024-07-15T18:50:47Z,2024-07-15,35283,120,Franchise,PayPal,COUPON033,36.55,EUR
7041,2024-01-29T03:35:14Z,2024-01-29,83841,5863,Retail,PayPal,COUPON002,23.65,EUR
7042,2024-07-23T11:10:21Z,2024-07-23,77531,3911,Online,Credit Card,COUPON034,48.05,EUR
7043,2023-07-08T16:21:13Z,2023-07-08,44621,603,Retail,Gift Card,COUPON048,34.97,USD
7044,2023-11-17T23:43:06Z,2023-11-17,46963,2959,Online,Afterpay,COUPON050,27.70,USD
7045,2024-05-04T06:00:07Z,2024-05-04,4236,3201,Retail,Afterpay,COUPON024,8.41,USD
7046,2023-08-28T00:52:28Z,2023-08-28,46175,4391,Franchise,PayPal,COUPON036,26.86,AUD
7047,2023-07-10T19:39:41Z,2023-07-10,38791,3450,Online,Cash,COUPON015,18.08,USD
7048,2024-09-25T08:28:30Z,2024-09-25,6156,3146,Franchise,Gift Card,COUPON015,10.01,AUD
7049,2023-01-12T19:33:27Z,2023-01-12,70127,215,Retail,Cash,COUPON037,44.58,AUD
7050,2024-04-21T11:49:46Z,2024-04-21,24613,2281,Franchise,Afterpay,COUPON040,19.68,EUR
7051,2023-07-17T00:01:30Z,2023-07-17,313,2517,Retail,Credit Card,COUPON027,49.96,AUD
7052,2023-07-10T23:03:20Z,2023-07-10,44405,2060,Online,Cash,COUPON004,45.51,EUR
7053,2024-03-14T21:17:47Z,2024-03-14,45217,4047,Franchise,Afterpay,COUPON025,3.89,EUR
7054,2023-01-02T05:37:01Z,2023-01-02,7030,2771,Online,Cash,COUPON011,27.27,EUR
7055,2024-05-20T14:08:20Z,2024-05-20,53710,1276,Franchise,Gift Card,COUPON001,19.35,AUD
7056,2024-06-20T06:04:34Z,2024-06-20,1501,1677,Franchise,Cash,COUPON034,14.93,USD
7057,2024-09-26T00:11:23Z,2024-09-26,17154,4398,Online,Afterpay,COUPON033,2.91,USD
7058,2023-10-22T11:01:06Z,2023-10-22,69149,2035,Retail,Gift Card,COUPON035,25.24,EUR
7059,2024-03-08T23:19:19Z,2024-03-08,33638,4881,Retail,Gift Card,COUPON043,38.94,AUD
7060,2023-09-07T06:03:25Z,2023-09-07,71453,3969,Franchise,Credit Card,COUPON017,19.49,EUR
7061,2023-09-10T16:10:09Z,2023-09-10,42770,1910,Retail,Gift Card,COUPON041,9.71,USD
7062,2023-05-11T22:40:38Z,2023-05-11,6900,4366,Retail,Cash,COUPON021,25.82,AUD
7063,2023-10-06T12:52:15Z,2023-10-06,53176,1148,Franchise,Afterpay,COUPON035,49.74,EUR
7064,2024-01-25T17:17:00Z,2024-01-25,75492,4930,Franchise,Afterpay,COUPON007,10.83,AUD
7065,2023-04-12T09:10:05Z,2023-04-12,73079,2171,Online,Gift Card,COUPON006,26.27,USD
7066,2023-09-16T02:29:32Z,2023-09-16,63506,108,Retail,PayPal,COUPON030,29.39,USD
7067,2024-04-05T16:53:04Z,2024-04-05,69570,1184,Franchise,Afterpay,COUPON045,33.97,EUR
7068,2023-09-04T14:08:34Z,2023-09-04,22368,3427,Franchise,Afterpay,COUPON026,13.88,USD
7069,2024-05-05T14:38:10Z,2024-05-05,44507,3898,Retail,PayPal,COUPON041,48.54,USD
7070,2023-04-27T14:30:17Z,2023-04-27,20046,4167,Franchise,Gift Card,COUPON001,21.86,EUR
7071,2024-03-09T06:31:14Z,2024-03-09,36342,129,Retail,Gift Card,COUPON028,36.26,USD
7072,2024-02-23T19:58:09Z,2024-02-23,14025,1173,Franchise,Credit Card,COUPON003,7.23,USD
7073,2024-01-25T18:28:51Z,2024-01-25,32466,196,Retail,Credit Card,COUPON044,30.92,EUR
7074,2023-01-14T06:41:00Z,2023-01-14,6666,333,Online,PayPal,COUPON032,41.89,AUD
7075,2024-08-31T17:46:30Z,2024-08-31,7109,1690,Retail,Afterpay,COUPON042,45.53,EUR
7076,2024-04-17T17:56:23Z,2024-04-17,41923,3,Franchise,Gift Card,COUPON013,46.77,EUR
7077,2023-10-19T01:42:47Z,2023-10-19,58498,1073,Retail,Cash,COUPON025,12.67,AUD
7078,2023-02-04T03:08:23Z,2023-02-04,44421,1003,Online,Cash,COUPON014,37.05,USD
7079,2024-03-07T17:23:33Z,2024-03-07,1439,2818,Online,Cash,COUPON031,45.13,AUD
7080,2023-07-03T05:43:10Z,2023-07-03,43553,759,Franchise,Cash,COUPON019,28.08,AUD
7081,2023-05-19T05:33:01Z,2023-05-19,34162,679,Retail,Credit Card,COUPON043,3.77,AUD
7082,2023-02-20T17:56:25Z,2023-02-20,74702,1266,Online,Gift Card,COUPON018,26.93,EUR
7083,2023-06-18T21:29:20Z,2023-06-18,737,4813,Retail,Afterpay,COUPON012,26.97,USD
7084,2024-06-12T05:27:18Z,2024-06-12,18296,1705,Retail,PayPal,COUPON006,32.54,EUR
7085,2023-10-01T02:53:28Z,2023-10-01,11973,3888,Franchise,Gift Card,COUPON013,30.00,USD
7086,2023-05-01T08:12:04Z,2023-05-01,11351,4876,Online,PayPal,COUPON034,40.51,AUD
7087,2023-05-17T14:04:41Z,2023-05-17,12871,2461,Online,Gift Card,COUPON012,36.63,AUD
7088,2024-06-06T05:08:25Z,2024-06-06,2684,1780,Franchise,Afterpay,COUPON011,11.64,EUR
7089,2023-08-25T01:34:36Z,2023-08-25,28808,4282,Retail,Afterpay,COUPON001,39.51,USD
7090,2023-12-01T14:00:33Z,2023-12-01,43256,4315,Retail,Cash,COUPON020,33.81,USD
7091,2024-08-24T05:42:24Z,2024-08-24,29566,2548,Online,PayPal,COUPON045,41.59,USD
7092,2024-01-01T08:19:35Z,2024-01-01,52993,4385,Online,PayPal,COUPON029,27.83,AUD
7093,2024-03-10T02:54:26Z,2024-03-10,29148,20,Online,PayPal,COUPON042,40.00,AUD
7094,2023-04-21T19:48:25Z,2023-04-21,19051,3813,Online,Credit Card,COUPON039,37.82,AUD
7095,2023-06-15T17:42:43Z,2023-06-15,51297,1589,Retail,Credit Card,COUPON002,38.41,USD
7096,2023-03-05T22:05:43Z,2023-03-05,2724,1705,Retail,Afterpay,COUPON018,7.19,USD
7097,2023-04-28T04:14:31Z,2023-04-28,65016,2799,Retail,Cash,COUPON044,46.81,AUD
7098,2024-02-23T09:06:46Z,2024-02-23,41105,2857,Online,Gift Card,COUPON045,0.54,AUD
7099,2024-07-26T22:07:35Z,2024-07-26,10162,937,Online,Afterpay,COUPON032,41.87,USD
7100,2023-01-15T11:47:58Z,2023-01-15,49465,585,Franchise,Gift Card,COUPON008,33.23,EUR
7101,2023-11-03T19:52:36Z,2023-11-03,36686,2698,Franchise,Gift Card,COUPON022,47.43,EUR
7102,2024-01-31T09:33:38Z,2024-01-31,29738,4483,Retail,Credit Card,COUPON046,21.12,EUR
7103,2024-06-25T00:30:40Z,2024-06-25,41629,3540,Retail,Cash,COUPON049,48.67,AUD
7104,2023-12-30T02:12:31Z,2023-12-30,70104,1148,Retail,Gift Card,COUPON035,6.67,USD
7105,2024-07-20T20:38:29Z,2024-07-20,37634,1458,Online,PayPal,COUPON005,12.35,AUD
7106,2024-05-07T18:04:56Z,2024-05-07,34222,647,Retail,Credit Card,COUPON025,16.93,USD
7107,2024-01-18T10:16:45Z,2024-01-18,31470,1372,Retail,PayPal,COUPON022,48.67,EUR
7108,2023-10-24T22:02:04Z,2023-10-24,57704,4362,Franchise,Afterpay,COUPON022,14.55,USD
7109,2023-06-21T15:40:38Z,2023-06-21,25507,3032,Franchise,Afterpay,COUPON028,45.85,USD
7110,2023-09-10T17:58:11Z,2023-09-10,57139,2922,Franchise,Credit Card,COUPON020,49.32,EUR
7111,2023-01-28T11:49:18Z,2023-01-28,54683,4028,Online,Credit Card,COUPON044,40.84,EUR
7112,2024-04-20T22:10:33Z,2024-04-20,7950,1352,Franchise,PayPal,COUPON026,14.95,AUD
7113,2023-07-31T23:32:20Z,2023-07-31,71187,2981,Retail,PayPal,COUPON013,47.70,EUR
7114,2024-04-17T21:14:42Z,2024-04-17,48090,4064,Retail,Cash,COUPON035,14.83,USD
7115,2023-05-26T21:50:32Z,2023-05-26,43953,2132,Franchise,PayPal,COUPON029,11.62,USD
7116,2023-09-10T17:44:30Z,2023-09-10,44819,317,Retail,Credit Card,COUPON035,10.58,AUD
7117,2023-12-12T21:26:37Z,2023-12-12,28339,848,Online,PayPal,COUPON033,49.36,AUD
7118,2023-02-01T08:05:01Z,2023-02-01,78215,1925,Retail,Afterpay,COUPON021,22.07,USD
7119,2024-06-05T14:59:33Z,2024-06-05,75170,1372,Retail,PayPal,COUPON033,11.13,AUD
7120,2024-07-24T05:29:05Z,2024-07-24,50916,4042,Franchise,Afterpay,COUPON028,47.62,USD
7121,2024-09-18T04:12:54Z,2024-09-18,11754,2380,Online,PayPal,COUPON006,32.32,EUR
7122,2024-06-10T11:44:00Z,2024-06-10,46450,2540,Online,Cash,COUPON007,23.41,EUR
7123,2023-03-08T17:48:07Z,2023-03-08,36150,3083,Franchise,Gift Card,COUPON023,47.30,EUR
7124,2024-05-13T03:14:57Z,2024-05-13,22277,1772,Franchise,Credit Card,COUPON010,38.42,USD
7125,2023-02-19T07:17:13Z,2023-02-19,192,4438,Franchise,Cash,COUPON049,38.32,AUD
7126,2024-08-02T01:40:30Z,2024-08-02,75897,386,Retail,Afterpay,COUPON015,0.93,AUD
7127,2023-06-08T18:06:34Z,2023-06-08,33700,2136,Online,Afterpay,COUPON010,32.73,USD
7128,2024-09-25T14:41:06Z,2024-09-25,42248,2838,Online,Gift Card,COUPON002,19.06,AUD
7129,2023-11-11T20:03:58Z,2023-11-11,64800,4103,Franchise,PayPal,COUPON007,7.45,USD
7130,2024-01-31T12:31:36Z,2024-01-31,31968,4296,Retail,Gift Card,COUPON001,6.42,AUD
7131,2024-05-14T15:38:38Z,2024-05-14,43587,3197,Retail,PayPal,COUPON038,17.21,EUR
7132,2023-07-28T08:43:26Z,2023-07-28,5110,1665,Retail,Cash,COUPON035,29.05,USD
7133,2024-01-30T02:54:45Z,2024-01-30,30740,2792,Retail,Gift Card,COUPON018,44.51,EUR
7134,2023-04-16T03:12:44Z,2023-04-16,33973,3255,Retail,PayPal,COUPON027,33.04,AUD
7135,2023-11-17T16:59:29Z,2023-11-17,3748,992,Retail,PayPal,COUPON048,25.67,USD
7136,2023-10-04T06:15:05Z,2023-10-04,58150,2364,Retail,Cash,COUPON002,27.40,USD
7137,2023-10-21T17:39:05Z,2023-10-21,48734,537,Online,Cash,COUPON028,41.24,USD
7138,2023-07-16T20:05:10Z,2023-07-16,21660,4103,Online,Afterpay,COUPON021,44.20,USD
7139,2023-11-12T18:48:52Z,2023-11-12,35432,2540,Retail,PayPal,COUPON033,45.39,USD
7140,2024-08-19T02:33:49Z,2024-08-19,45150,3955,Franchise,Credit Card,COUPON016,41.47,EUR
7141,2024-01-21T22:10:45Z,2024-01-21,23013,4529,Retail,Credit Card,COUPON040,4.49,EUR
7142,2024-01-10T23:38:13Z,2024-01-10,58922,4909,Retail,Credit Card,COUPON003,10.44,USD
7143,2023-05-21T04:48:03Z,2023-05-21,33537,2870,Franchise,Afterpay,COUPON016,43.94,EUR
7144,2024-04-27T16:12:04Z,2024-04-27,28341,3010,Online,Credit Card,COUPON010,4.91,AUD
7145,2023-07-01T07:26:36Z,2023-07-01,78115,360,Retail,PayPal,COUPON042,7.28,EUR
7146,2024-07-21T01:54:53Z,2024-07-21,19371,3800,Retail,Cash,COUPON016,38.54,EUR
7147,2024-10-01T21:52:06Z,2024-10-01,27074,2994,Franchise,PayPal,COUPON050,35.35,EUR
7148,2023-07-31T18:25:15Z,2023-07-31,13540,411,Franchise,Gift Card,COUPON022,45.28,AUD
7149,2024-05-06T17:13:29Z,2024-05-06,60786,4835,Franchise,Gift Card,COUPON043,46.11,EUR
7150,2023-07-07T15:16:12Z,2023-07-07,20153,2063,Retail,PayPal,COUPON035,5.04,EUR
7151,2023-06-13T01:32:18Z,2023-06-13,12757,4490,Franchise,Credit Card,COUPON032,47.50,EUR
7152,2024-05-07T02:16:45Z,2024-05-07,38835,1510,Franchise,Credit Card,COUPON018,31.87,AUD
7153,2023-03-20T07:23:08Z,2023-03-20,7097,3490,Online,PayPal,COUPON043,5.40,AUD
7154,2024-04-05T20:29:05Z,2024-04-05,33040,3583,Online,Gift Card,COUPON042,20.56,EUR
7155,2024-09-01T07:08:46Z,2024-09-01,76237,4735,Retail,Gift Card,COUPON020,32.22,EUR
7156,2024-05-06T18:38:57Z,2024-05-06,17004,4225,Online,Credit Card,COUPON041,33.87,AUD
7157,2023-12-18T17:56:44Z,2023-12-18,35479,4233,Franchise,Gift Card,COUPON028,42.94,EUR
7158,2024-09-26T05:14:34Z,2024-09-26,9429,4774,Retail,Gift Card,COUPON050,34.99,AUD
7159,2023-12-20T14:59:01Z,2023-12-20,20729,3555,Retail,Afterpay,COUPON003,4.77,AUD
7160,2023-04-21T20:26:00Z,2023-04-21,31172,3936,Retail,Afterpay,COUPON041,17.11,AUD
7161,2023-08-03T23:37:13Z,2023-08-03,52371,4567,Retail,Cash,COUPON014,49.30,EUR
7162,2023-04-02T08:16:30Z,2023-04-02,41362,4930,Online,Credit Card,COUPON009,2.53,AUD
7163,2023-11-17T00:38:30Z,2023-11-17,30403,4240,Franchise,Gift Card,COUPON043,21.59,AUD
7164,2024-09-19T17:19:58Z,2024-09-19,13829,3828,Franchise,PayPal,COUPON005,47.84,AUD
7165,2024-01-27T01:12:27Z,2024-01-27,17744,2429,Franchise,Cash,COUPON014,22.93,AUD
7166,2023-07-28T08:19:10Z,2023-07-28,13094,1318,Franchise,Credit Card,COUPON047,7.69,EUR
7167,2024-04-08T16:35:04Z,2024-04-08,10670,1617,Franchise,Credit Card,COUPON038,35.56,USD
7168,2024-06-20T05:42:16Z,2024-06-20,35604,3663,Retail,Cash,COUPON010,41.64,EUR
7169,2023-02-03T21:08:51Z,2023-02-03,26259,3365,Franchise,Afterpay,COUPON006,44.09,AUD
7170,2023-11-23T10:55:52Z,2023-11-23,50625,4317,Retail,Credit Card,COUPON009,3.34,EUR
7171,2023-07-19T13:40:25Z,2023-07-19,40299,4158,Online,Cash,COUPON029,3.58,USD
7172,2023-06-23T01:54:51Z,2023-06-23,58562,28,Online,Afterpay,COUPON029,11.87,AUD
7173,2023-05-27T14:20:18Z,2023-05-27,42554,854,Franchise,Credit Card,COUPON002,4.19,AUD
7174,2023-01-23T18:13:52Z,2023-01-23,72905,799,Retail,Cash,COUPON014,49.65,USD
7175,2023-05-01T08:01:14Z,2023-05-01,37244,2243,Online,Credit Card,COUPON033,5.75,EUR
7176,2024-01-10T02:52:47Z,2024-01-10,32354,934,Online,Credit Card,COUPON046,49.52,AUD
7177,2024-07-03T07:01:15Z,2024-07-03,36904,4273,Online,Afterpay,COUPON038,17.17,USD
7178,2023-03-26T01:21:53Z,2023-03-26,68559,3423,Retail,Cash,COUPON031,6.93,EUR
7179,2023-10-27T16:25:38Z,2023-10-27,17506,3639,Online,Credit Card,COUPON022,35.04,AUD
7180,2024-05-18T10:49:07Z,2024-05-18,25910,1978,Online,Afterpay,COUPON043,48.42,EUR
7181,2023-08-18T17:29:50Z,2023-08-18,49443,752,Franchise,PayPal,COUPON034,16.47,AUD
7182,2023-04-24T10:11:29Z,2023-04-24,70976,4858,Online,PayPal,COUPON023,24.22,EUR
7183,2023-08-20T17:06:11Z,2023-08-20,28473,1712,Franchise,Afterpay,COUPON046,35.04,USD
7184,2023-06-22T19:56:34Z,2023-06-22,70834,612,Franchise,Afterpay,COUPON005,47.27,EUR
7185,2024-07-13T20:55:48Z,2024-07-13,2376,4267,Online,Cash,COUPON018,47.39,EUR
7186,2024-09-04T07:23:50Z,2024-09-04,10275,1158,Franchise,Gift Card,COUPON027,3.14,USD
7187,2024-08-16T07:04:10Z,2024-08-16,19681,3303,Online,PayPal,COUPON015,27.46,EUR
7188,2023-02-08T22:16:22Z,2023-02-08,11752,4000,Franchise,Cash,COUPON032,33.13,AUD
7189,2024-09-06T02:23:44Z,2024-09-06,53692,3947,Franchise,Cash,COUPON006,11.76,USD
7190,2024-07-29T01:54:46Z,2024-07-29,26254,2188,Franchise,Gift Card,COUPON048,12.60,USD
7191,2024-05-07T03:14:34Z,2024-05-07,27340,4261,Online,Cash,COUPON031,35.19,EUR
7192,2023-12-31T08:04:07Z,2023-12-31,71909,293,Online,Cash,,30.20,EUR
7193,2024-05-10T04:36:53Z,2024-05-10,74154,3019,Franchise,Cash,COUPON015,21.97,EUR
7194,2024-05-08T06:36:12Z,2024-05-08,35514,3229,Retail,PayPal,,4.11,AUD
7195,2023-04-02T12:41:04Z,2023-04-02,19430,1657,Franchise,PayPal,COUPON004,20.47,EUR
7196,2023-11-25T04:28:21Z,2023-11-25,2261,1111,Online,Cash,COUPON020,10.87,AUD
7197,2024-08-21T11:53:55Z,2024-08-21,60240,3703,Retail,Credit Card,COUPON037,0.19,EUR
7198,2024-06-28T11:51:37Z,2024-06-28,8299,1001,Online,Credit Card,,11.94,USD
7199,2024-03-05T13:44:59Z,2024-03-05,52501,1205,Online,Cash,COUPON001,16.85,USD
7200,2023-05-19T17:08:51Z,2023-05-19,70259,2017,Franchise,PayPal,COUPON044,23.69,USD
7201,2023-12-30T21:55:56Z,2023-12-30,71372,1538,Online,Gift Card,COUPON049,0.62,EUR
7202,2023-07-04T06:07:23Z,2023-07-04,73606,1177,Franchise,Credit Card,,35.99,USD
7203,2023-04-12T22:52:25Z,2023-04-12,38896,1307,Retail,Credit Card,COUPON014,43.99,AUD
7204,2023-02-15T21:00:43Z,2023-02-15,54300,817,Retail,Credit Card,COUPON041,20.95,USD
7205,2024-02-23T22:24:32Z,2024-02-23,63351,4216,Online,PayPal,COUPON044,2.99,USD
7206,2023-08-24T13:29:57Z,2023-08-24,56450,1928,Retail,Afterpay,COUPON049,16.11,USD
7207,2023-12-31T11:46:47Z,2023-12-31,38922,4397,Franchise,Gift Card,COUPON018,2.08,AUD
7208,2023-07-08T05:59:15Z,2023-07-08,45256,3190,Retail,Credit Card,COUPON012,29.89,EUR
7209,2023-02-16T05:12:30Z,2023-02-16,56585,2823,Retail,PayPal,COUPON001,17.47,EUR
7210,2024-09-27T13:58:48Z,2024-09-27,58225,4998,Franchise,PayPal,COUPON024,32.32,AUD
7211,2023-10-03T13:20:05Z,2023-10-03,43781,2905,Online,PayPal,COUPON041,6.96,AUD
7212,2023-07-14T11:12:42Z,2023-07-14,29788,4479,Retail,Afterpay,COUPON027,26.07,USD
7213,2023-12-13T12:49:48Z,2023-12-13,40618,2367,Franchise,Afterpay,COUPON032,25.16,USD
7214,2023-05-03T01:10:32Z,2023-05-03,19358,2236,Franchise,Gift Card,COUPON031,28.89,EUR
7215,2023-12-06T22:07:24Z,2023-12-06,70777,2404,Franchise,Cash,COUPON048,9.51,AUD
7216,2023-01-23T13:57:33Z,2023-01-23,8935,916,Online,Cash,COUPON031,29.78,EUR
7217,2024-04-01T20:35:59Z,2024-04-01,78281,2888,Franchise,PayPal,COUPON040,49.44,USD
7218,2023-08-07T16:04:10Z,2023-08-07,56303,1337,Franchise,PayPal,COUPON024,40.58,AUD
7219,2024-04-23T15:14:23Z,2024-04-23,21177,1806,Online,Cash,COUPON016,44.68,AUD
7220,2023-05-18T11:40:06Z,2023-05-18,10502,3556,Retail,Gift Card,COUPON040,43.59,AUD
7221,2024-04-25T14:31:23Z,2024-04-25,4878,4015,Retail,Cash,COUPON009,34.66,USD
7222,2023-05-21T21:32:19Z,2023-05-21,17893,2367,Franchise,Gift Card,COUPON011,47.88,AUD
7223,2023-09-04T04:54:04Z,2023-09-04,25914,405,Franchise,Credit Card,COUPON027,34.55,USD
7224,2023-10-27T15:53:57Z,2023-10-27,34877,262,Franchise,Cash,COUPON023,44.76,AUD
7225,2024-02-07T01:56:12Z,2024-02-07,56886,2719,Franchise,Cash,COUPON026,35.33,EUR
7226,2023-01-24T04:55:59Z,2023-01-24,3391,2134,Online,Afterpay,COUPON020,37.07,EUR
7227,2024-03-25T18:29:34Z,2024-03-25,48503,3123,Retail,Credit Card,COUPON001,2.55,USD
7228,2023-02-01T13:49:30Z,2023-02-01,51409,3866,Franchise,PayPal,COUPON011,41.24,EUR
7229,2024-07-10T03:59:25Z,2024-07-10,34244,3331,Retail,Cash,COUPON003,33.23,AUD
7230,2023-08-16T22:15:00Z,2023-08-16,73049,82,Online,PayPal,COUPON044,31.24,USD
7231,2024-01-02T00:30:53Z,2024-01-02,17963,112,Franchise,Afterpay,COUPON050,29.34,EUR
7232,2023-11-15T15:46:47Z,2023-11-15,29053,1715,Retail,Afterpay,COUPON008,28.68,USD
7233,2023-06-30T09:04:39Z,2023-06-30,29753,1494,Online,Cash,COUPON022,35.74,USD
7234,2023-09-20T17:57:35Z,2023-09-20,62489,2626,Franchise,Gift Card,COUPON038,16.33,EUR
7235,2023-01-21T20:59:45Z,2023-01-21,27946,405,Retail,Gift Card,COUPON035,26.22,USD
7236,2023-03-29T12:37:01Z,2023-03-29,526,3073,Retail,Gift Card,COUPON043,21.44,USD
7237,2023-05-22T00:37:04Z,2023-05-22,56538,161,Online,Afterpay,COUPON015,48.02,EUR
7238,2023-02-03T11:08:11Z,2023-02-03,27764,2053,Franchise,Gift Card,COUPON025,0.09,USD
7239,2024-06-27T03:32:18Z,2024-06-27,360,1480,Retail,Cash,COUPON039,3.29,USD
7240,2023-08-30T09:00:23Z,2023-08-30,25802,4662,Franchise,Credit Card,COUPON009,22.25,EUR
7241,2023-06-04T06:03:18Z,2023-06-04,15962,634,Retail,Cash,COUPON015,18.39,EUR
7242,2023-08-20T17:45:32Z,2023-08-20,54836,4012,Online,Credit Card,COUPON042,10.83,EUR
7243,2023-08-06T14:35:40Z,2023-08-06,48142,4021,Online,PayPal,COUPON003,9.34,AUD
7244,2023-06-10T17:30:36Z,2023-06-10,54102,738,Online,Gift Card,COUPON003,10.57,EUR
7245,2023-09-20T06:58:45Z,2023-09-20,19972,4260,Retail,Credit Card,COUPON020,35.25,EUR
7246,2024-03-21T23:24:41Z,2024-03-21,61530,3500,Online,PayPal,COUPON016,41.23,AUD
7247,2024-05-29T01:38:28Z,2024-05-29,44172,1855,Online,Credit Card,COUPON035,30.97,USD
7248,2023-03-17T05:10:44Z,2023-03-17,50811,920,Franchise,Credit Card,COUPON021,5.25,EUR
7249,2024-06-12T20:29:21Z,2024-06-12,88805,5655,Franchise,Afterpay,COUPON015,23.13,EUR
7250,2023-06-25T12:53:32Z,2023-06-25,65249,2002,Online,Cash,COUPON034,40.43,EUR
7251,2024-03-02T02:01:54Z,2024-03-02,81754,5230,Retail,Cash,COUPON001,41.53,USD
7252,2023-02-08T09:32:10Z,2023-02-08,73528,4923,Online,PayPal,COUPON036,7.78,USD
7253,2024-06-16T14:36:34Z,2024-06-16,72790,3708,Franchise,PayPal,COUPON022,42.97,EUR
7254,2024-01-23T19:02:07Z,2024-01-23,70534,3588,Franchise,Afterpay,COUPON005,14.92,AUD
7255,2024-05-03T04:23:27Z,2024-05-03,13469,2593,Franchise,Cash,COUPON013,15.07,EUR
7256,2024-06-16T20:05:32Z,2024-06-16,28770,1655,Retail,Credit Card,COUPON005,48.78,USD
7257,2023-04-19T04:44:17Z,2023-04-19,37621,3030,Retail,PayPal,COUPON040,45.29,AUD
7258,2023-10-11T02:20:41Z,2023-10-11,66075,2334,Online,PayPal,COUPON015,26.78,EUR
7259,2024-05-09T08:21:01Z,2024-05-09,15124,3415,Retail,Credit Card,COUPON044,23.20,EUR
7260,2023-06-09T05:41:24Z,2023-06-09,34293,4413,Franchise,PayPal,COUPON045,6.66,USD
7261,2024-03-21T20:58:33Z,2024-03-21,44130,504,Online,Credit Card,COUPON013,26.93,USD
7262,2023-02-19T02:29:43Z,2023-02-19,86953,5717,Retail,Credit Card,COUPON022,27.85,EUR
7263,2023-11-14T21:11:06Z,2023-11-14,19899,1554,Franchise,PayPal,COUPON009,18.81,USD
7264,2024-09-27T06:07:38Z,2024-09-27,4583,4938,Online,Credit Card,COUPON048,48.77,USD
7265,2023-01-07T13:01:08Z,2023-01-07,53875,495,Online,PayPal,COUPON020,33.53,AUD
7266,2024-05-04T19:57:48Z,2024-05-04,39170,4576,Retail,Gift Card,COUPON037,37.06,AUD
7267,2023-05-11T08:18:36Z,2023-05-11,36434,3851,Retail,PayPal,COUPON020,8.56,EUR
7268,2023-09-24T20:57:43Z,2023-09-24,69406,4085,Franchise,Afterpay,COUPON021,37.18,EUR
7269,2023-11-10T10:50:18Z,2023-11-10,79518,4095,Online,Afterpay,COUPON028,35.26,EUR
7270,2023-12-20T13:47:42Z,2023-12-20,36503,3667,Online,PayPal,COUPON007,13.01,USD
7271,2024-05-01T12:19:25Z,2024-05-01,33054,1605,Retail,Gift Card,COUPON029,18.41,USD
7272,2023-07-21T00:21:51Z,2023-07-21,73164,2591,Franchise,Credit Card,COUPON018,45.82,EUR
7273,2023-04-15T04:48:04Z,2023-04-15,43385,3780,Online,Afterpay,,4.68,AUD
7274,2024-03-15T17:18:35Z,2024-03-15,30309,1877,Retail,Gift Card,COUPON012,5.98,AUD
7275,2024-08-17T19:10:41Z,2024-08-17,76898,807,Retail,Cash,COUPON027,34.63,USD
7276,2023-02-19T21:06:50Z,2023-02-19,46994,3874,Franchise,Afterpay,COUPON037,41.72,AUD
7277,2024-03-09T09:30:15Z,2024-03-09,54455,2675,Franchise,Afterpay,COUPON037,46.40,USD
7278,2023-10-09T05:58:37Z,2023-10-09,73916,2454,Retail,Credit Card,COUPON025,36.97,AUD
7279,2023-09-06T03:59:08Z,2023-09-06,47841,4806,Online,Gift Card,COUPON020,8.03,EUR
7280,2023-08-04T04:31:49Z,2023-08-04,62980,2478,Retail,Credit Card,COUPON022,24.10,USD
7281,2024-07-20T06:41:15Z,2024-07-20,45033,4146,Online,Credit Card,COUPON029,42.25,AUD
7282,2023-12-18T01:02:27Z,2023-12-18,29886,3809,Online,Cash,COUPON048,18.23,EUR
7283,2023-06-26T23:52:45Z,2023-06-26,71781,3271,Online,Afterpay,COUPON040,34.62,AUD
7284,2023-02-02T08:07:55Z,2023-02-02,37664,2365,Retail,Afterpay,COUPON034,21.11,USD
7285,2023-01-18T17:00:09Z,2023-01-18,19671,2300,Retail,PayPal,COUPON044,38.24,USD
7286,2023-10-31T00:35:13Z,2023-10-31,50499,2021,Franchise,Credit Card,COUPON009,45.31,USD
7287,2024-07-20T16:24:46Z,2024-07-20,46280,4138,Online,Gift Card,COUPON025,12.75,USD
7288,2024-03-25T05:01:40Z,2024-03-25,448,3289,Retail,Afterpay,COUPON029,21.65,EUR
7289,2023-03-28T09:29:32Z,2023-03-28,54461,3001,Retail,Cash,COUPON040,4.93,EUR
7290,2023-10-07T07:19:35Z,2023-10-07,53117,775,Franchise,Credit Card,COUPON030,35.40,EUR
7291,2024-04-16T22:11:29Z,2024-04-16,43747,4686,Retail,Cash,COUPON007,7.80,AUD
7292,2023-07-22T22:43:17Z,2023-07-22,21280,328,Retail,Gift Card,COUPON008,34.57,USD
7293,2023-09-17T20:27:59Z,2023-09-17,70326,3173,Retail,Cash,COUPON049,31.42,EUR
7294,2024-08-20T23:29:38Z,2024-08-20,25250,470,Franchise,PayPal,COUPON050,15.06,EUR
7295,2023-07-16T10:19:41Z,2023-07-16,21845,3284,Retail,Cash,COUPON005,1.72,USD
7296,2023-03-21T23:59:31Z,2023-03-21,79446,983,Online,Credit Card,COUPON017,38.12,EUR
7297,2024-05-13T19:28:42Z,2024-05-13,29288,3456,Online,Afterpay,COUPON027,12.31,EUR
7298,2023-10-16T12:51:39Z,2023-10-16,76484,4671,Online,Gift Card,COUPON025,11.52,AUD
7299,2023-03-06T10:53:04Z,2023-03-06,23929,3231,Retail,PayPal,COUPON045,46.00,AUD
7300,2023-10-29T22:47:16Z,2023-10-29,22505,3218,Online,Credit Card,COUPON012,49.61,USD
7301,2024-05-26T05:34:46Z,2024-05-26,60821,3578,Retail,Afterpay,COUPON003,7.38,EUR
7302,2024-09-08T01:05:10Z,2024-09-08,18002,2088,Online,Afterpay,COUPON013,9.60,EUR
7303,2024-06-05T13:04:40Z,2024-06-05,34505,1616,Retail,Gift Card,COUPON033,14.93,USD
7304,2024-01-02T21:46:15Z,2024-01-02,53017,555,Online,Gift Card,COUPON049,12.21,AUD
7305,2023-01-24T09:53:32Z,2023-01-24,34967,1485,Retail,Cash,COUPON023,49.19,AUD
7306,2024-07-16T22:01:45Z,2024-07-16,43556,2234,Franchise,Cash,COUPON014,16.55,USD
7307,2024-08-08T02:43:43Z,2024-08-08,22069,760,Online,Credit Card,COUPON049,38.30,USD
7308,2023-08-28T01:26:24Z,2023-08-28,73201,1225,Franchise,Cash,COUPON004,1.01,USD
7309,2024-07-15T11:33:39Z,2024-07-15,23528,2818,Franchise,Afterpay,COUPON046,25.57,AUD
7310,2023-07-05T04:53:12Z,2023-07-05,10656,4682,Franchise,Credit Card,COUPON024,12.00,EUR
7311,2023-02-16T15:00:20Z,2023-02-16,42032,1008,Retail,Gift Card,COUPON005,36.73,EUR
7312,2023-11-22T15:25:48Z,2023-11-22,45302,2340,Franchise,Cash,COUPON003,26.72,EUR
7313,2024-07-05T12:22:29Z,2024-07-05,49178,2080,Online,Credit Card,COUPON011,47.33,EUR
7314,2023-04-27T18:06:48Z,2023-04-27,5880,3073,Franchise,Gift Card,COUPON047,46.78,AUD
7315,2023-12-01T18:41:18Z,2023-12-01,30502,1727,Retail,PayPal,COUPON028,43.85,USD
7316,2024-06-09T03:23:58Z,2024-06-09,41112,2026,Online,PayPal,COUPON002,48.88,AUD
7317,2024-09-13T15:39:27Z,2024-09-13,76813,3251,Franchise,Cash,COUPON032,34.54,AUD
7318,2023-12-10T00:40:40Z,2023-12-10,12097,4042,Franchise,Credit Card,COUPON046,22.21,USD
7319,2024-09-05T19:53:14Z,2024-09-05,18086,1819,Retail,PayPal,COUPON047,47.24,AUD
7320,2024-09-15T03:21:32Z,2024-09-15,55513,3207,Retail,PayPal,COUPON043,1.44,EUR
7321,2024-05-13T05:03:30Z,2024-05-13,13161,4568,Franchise,Gift Card,COUPON020,37.30,EUR
7322,2024-06-04T10:49:39Z,2024-06-04,74882,1835,Franchise,Credit Card,COUPON003,28.08,EUR
7323,2023-06-25T16:04:34Z,2023-06-25,16717,2588,Franchise,PayPal,COUPON027,11.21,AUD
7324,2024-02-23T14:31:08Z,2024-02-23,49637,2256,Retail,Afterpay,COUPON012,49.09,USD
7325,2023-07-07T19:19:05Z,2023-07-07,65291,197,Online,Afterpay,COUPON027,6.76,USD
7326,2024-05-31T17:58:59Z,2024-05-31,16752,499,Online,Cash,COUPON021,29.03,EUR
7327,2024-08-30T14:55:26Z,2024-08-30,55724,2601,Retail,Cash,COUPON020,6.52,USD
7328,2024-02-28T00:23:06Z,2024-02-28,27952,2197,Retail,Gift Card,COUPON009,29.98,EUR
7329,2023-10-13T22:33:21Z,2023-10-13,68849,544,Retail,Credit Card,COUPON004,22.06,USD
7330,2024-03-22T10:06:25Z,2024-03-22,67752,3250,Online,Credit Card,COUPON011,12.39,USD
7331,2024-07-18T19:20:53Z,2024-07-18,38941,2870,Retail,Cash,COUPON004,48.79,USD
7332,2024-03-27T10:28:22Z,2024-03-27,47413,371,Online,Credit Card,COUPON016,31.37,EUR
7333,2023-12-06T18:28:09Z,2023-12-06,49638,949,Franchise,Credit Card,COUPON007,32.56,AUD
7334,2024-03-07T13:13:07Z,2024-03-07,28052,302,Online,Cash,COUPON041,8.49,AUD
7335,2023-12-31T09:09:18Z,2023-12-31,25479,1430,Online,PayPal,COUPON038,48.92,USD
7336,2023-12-14T00:14:27Z,2023-12-14,20887,4175,Franchise,Gift Card,COUPON027,36.15,EUR
7337,2023-09-16T11:22:04Z,2023-09-16,61518,162,Retail,Cash,COUPON036,11.02,USD
7338,2023-05-25T21:12:59Z,2023-05-25,60681,1860,Retail,Cash,COUPON046,3.24,USD
7339,2024-02-07T23:18:26Z,2024-02-07,15533,3531,Online,Credit Card,COUPON033,22.81,AUD
7340,2024-02-19T05:17:56Z,2024-02-19,36267,1689,Online,Afterpay,COUPON016,10.57,AUD
7341,2024-04-17T05:55:20Z,2024-04-17,74226,3007,Retail,Cash,COUPON022,35.24,AUD
7342,2024-06-30T23:20:23Z,2024-06-30,22504,4036,Online,Afterpay,COUPON023,48.44,AUD
7343,2023-12-25T08:39:55Z,2023-12-25,29678,416,Retail,Afterpay,COUPON029,11.68,EUR
7344,2024-01-04T01:55:49Z,2024-01-04,8831,3154,Franchise,Afterpay,COUPON026,13.03,USD
7345,2024-07-06T12:22:52Z,2024-07-06,13049,4066,Retail,Credit Card,COUPON038,5.72,AUD
7346,2024-05-11T22:29:39Z,2024-05-11,71005,1854,Retail,Cash,COUPON020,40.03,USD
7347,2023-11-23T22:19:52Z,2023-11-23,79769,2115,Franchise,Cash,COUPON041,40.60,AUD
7348,2023-09-27T09:00:33Z,2023-09-27,7252,703,Franchise,PayPal,COUPON011,38.93,EUR
7349,2023-06-15T22:03:28Z,2023-06-15,17614,653,Retail,Cash,COUPON004,7.60,EUR
7350,2024-01-25T00:44:04Z,2024-01-25,33247,4784,Online,Cash,COUPON030,3.61,USD
7351,2024-09-25T05:18:47Z,2024-09-25,68442,4150,Retail,Credit Card,COUPON017,21.66,USD
7352,2024-07-05T17:59:13Z,2024-07-05,55009,3405,Franchise,Afterpay,COUPON040,7.90,EUR
7353,2024-03-31T13:29:45Z,2024-03-31,18645,384,Franchise,Credit Card,COUPON043,25.59,AUD
7354,2023-05-13T02:16:03Z,2023-05-13,38319,2461,Franchise,Cash,COUPON029,29.83,EUR
7355,2023-10-09T21:13:32Z,2023-10-09,74711,260,Franchise,Cash,COUPON009,9.65,EUR
7356,2024-07-11T23:38:38Z,2024-07-11,76070,443,Retail,Credit Card,COUPON008,6.66,AUD
7357,2023-03-03T09:07:53Z,2023-03-03,31377,4217,Franchise,Afterpay,COUPON002,18.20,EUR
7358,2023-09-20T15:31:47Z,2023-09-20,16287,2122,Online,Cash,COUPON027,32.79,USD
7359,2024-05-12T08:42:24Z,2024-05-12,10456,4320,Franchise,Gift Card,COUPON048,33.32,EUR
7360,2023-01-05T15:21:09Z,2023-01-05,5266,3603,Online,Credit Card,COUPON025,37.96,USD
7361,2023-06-22T10:21:05Z,2023-06-22,51605,908,Franchise,Gift Card,COUPON048,28.41,AUD
7362,2023-02-12T05:00:23Z,2023-02-12,21555,4532,Franchise,Afterpay,COUPON049,18.10,AUD
7363,2024-07-22T17:55:59Z,2024-07-22,58254,3979,Online,PayPal,COUPON037,20.90,USD
7364,2023-10-05T20:05:50Z,2023-10-05,45584,1909,Franchise,Afterpay,COUPON049,25.08,USD
7365,2023-06-11T16:04:17Z,2023-06-11,27177,3858,Online,PayPal,COUPON016,9.47,EUR
7366,2023-06-10T19:28:53Z,2023-06-10,8504,2320,Franchise,Cash,COUPON032,0.58,USD
7367,2023-03-25T08:39:57Z,2023-03-25,6001,2980,Online,Gift Card,COUPON031,18.56,EUR
7368,2024-05-01T17:25:15Z,2024-05-01,9663,2978,Retail,Cash,COUPON014,22.92,AUD
7369,2024-09-17T11:07:00Z,2024-09-17,41567,4515,Retail,Cash,COUPON035,25.14,AUD
7370,2024-05-22T04:51:16Z,2024-05-22,72624,2665,Retail,Gift Card,COUPON037,49.53,USD
7371,2023-04-20T08:29:41Z,2023-04-20,53539,159,Retail,Cash,COUPON016,22.04,AUD
7372,2023-11-10T13:00:07Z,2023-11-10,8457,3966,Retail,Credit Card,,41.57,EUR
7373,2024-03-04T21:59:02Z,2024-03-04,27362,2858,Retail,PayPal,COUPON043,7.30,EUR
7374,2024-03-23T17:10:59Z,2024-03-23,30032,3183,Online,Credit Card,COUPON033,33.93,EUR
7375,2024-01-21T04:08:25Z,2024-01-21,29749,1153,Online,Afterpay,COUPON001,38.44,USD
7376,2024-05-11T00:15:30Z,2024-05-11,25321,4984,Retail,Gift Card,COUPON010,37.35,EUR
7377,2023-10-21T18:17:47Z,2023-10-21,27821,1233,Online,Afterpay,COUPON031,31.29,USD
7378,2024-03-03T09:40:23Z,2024-03-03,24914,2426,Franchise,Cash,COUPON008,45.00,USD
7379,2023-06-17T06:04:43Z,2023-06-17,69360,365,Online,Credit Card,COUPON017,10.25,AUD
7380,2023-03-18T20:32:51Z,2023-03-18,75419,1774,Franchise,Credit Card,COUPON010,13.39,EUR
7381,2023-04-08T23:35:37Z,2023-04-08,37150,938,Retail,Credit Card,COUPON003,6.14,USD
7382,2023-08-12T12:25:37Z,2023-08-12,23742,3467,Franchise,Afterpay,COUPON019,37.97,USD
7383,2024-04-13T18:04:17Z,2024-04-13,61496,296,Franchise,Gift Card,COUPON048,47.23,EUR
7384,2024-06-26T19:28:53Z,2024-06-26,44286,2093,Online,Afterpay,COUPON034,46.73,EUR
7385,2023-11-26T12:54:28Z,2023-11-26,58239,3652,Online,Afterpay,COUPON017,37.88,USD
7386,2024-01-09T22:45:38Z,2024-01-09,46377,1149,Retail,Afterpay,COUPON024,23.49,AUD
7387,2023-02-13T13:10:03Z,2023-02-13,46797,4575,Retail,Credit Card,COUPON040,0.67,EUR
7388,2023-06-24T06:20:59Z,2023-06-24,4495,4604,Franchise,Afterpay,COUPON037,41.31,AUD
7389,2023-06-07T00:48:18Z,2023-06-07,72989,1190,Franchise,Cash,COUPON007,30.25,USD
7390,2024-02-08T19:14:26Z,2024-02-08,38843,80,Retail,Gift Card,COUPON023,19.67,AUD
7391,2023-02-18T16:28:07Z,2023-02-18,48878,2572,Franchise,Credit Card,COUPON035,32.31,USD
7392,2023-10-13T04:22:56Z,2023-10-13,11947,4613,Online,Gift Card,COUPON046,14.41,AUD
7393,2023-12-15T05:44:36Z,2023-12-15,9215,2627,Online,Cash,COUPON013,1.01,AUD
7394,2023-05-09T04:50:51Z,2023-05-09,43588,3948,Online,Afterpay,COUPON010,42.91,USD
7395,2023-11-07T18:49:15Z,2023-11-07,47450,94,Online,Gift Card,COUPON044,25.75,EUR
7396,2023-11-20T17:01:50Z,2023-11-20,46654,1810,Franchise,PayPal,COUPON014,10.72,EUR
7397,2024-04-02T23:33:01Z,2024-04-02,10914,3545,Online,PayPal,COUPON003,44.77,EUR
7398,2024-02-17T10:05:44Z,2024-02-17,22832,3958,Online,PayPal,COUPON017,23.51,USD
7399,2023-03-23T07:26:31Z,2023-03-23,39126,1632,Franchise,Credit Card,COUPON027,29.92,AUD
7400,2023-06-03T07:08:30Z,2023-06-03,64387,4721,Franchise,Gift Card,COUPON003,44.10,EUR
7401,2023-04-02T23:36:12Z,2023-04-02,20959,4625,Retail,Afterpay,COUPON017,15.52,AUD
7402,2024-08-16T01:34:28Z,2024-08-16,46441,4660,Online,Cash,COUPON020,31.70,USD
7403,2024-04-03T16:47:29Z,2024-04-03,22953,3666,Online,Afterpay,COUPON022,14.63,USD
7404,2023-01-25T12:31:34Z,2023-01-25,25265,4128,Retail,PayPal,COUPON047,8.09,AUD
7405,2024-02-14T09:25:48Z,2024-02-14,9413,4839,Franchise,Afterpay,COUPON042,8.55,AUD
7406,2024-06-24T21:41:12Z,2024-06-24,7711,956,Online,Gift Card,COUPON006,35.91,AUD
7407,2023-09-16T12:26:33Z,2023-09-16,50995,4917,Online,Gift Card,COUPON039,23.97,EUR
7408,2023-09-24T00:47:16Z,2023-09-24,2647,2146,Retail,Cash,COUPON038,24.44,EUR
7409,2023-07-27T21:42:20Z,2023-07-27,15209,131,Retail,Cash,COUPON033,48.55,USD
7410,2023-09-15T10:24:50Z,2023-09-15,77540,1279,Online,Credit Card,COUPON016,10.07,EUR
7411,2024-03-03T20:08:30Z,2024-03-03,42176,1084,Franchise,PayPal,COUPON044,32.92,AUD
7412,2024-09-26T23:49:53Z,2024-09-26,33785,3632,Franchise,Credit Card,COUPON036,2.81,EUR
7413,2024-08-27T20:35:31Z,2024-08-27,67956,4832,Retail,Afterpay,COUPON035,9.02,AUD
7414,2023-10-19T01:14:13Z,2023-10-19,56072,1144,Franchise,Credit Card,COUPON008,18.56,EUR
7415,2023-11-18T00:56:11Z,2023-11-18,27934,3605,Online,PayPal,COUPON021,0.84,AUD
7416,2023-06-17T02:48:44Z,2023-06-17,4242,3615,Franchise,Cash,COUPON038,18.77,AUD
7417,2024-08-03T11:27:56Z,2024-08-03,46511,2704,Online,Cash,COUPON020,35.35,EUR
7418,2023-12-07T09:11:30Z,2023-12-07,43402,3054,Online,Credit Card,COUPON046,15.29,EUR
7419,2023-09-13T19:45:50Z,2023-09-13,2095,3202,Franchise,Credit Card,COUPON030,43.57,EUR
7420,2024-03-25T23:22:39Z,2024-03-25,12277,3218,Retail,Afterpay,COUPON041,10.75,EUR
7421,2024-05-31T19:58:36Z,2024-05-31,76698,4315,Retail,Afterpay,,36.38,AUD
7422,2024-03-05T11:42:45Z,2024-03-05,28640,4568,Franchise,Cash,COUPON025,34.49,USD
7423,2023-03-28T22:53:27Z,2023-03-28,39482,14,Online,Afterpay,COUPON016,32.01,USD
7424,2024-06-11T06:35:32Z,2024-06-11,73329,1007,Online,Afterpay,COUPON025,28.04,AUD
7425,2023-10-17T00:36:00Z,2023-10-17,55466,3438,Franchise,Credit Card,COUPON049,28.50,AUD
7426,2024-09-04T06:36:03Z,2024-09-04,79393,4228,Online,PayPal,COUPON005,38.07,AUD
7427,2024-02-10T15:30:53Z,2024-02-10,26431,2522,Retail,Gift Card,COUPON007,2.64,AUD
7428,2023-02-05T07:29:27Z,2023-02-05,32951,3940,Retail,Credit Card,COUPON018,39.66,EUR
7429,2023-10-01T10:31:55Z,2023-10-01,9765,494,Franchise,Afterpay,COUPON050,21.98,USD
7430,2023-06-22T17:42:36Z,2023-06-22,55008,982,Retail,Cash,COUPON019,39.37,AUD
7431,2023-12-15T08:39:48Z,2023-12-15,36079,4667,Franchise,PayPal,COUPON043,27.26,EUR
7432,2024-06-07T02:54:25Z,2024-06-07,3932,3174,Retail,Afterpay,COUPON001,5.15,AUD
7433,2023-05-16T21:23:19Z,2023-05-16,67153,950,Retail,Cash,COUPON043,36.37,USD
7434,2024-03-13T17:18:19Z,2024-03-13,79352,1139,Franchise,PayPal,COUPON015,35.04,USD
7435,2023-10-09T18:31:01Z,2023-10-09,3201,364,Online,Afterpay,COUPON036,17.48,EUR
7436,2024-06-15T00:26:13Z,2024-06-15,48326,125,Franchise,Cash,COUPON042,10.55,USD
7437,2024-05-18T18:05:16Z,2024-05-18,32631,4611,Online,Credit Card,COUPON036,17.54,EUR
7438,2024-05-30T14:38:44Z,2024-05-30,5318,99,Franchise,Gift Card,COUPON036,5.03,USD
7439,2023-04-29T11:58:57Z,2023-04-29,73553,1595,Online,Credit Card,COUPON035,19.78,EUR
7440,2024-08-14T15:11:44Z,2024-08-14,83973,5029,Online,Cash,COUPON044,31.42,USD
7441,2024-01-26T13:13:41Z,2024-01-26,79515,3732,Retail,Cash,COUPON011,38.48,USD
7442,2023-11-23T09:49:53Z,2023-11-23,73399,2039,Franchise,Afterpay,COUPON028,46.51,USD
7443,2024-08-14T20:53:31Z,2024-08-14,52960,2744,Retail,Cash,COUPON036,31.80,USD
7444,2023-05-26T11:18:39Z,2023-05-26,4370,1500,Franchise,PayPal,COUPON034,9.82,EUR
7445,2024-08-14T11:18:55Z,2024-08-14,53281,1799,Retail,Credit Card,COUPON049,36.92,USD
7446,2023-04-03T01:46:45Z,2023-04-03,44092,338,Retail,PayPal,COUPON009,10.64,USD
7447,2023-07-12T04:32:29Z,2023-07-12,15125,4471,Franchise,Credit Card,COUPON014,33.25,EUR
7448,2024-01-06T09:25:29Z,2024-01-06,67234,3192,Retail,Credit Card,COUPON043,45.24,EUR
7449,2024-05-06T07:17:19Z,2024-05-06,77885,2632,Online,PayPal,COUPON027,22.95,USD
7450,2024-03-08T02:33:48Z,2024-03-08,63205,4053,Retail,Afterpay,COUPON009,26.92,USD
7451,2024-02-17T04:30:34Z,2024-02-17,40243,4610,Online,Credit Card,COUPON029,40.42,AUD
7452,2024-07-22T09:30:43Z,2024-07-22,63299,2025,Online,PayPal,COUPON031,29.20,AUD
7453,2023-08-26T03:48:35Z,2023-08-26,35786,965,Franchise,PayPal,COUPON049,30.59,USD
7454,2024-02-21T15:43:45Z,2024-02-21,61654,1961,Franchise,PayPal,COUPON030,4.69,EUR
7455,2024-09-24T06:03:46Z,2024-09-24,60948,928,Online,Credit Card,COUPON023,13.76,USD
7456,2023-02-26T12:06:29Z,2023-02-26,4268,2874,Online,Cash,COUPON045,40.67,AUD
7457,2023-10-10T07:49:30Z,2023-10-10,78489,4124,Online,Cash,COUPON032,11.89,AUD
7458,2024-09-19T15:51:04Z,2024-09-19,11504,4640,Franchise,Credit Card,COUPON022,38.97,AUD
7459,2023-03-03T19:43:11Z,2023-03-03,46487,4988,Retail,Gift Card,COUPON037,21.57,USD
7460,2023-06-27T03:49:36Z,2023-06-27,35410,683,Retail,Gift Card,COUPON038,13.25,USD
7461,2024-04-28T01:20:02Z,2024-04-28,23746,3538,Retail,PayPal,COUPON027,19.53,USD
7462,2023-12-01T02:59:30Z,2023-12-01,60780,2768,Online,Gift Card,COUPON050,10.62,USD
7463,2024-09-23T19:25:58Z,2024-09-23,66890,1247,Retail,PayPal,COUPON043,47.77,AUD
7464,2023-01-20T03:32:04Z,2023-01-20,10481,2707,Retail,Credit Card,COUPON026,41.84,EUR
7465,2024-03-14T16:06:09Z,2024-03-14,29810,1882,Online,PayPal,COUPON015,12.63,AUD
7466,2023-05-22T03:28:24Z,2023-05-22,8061,4909,Franchise,PayPal,COUPON018,26.44,USD
7467,2023-10-01T16:49:07Z,2023-10-01,41914,2802,Franchise,Gift Card,COUPON025,16.82,EUR
7468,2024-08-25T14:28:39Z,2024-08-25,38129,3010,Online,Gift Card,COUPON030,10.19,AUD
7469,2023-03-31T10:04:31Z,2023-03-31,62995,2554,Online,Cash,COUPON006,17.46,AUD
7470,2024-06-15T15:52:49Z,2024-06-15,45142,4811,Online,Gift Card,COUPON007,21.35,AUD
7471,2023-02-17T11:34:02Z,2023-02-17,25629,951,Retail,Cash,COUPON023,5.42,EUR
7472,2024-04-23T07:51:54Z,2024-04-23,64760,3581,Franchise,Gift Card,COUPON042,19.25,EUR
7473,2023-07-09T13:44:37Z,2023-07-09,22438,620,Online,Credit Card,COUPON013,6.46,USD
7474,2024-02-04T12:20:38Z,2024-02-04,33624,690,Online,Cash,COUPON025,10.38,USD
7475,2024-09-13T23:53:54Z,2024-09-13,36078,1133,Retail,Afterpay,COUPON022,22.98,EUR
7476,2024-03-22T01:26:52Z,2024-03-22,38311,46,Online,Credit Card,COUPON028,4.47,USD
7477,2024-04-22T17:11:23Z,2024-04-22,55622,3947,Franchise,Credit Card,COUPON039,47.81,AUD
7478,2024-06-21T16:26:28Z,2024-06-21,7337,2040,Franchise,Credit Card,COUPON004,40.36,USD
7479,2023-02-10T09:05:41Z,2023-02-10,61768,2278,Retail,Gift Card,COUPON010,13.62,AUD
7480,2023-02-04T07:53:47Z,2023-02-04,16448,4387,Franchise,Gift Card,COUPON004,42.52,USD
7481,2024-07-11T20:36:47Z,2024-07-11,41427,2886,Retail,Afterpay,COUPON039,38.15,EUR
7482,2023-09-19T19:51:20Z,2023-09-19,28538,1630,Franchise,Afterpay,COUPON013,37.19,USD
7483,2024-03-08T14:49:35Z,2024-03-08,25691,867,Retail,Cash,COUPON008,47.51,AUD
7484,2023-09-13T05:28:23Z,2023-09-13,17592,4841,Online,PayPal,COUPON022,13.47,AUD
7485,2023-08-13T19:40:23Z,2023-08-13,69882,2440,Online,Gift Card,COUPON044,7.49,AUD
7486,2024-06-14T16:11:22Z,2024-06-14,73008,1320,Retail,PayPal,COUPON038,47.81,EUR
7487,2023-07-08T22:58:15Z,2023-07-08,2917,629,Online,Cash,COUPON013,0.64,EUR
7488,2023-10-17T10:09:53Z,2023-10-17,22237,1903,Franchise,Gift Card,,19.21,EUR
7489,2024-08-06T00:20:27Z,2024-08-06,30879,1665,Online,Credit Card,COUPON015,12.37,AUD
7490,2023-04-19T06:35:39Z,2023-04-19,54719,3108,Retail,Credit Card,COUPON049,48.93,USD
7491,2024-03-28T11:54:48Z,2024-03-28,30692,2831,Franchise,Credit Card,COUPON041,11.45,EUR
7492,2023-06-28T22:21:05Z,2023-06-28,61541,4302,Franchise,Cash,COUPON025,8.85,AUD
7493,2023-09-06T00:37:51Z,2023-09-06,149,382,Retail,Gift Card,COUPON021,46.01,USD
7494,2023-01-04T01:53:20Z,2023-01-04,19401,3511,Retail,PayPal,COUPON036,4.96,USD
7495,2023-07-15T20:18:25Z,2023-07-15,65571,2339,Franchise,Afterpay,COUPON025,31.58,USD
7496,2024-09-09T22:44:38Z,2024-09-09,53372,1277,Online,PayPal,COUPON009,46.17,EUR
7497,2024-05-28T17:07:59Z,2024-05-28,18346,643,Franchise,Afterpay,COUPON019,15.77,USD
7498,2023-12-04T07:47:32Z,2023-12-04,19922,4267,Retail,Afterpay,COUPON043,17.90,USD
7499,2023-04-22T10:26:40Z,2023-04-22,20388,995,Franchise,PayPal,COUPON020,13.95,EUR
7500,2023-04-29T21:05:10Z,2023-04-29,12567,296,Franchise,Credit Card,COUPON013,26.91,EUR
7501,2024-02-11T11:55:27Z,2024-02-11,19920,4872,Online,Afterpay,COUPON040,23.31,USD
7502,2024-04-26T03:20:57Z,2024-04-26,45886,3236,Franchise,Afterpay,COUPON016,19.64,EUR
7503,2023-12-01T12:26:05Z,2023-12-01,68137,49,Retail,Gift Card,COUPON018,49.70,USD
7504,2023-09-20T18:46:31Z,2023-09-20,72166,299,Retail,Credit Card,,38.51,AUD
7505,2024-09-13T05:05:48Z,2024-09-13,38551,1173,Retail,PayPal,COUPON022,44.80,AUD
7506,2024-08-18T03:03:34Z,2024-08-18,40354,2423,Franchise,Cash,COUPON040,46.66,EUR
7507,2023-05-24T20:56:42Z,2023-05-24,39135,1801,Retail,Gift Card,COUPON022,19.68,USD
7508,2023-07-06T10:10:26Z,2023-07-06,63757,2980,Franchise,PayPal,COUPON027,18.64,AUD
7509,2023-04-20T04:22:19Z,2023-04-20,41760,2463,Online,Cash,COUPON005,45.20,EUR
7510,2024-02-25T19:37:24Z,2024-02-25,20604,2291,Online,Afterpay,COUPON003,24.64,USD
7511,2023-05-31T18:19:43Z,2023-05-31,26729,3039,Retail,Afterpay,COUPON019,49.11,USD
7512,2024-05-04T13:10:31Z,2024-05-04,6982,2654,Franchise,Gift Card,COUPON024,1.39,AUD
7513,2023-09-04T20:39:38Z,2023-09-04,25174,725,Franchise,Gift Card,COUPON015,26.26,AUD
7514,2024-06-17T20:42:01Z,2024-06-17,51318,1025,Retail,Credit Card,COUPON029,20.33,USD
7515,2024-06-14T15:22:03Z,2024-06-14,10607,2094,Franchise,Cash,COUPON011,25.50,USD
7516,2023-01-19T08:23:58Z,2023-01-19,75925,852,Retail,Credit Card,COUPON033,16.53,AUD
7517,2023-02-28T14:19:32Z,2023-02-28,27498,1161,Retail,Afterpay,COUPON024,6.26,AUD
7518,2023-06-08T00:23:27Z,2023-06-08,73757,177,Online,Gift Card,COUPON001,18.28,AUD
7519,2024-03-11T10:22:43Z,2024-03-11,42323,2668,Franchise,Credit Card,COUPON047,46.49,EUR
7520,2024-08-14T03:01:06Z,2024-08-14,23742,53,Retail,Cash,COUPON048,2.72,EUR
7521,2023-05-29T00:06:37Z,2023-05-29,75124,4238,Retail,Afterpay,COUPON037,41.69,EUR
7522,2023-10-02T18:47:09Z,2023-10-02,60931,2489,Retail,PayPal,COUPON050,39.32,EUR
7523,2023-04-14T06:21:53Z,2023-04-14,25989,1837,Franchise,PayPal,COUPON029,21.68,USD
7524,2023-09-13T18:17:12Z,2023-09-13,63003,724,Retail,Credit Card,COUPON010,2.76,EUR
7525,2023-09-05T14:09:28Z,2023-09-05,66344,2354,Retail,PayPal,COUPON002,13.81,USD
7526,2023-02-04T22:46:47Z,2023-02-04,45417,4516,Retail,Afterpay,,43.43,EUR
7527,2024-07-03T03:51:23Z,2024-07-03,22396,3457,Retail,Credit Card,COUPON044,34.25,AUD
7528,2023-09-12T15:24:06Z,2023-09-12,4760,602,Franchise,Cash,COUPON032,15.30,EUR
7529,2024-07-30T17:48:22Z,2024-07-30,38942,2130,Online,Credit Card,COUPON010,34.88,EUR
7530,2023-09-07T22:26:46Z,2023-09-07,59965,4178,Online,PayPal,COUPON010,42.09,AUD
7531,2023-01-18T16:09:27Z,2023-01-18,1359,41,Retail,Cash,COUPON035,0.67,USD
7532,2023-04-22T06:51:48Z,2023-04-22,6383,4099,Retail,Afterpay,COUPON038,15.55,USD
7533,2023-09-17T13:03:40Z,2023-09-17,21803,4414,Online,Cash,COUPON011,6.57,USD
7534,2023-08-17T20:35:36Z,2023-08-17,76733,3284,Online,PayPal,COUPON024,33.13,AUD
7535,2024-03-13T18:09:28Z,2024-03-13,67776,1483,Retail,Credit Card,COUPON016,28.35,AUD
7536,2024-04-18T19:12:28Z,2024-04-18,20332,4674,Franchise,PayPal,COUPON026,25.85,AUD
7537,2024-07-08T14:45:34Z,2024-07-08,55791,660,Franchise,PayPal,COUPON022,2.71,USD
7538,2024-08-14T00:34:59Z,2024-08-14,51627,1569,Retail,Cash,COUPON004,44.45,USD
7539,2024-06-11T09:38:07Z,2024-06-11,25787,3650,Online,Gift Card,COUPON022,10.83,AUD
7540,2023-03-27T00:06:51Z,2023-03-27,62378,4804,Online,Gift Card,COUPON046,9.03,USD
7541,2024-05-24T19:00:11Z,2024-05-24,15298,4910,Franchise,PayPal,COUPON047,24.14,USD
7542,2024-02-05T04:09:32Z,2024-02-05,8992,3177,Online,PayPal,COUPON008,21.86,AUD
7543,2023-09-11T01:51:46Z,2023-09-11,29207,2399,Online,Cash,COUPON021,16.66,USD
7544,2023-11-22T20:36:48Z,2023-11-22,60324,1741,Retail,Credit Card,COUPON016,48.68,EUR
7545,2023-12-24T02:49:58Z,2023-12-24,53476,366,Online,Gift Card,COUPON033,15.09,AUD
7546,2023-06-27T01:08:37Z,2023-06-27,70128,1254,Online,PayPal,COUPON034,1.25,USD
7547,2024-09-27T02:42:27Z,2024-09-27,23350,140,Online,Cash,COUPON024,1.24,EUR
7548,2023-06-21T10:10:21Z,2023-06-21,7724,3357,Online,Gift Card,COUPON003,35.67,AUD
7549,2023-02-24T19:14:53Z,2023-02-24,53373,3315,Retail,Gift Card,COUPON003,44.94,EUR
7550,2024-07-14T08:51:50Z,2024-07-14,6246,494,Online,Afterpay,COUPON011,26.18,USD
7551,2023-02-14T15:48:40Z,2023-02-14,61824,409,Online,Credit Card,COUPON015,29.13,EUR
7552,2023-07-05T03:20:19Z,2023-07-05,26293,3750,Retail,Cash,COUPON012,25.84,USD
7553,2023-01-10T09:59:53Z,2023-01-10,16060,1749,Online,PayPal,COUPON003,9.84,EUR
7554,2023-08-04T19:01:36Z,2023-08-04,71515,4482,Online,PayPal,COUPON003,19.48,AUD
7555,2024-01-25T18:42:16Z,2024-01-25,46297,689,Franchise,PayPal,COUPON013,9.70,EUR
7556,2023-03-07T17:14:44Z,2023-03-07,31539,3644,Online,Credit Card,COUPON016,23.42,AUD
7557,2023-01-19T02:46:49Z,2023-01-19,55303,4117,Franchise,Credit Card,COUPON019,30.38,USD
7558,2023-01-02T23:16:10Z,2023-01-02,3523,3040,Franchise,Credit Card,COUPON032,34.73,USD
7559,2024-04-28T22:42:32Z,2024-04-28,5467,261,Retail,Cash,COUPON008,20.20,AUD
7560,2024-03-05T17:25:16Z,2024-03-05,5094,3151,Franchise,Afterpay,COUPON019,49.86,EUR
7561,2023-05-13T09:52:46Z,2023-05-13,18292,2494,Online,Cash,COUPON007,0.31,USD
7562,2023-09-06T17:07:58Z,2023-09-06,38460,3602,Online,Afterpay,COUPON002,39.06,EUR
7563,2023-04-30T02:11:26Z,2023-04-30,34872,4944,Online,Gift Card,COUPON038,15.33,AUD
7564,2024-09-09T13:13:28Z,2024-09-09,28214,1652,Online,Cash,COUPON009,26.63,USD
7565,2024-01-02T12:22:23Z,2024-01-02,50686,4309,Online,Credit Card,COUPON025,5.60,AUD
7566,2024-08-28T01:21:53Z,2024-08-28,5361,4035,Retail,Afterpay,COUPON042,23.45,USD
7567,2023-12-19T07:10:13Z,2023-12-19,46479,3443,Franchise,Afterpay,COUPON021,24.01,AUD
7568,2024-04-20T16:35:20Z,2024-04-20,74522,2219,Franchise,Gift Card,COUPON041,43.58,USD
7569,2024-01-14T11:42:03Z,2024-01-14,2830,2217,Online,Afterpay,COUPON036,10.55,USD
7570,2024-08-13T06:25:21Z,2024-08-13,65605,1652,Franchise,Gift Card,COUPON040,29.47,USD
7571,2024-02-06T14:19:19Z,2024-02-06,3116,1043,Online,Gift Card,COUPON044,23.14,EUR
7572,2024-01-31T11:48:24Z,2024-01-31,67064,91,Retail,Cash,COUPON026,33.21,AUD
7573,2023-11-26T07:35:25Z,2023-11-26,46099,2846,Franchise,Cash,COUPON003,30.08,AUD
7574,2024-02-19T03:29:29Z,2024-02-19,2953,2789,Retail,Gift Card,COUPON044,4.99,USD
7575,2023-07-03T11:19:21Z,2023-07-03,65951,2729,Retail,Cash,COUPON043,19.78,USD
7576,2023-06-22T01:34:45Z,2023-06-22,75377,3419,Online,Afterpay,COUPON022,37.90,EUR
7577,2023-12-06T05:02:56Z,2023-12-06,51862,1694,Franchise,Credit Card,COUPON048,22.94,AUD
7578,2023-03-02T23:32:05Z,2023-03-02,10265,2313,Retail,Gift Card,COUPON041,22.47,AUD
7579,2023-05-15T09:25:26Z,2023-05-15,65315,3597,Retail,Gift Card,COUPON038,49.37,EUR
7580,2023-12-01T23:00:17Z,2023-12-01,76440,1034,Retail,Gift Card,COUPON037,28.74,EUR
7581,2024-05-23T17:58:08Z,2024-05-23,79038,3258,Retail,Credit Card,COUPON047,4.90,AUD
7582,2023-01-07T01:07:24Z,2023-01-07,79492,686,Franchise,Cash,COUPON021,31.23,USD
7583,2023-02-11T08:42:43Z,2023-02-11,11484,4736,Franchise,Cash,COUPON044,14.46,AUD
7584,2024-05-21T20:14:41Z,2024-05-21,69600,3945,Retail,PayPal,,18.76,EUR
7585,2024-09-22T05:27:49Z,2024-09-22,2953,2510,Franchise,PayPal,COUPON004,41.88,EUR
7586,2024-04-02T05:29:47Z,2024-04-02,68515,2723,Retail,Cash,COUPON005,4.75,USD
7587,2024-04-01T06:43:01Z,2024-04-01,75146,2559,Online,Cash,COUPON029,47.04,EUR
7588,2023-05-16T17:41:22Z,2023-05-16,46224,4678,Online,Cash,COUPON035,37.61,AUD
7589,2024-04-18T01:12:01Z,2024-04-18,68865,3310,Online,Afterpay,,36.90,AUD
7590,2024-04-12T16:16:30Z,2024-04-12,69279,2374,Franchise,Afterpay,COUPON033,42.29,USD
7591,2023-06-14T13:22:45Z,2023-06-14,77428,113,Franchise,Cash,COUPON046,33.61,AUD
7592,2024-08-21T07:38:46Z,2024-08-21,80745,5971,Franchise,Credit Card,COUPON043,8.35,AUD
7593,2024-05-26T15:58:01Z,2024-05-26,18127,1512,Retail,PayPal,COUPON043,49.35,AUD
7594,2024-03-01T23:26:05Z,2024-03-01,66887,3897,Online,Cash,COUPON050,44.91,EUR
7595,2023-03-17T04:36:15Z,2023-03-17,26242,1308,Online,Gift Card,COUPON017,1.44,AUD
7596,2023-07-27T14:14:38Z,2023-07-27,8304,1341,Online,Cash,COUPON026,8.93,EUR
7597,2023-03-01T08:37:17Z,2023-03-01,50408,1203,Online,Credit Card,COUPON050,22.09,AUD
7598,2023-01-31T12:38:54Z,2023-01-31,23746,2584,Retail,PayPal,COUPON023,29.59,USD
7599,2024-03-22T17:29:26Z,2024-03-22,38375,1081,Franchise,Gift Card,COUPON020,48.08,AUD
7600,2024-07-03T23:35:17Z,2024-07-03,52276,4405,Franchise,Cash,COUPON017,25.20,EUR
7601,2024-07-12T16:36:15Z,2024-07-12,48643,575,Franchise,PayPal,COUPON020,41.65,USD
7602,2023-11-24T22:28:03Z,2023-11-24,56827,2046,Retail,Credit Card,COUPON046,41.55,AUD
7603,2023-05-14T01:30:21Z,2023-05-14,51635,1947,Online,Gift Card,COUPON019,48.78,AUD
7604,2023-01-03T18:56:08Z,2023-01-03,86886,5191,Online,Gift Card,COUPON013,39.10,EUR
7605,2024-07-30T02:51:28Z,2024-07-30,53896,1538,Retail,Gift Card,COUPON047,22.68,AUD
7606,2023-08-11T19:54:56Z,2023-08-11,44779,2206,Retail,Gift Card,COUPON042,43.85,AUD
7607,2024-03-17T01:49:02Z,2024-03-17,66034,1834,Franchise,Credit Card,COUPON022,8.53,USD
7608,2023-09-01T21:15:19Z,2023-09-01,617,134,Retail,Cash,COUPON038,15.82,AUD
7609,2023-11-24T21:02:11Z,2023-11-24,66693,2499,Retail,Gift Card,COUPON010,21.35,AUD
7610,2023-08-24T17:02:05Z,2023-08-24,65312,4245,Online,Gift Card,COUPON003,9.01,USD
7611,2023-07-12T06:18:54Z,2023-07-12,75816,269,Online,Credit Card,,2.50,AUD
7612,2024-09-24T11:09:07Z,2024-09-24,20743,2893,Online,Cash,COUPON033,48.75,AUD
7613,2024-04-04T14:36:52Z,2024-04-04,64015,391,Online,Credit Card,COUPON047,45.53,AUD
7614,2024-01-05T22:55:26Z,2024-01-05,31963,802,Retail,Afterpay,COUPON036,6.46,AUD
7615,2024-01-08T16:13:02Z,2024-01-08,11937,707,Franchise,Credit Card,COUPON040,12.06,EUR
7616,2024-04-04T09:43:18Z,2024-04-04,35599,3926,Retail,Cash,COUPON010,21.99,AUD
7617,2024-07-08T16:37:07Z,2024-07-08,25590,4267,Online,Afterpay,COUPON033,40.20,USD
7618,2023-03-06T09:21:53Z,2023-03-06,14204,500,Retail,Cash,COUPON042,20.55,EUR
7619,2023-06-30T14:46:19Z,2023-06-30,1816,2006,Retail,PayPal,COUPON009,38.11,AUD
7620,2023-12-30T07:21:56Z,2023-12-30,47699,3263,Franchise,Credit Card,COUPON006,13.18,EUR
7621,2023-09-17T17:51:58Z,2023-09-17,21074,4393,Online,PayPal,COUPON019,34.73,EUR
7622,2023-02-01T15:57:44Z,2023-02-01,79571,3873,Franchise,Credit Card,COUPON008,27.55,USD
7623,2024-09-23T14:04:40Z,2024-09-23,35290,3994,Franchise,Cash,COUPON041,14.91,EUR
7624,2023-04-14T23:20:22Z,2023-04-14,36443,97,Retail,Gift Card,COUPON027,45.44,AUD
7625,2023-05-28T05:05:14Z,2023-05-28,24315,1957,Online,Gift Card,COUPON021,41.23,USD
7626,2024-03-16T13:20:20Z,2024-03-16,14926,1177,Retail,Gift Card,COUPON025,19.52,USD
7627,2023-08-31T18:43:19Z,2023-08-31,57459,2785,Online,Gift Card,COUPON022,2.66,EUR
7628,2023-10-02T22:27:35Z,2023-10-02,13123,3667,Franchise,Gift Card,COUPON029,39.45,EUR
7629,2023-07-18T22:54:59Z,2023-07-18,23361,1445,Retail,Gift Card,COUPON045,23.48,AUD
7630,2024-07-19T23:33:54Z,2024-07-19,10689,4610,Franchise,Gift Card,COUPON021,48.53,AUD
7631,2024-06-12T22:59:22Z,2024-06-12,14851,2231,Franchise,Cash,COUPON008,44.48,AUD
7632,2024-04-18T15:53:06Z,2024-04-18,43255,1961,Retail,Gift Card,COUPON022,21.08,AUD
7633,2023-03-20T02:37:50Z,2023-03-20,12416,2625,Retail,Afterpay,COUPON035,31.61,AUD
7634,2024-09-29T00:43:07Z,2024-09-29,29170,3605,Franchise,PayPal,COUPON011,15.22,EUR
7635,2024-04-27T05:48:01Z,2024-04-27,28582,1017,Retail,Cash,COUPON050,8.43,EUR
7636,2024-09-28T22:07:34Z,2024-09-28,11759,3421,Retail,Afterpay,COUPON019,18.79,AUD
7637,2023-03-07T22:33:41Z,2023-03-07,56456,2915,Franchise,Afterpay,COUPON043,29.26,AUD
7638,2024-04-22T15:21:40Z,2024-04-22,21994,4626,Retail,Afterpay,COUPON027,43.15,AUD
7639,2023-11-12T16:33:24Z,2023-11-12,33001,1042,Online,Cash,COUPON014,17.06,EUR
7640,2024-03-24T17:56:50Z,2024-03-24,70080,3278,Online,PayPal,COUPON037,6.46,EUR
7641,2023-05-03T19:07:57Z,2023-05-03,46074,185,Online,Afterpay,COUPON044,21.48,EUR
7642,2024-05-02T03:31:29Z,2024-05-02,69454,4217,Online,Gift Card,COUPON032,49.50,USD
7643,2023-12-24T13:21:57Z,2023-12-24,51999,1188,Retail,Gift Card,COUPON011,12.12,AUD
7644,2023-02-22T21:58:58Z,2023-02-22,67716,1988,Franchise,Credit Card,COUPON027,0.49,USD
7645,2023-08-03T09:56:09Z,2023-08-03,39432,1393,Retail,Cash,COUPON037,38.21,EUR
7646,2024-05-03T04:44:52Z,2024-05-03,12049,2289,Retail,Credit Card,COUPON010,9.91,AUD
7647,2023-09-30T00:55:23Z,2023-09-30,68033,2191,Retail,PayPal,COUPON032,22.47,AUD
7648,2023-01-29T22:04:20Z,2023-01-29,20455,486,Retail,Gift Card,COUPON022,12.65,EUR
7649,2024-05-31T18:11:13Z,2024-05-31,12729,1975,Franchise,Afterpay,COUPON017,29.30,USD
7650,2023-03-15T22:06:30Z,2023-03-15,30885,3784,Online,PayPal,COUPON017,49.91,EUR
7651,2023-10-15T23:59:30Z,2023-10-15,29114,2401,Online,Credit Card,,30.76,USD
7652,2024-03-14T19:21:01Z,2024-03-14,27751,4651,Online,Credit Card,COUPON017,1.86,USD
7653,2024-01-02T06:23:33Z,2024-01-02,30157,1960,Franchise,PayPal,COUPON033,10.99,AUD
7654,2023-10-21T21:21:55Z,2023-10-21,31925,3408,Online,Credit Card,COUPON018,0.65,EUR
7655,2023-08-12T10:07:55Z,2023-08-12,39098,3708,Online,Credit Card,COUPON017,12.12,USD
7656,2024-03-19T05:13:30Z,2024-03-19,10660,4891,Franchise,PayPal,COUPON011,23.43,USD
7657,2023-01-12T18:20:52Z,2023-01-12,67404,1950,Online,Cash,COUPON002,1.37,EUR
7658,2023-08-31T22:46:01Z,2023-08-31,22619,169,Retail,PayPal,COUPON026,0.63,AUD
7659,2023-08-04T02:41:45Z,2023-08-04,21393,2612,Franchise,Gift Card,COUPON018,24.25,USD
7660,2023-06-07T10:25:38Z,2023-06-07,53720,2899,Franchise,Gift Card,COUPON029,26.48,EUR
7661,2023-05-17T14:16:46Z,2023-05-17,6814,3057,Retail,Afterpay,COUPON034,26.30,AUD
7662,2023-03-28T06:51:55Z,2023-03-28,43112,3403,Online,Afterpay,COUPON036,38.59,AUD
7663,2024-07-26T18:20:16Z,2024-07-26,4899,3409,Online,Afterpay,COUPON002,36.42,EUR
7664,2024-04-08T03:31:46Z,2024-04-08,62453,1986,Retail,Gift Card,COUPON003,18.50,USD
7665,2024-06-03T03:23:03Z,2024-06-03,56495,605,Online,PayPal,COUPON044,40.74,AUD
7666,2023-05-12T11:19:20Z,2023-05-12,40876,1804,Retail,Afterpay,COUPON017,2.81,EUR
7667,2024-04-23T13:15:27Z,2024-04-23,61069,2719,Online,Afterpay,COUPON013,45.42,USD
7668,2024-06-26T08:32:59Z,2024-06-26,16373,4152,Online,Credit Card,COUPON003,10.62,USD
7669,2024-06-29T23:49:27Z,2024-06-29,58483,4833,Retail,Cash,COUPON017,16.45,EUR
7670,2023-08-07T11:07:10Z,2023-08-07,54246,2357,Retail,Afterpay,COUPON017,12.45,USD
7671,2023-04-07T12:24:35Z,2023-04-07,35361,414,Retail,Cash,COUPON011,45.54,AUD
7672,2023-11-25T19:29:59Z,2023-11-25,28673,1760,Online,Gift Card,COUPON038,17.07,EUR
7673,2024-05-28T13:43:10Z,2024-05-28,79535,4007,Retail,Afterpay,COUPON036,37.35,EUR
7674,2024-07-17T07:30:21Z,2024-07-17,2639,589,Retail,Gift Card,COUPON013,33.96,USD
7675,2023-03-01T00:07:31Z,2023-03-01,37957,2171,Online,Gift Card,COUPON013,20.73,EUR
7676,2023-02-26T17:49:33Z,2023-02-26,41084,4617,Retail,PayPal,COUPON040,19.78,EUR
7677,2023-05-01T14:54:58Z,2023-05-01,6667,131,Retail,PayPal,COUPON050,13.90,EUR
7678,2024-04-24T01:30:37Z,2024-04-24,50520,1240,Retail,Afterpay,COUPON004,38.25,USD
7679,2023-07-06T22:45:32Z,2023-07-06,7295,1946,Retail,Gift Card,COUPON020,11.58,USD
7680,2023-11-20T19:49:25Z,2023-11-20,75223,482,Franchise,Gift Card,COUPON003,30.83,AUD
7681,2023-11-21T10:18:55Z,2023-11-21,50642,1540,Franchise,Afterpay,COUPON043,12.18,AUD
7682,2023-02-04T11:20:35Z,2023-02-04,55522,4277,Retail,PayPal,COUPON011,25.87,AUD
7683,2024-03-23T22:51:44Z,2024-03-23,37191,180,Retail,Credit Card,COUPON026,41.78,EUR
7684,2023-08-19T19:31:13Z,2023-08-19,4661,3482,Online,PayPal,COUPON003,0.92,AUD
7685,2024-07-30T15:53:54Z,2024-07-30,40677,3839,Franchise,PayPal,COUPON002,30.00,USD
7686,2023-02-05T09:59:32Z,2023-02-05,77143,1006,Online,PayPal,COUPON034,5.74,AUD
7687,2023-06-12T22:43:34Z,2023-06-12,25206,3051,Franchise,Afterpay,COUPON001,1.16,USD
7688,2023-06-01T10:21:18Z,2023-06-01,46600,494,Retail,Cash,COUPON031,16.31,EUR
7689,2023-07-25T19:51:27Z,2023-07-25,64550,1789,Online,Afterpay,COUPON025,34.48,USD
7690,2024-04-20T18:06:06Z,2024-04-20,46420,3719,Retail,Cash,COUPON034,19.94,USD
7691,2023-12-21T21:10:03Z,2023-12-21,37550,4745,Retail,Credit Card,COUPON046,34.85,AUD
7692,2023-07-10T18:43:04Z,2023-07-10,58453,967,Franchise,Cash,COUPON042,26.80,USD
7693,2024-01-27T08:34:32Z,2024-01-27,44,1912,Franchise,Gift Card,COUPON035,21.88,USD
7694,2023-01-05T15:01:12Z,2023-01-05,44953,3704,Online,Cash,COUPON034,11.12,USD
7695,2024-09-23T21:14:10Z,2024-09-23,57644,4455,Franchise,Gift Card,COUPON036,36.37,AUD
7696,2023-09-24T08:51:38Z,2023-09-24,34396,46,Franchise,Gift Card,COUPON005,44.85,AUD
7697,2023-10-04T00:59:16Z,2023-10-04,65308,4808,Franchise,Gift Card,COUPON018,32.50,USD
7698,2023-03-02T22:28:06Z,2023-03-02,70399,3168,Online,Gift Card,COUPON010,29.03,EUR
7699,2023-10-01T15:11:42Z,2023-10-01,35598,2572,Retail,Cash,COUPON045,18.32,AUD
7700,2024-02-03T13:46:27Z,2024-02-03,5057,3077,Retail,Credit Card,COUPON043,43.87,USD
7701,2023-09-19T18:53:44Z,2023-09-19,78298,2686,Online,PayPal,COUPON038,21.67,EUR
7702,2024-07-14T16:32:11Z,2024-07-14,24602,1910,Online,Gift Card,COUPON031,0.31,AUD
7703,2024-02-10T03:18:56Z,2024-02-10,29902,1321,Online,PayPal,COUPON045,10.93,USD
7704,2023-12-04T20:40:08Z,2023-12-04,11776,4380,Online,Credit Card,COUPON028,48.68,AUD
7705,2023-04-10T09:08:03Z,2023-04-10,35951,2531,Franchise,Credit Card,COUPON024,4.00,EUR
7706,2023-01-30T00:29:19Z,2023-01-30,6908,3679,Online,PayPal,COUPON044,31.81,AUD
7707,2024-05-16T16:43:03Z,2024-05-16,22043,2012,Franchise,Credit Card,COUPON027,46.30,USD
7708,2023-06-27T22:43:14Z,2023-06-27,27007,2572,Franchise,Cash,COUPON039,10.94,USD
7709,2023-01-14T21:53:15Z,2023-01-14,33410,3952,Retail,Gift Card,COUPON024,17.26,USD
7710,2024-01-05T02:01:41Z,2024-01-05,72149,11,Online,Cash,COUPON036,1.85,AUD
7711,2023-03-28T04:14:20Z,2023-03-28,34118,3415,Online,Gift Card,COUPON050,25.77,AUD
7712,2024-05-17T01:24:41Z,2024-05-17,19998,4479,Franchise,Gift Card,COUPON019,16.42,EUR
7713,2023-05-25T02:29:27Z,2023-05-25,72325,1443,Online,PayPal,COUPON010,9.10,AUD
7714,2023-01-03T08:24:05Z,2023-01-03,17948,2317,Franchise,Gift Card,COUPON046,23.92,AUD
7715,2024-02-23T17:01:20Z,2024-02-23,21240,37,Retail,Credit Card,COUPON024,2.63,EUR
7716,2024-06-01T05:08:23Z,2024-06-01,5378,974,Retail,Cash,COUPON026,0.47,USD
7717,2024-06-26T01:56:48Z,2024-06-26,9794,21,Online,Afterpay,COUPON046,31.16,EUR
7718,2024-03-25T11:57:00Z,2024-03-25,43713,4693,Retail,PayPal,COUPON001,30.37,USD
7719,2024-06-17T14:02:18Z,2024-06-17,66541,1265,Franchise,Gift Card,COUPON017,2.48,EUR
7720,2023-11-17T03:30:07Z,2023-11-17,4952,82,Online,Gift Card,COUPON037,11.80,AUD
7721,2023-06-18T10:09:41Z,2023-06-18,68577,3897,Online,Afterpay,COUPON006,3.74,EUR
7722,2023-04-23T13:18:51Z,2023-04-23,74666,999,Online,PayPal,COUPON001,20.22,USD
7723,2023-06-02T20:09:56Z,2023-06-02,77883,1791,Franchise,Credit Card,COUPON018,40.84,USD
7724,2023-09-22T11:22:49Z,2023-09-22,17008,2085,Retail,Cash,COUPON042,10.11,USD
7725,2023-05-03T18:00:27Z,2023-05-03,78567,3311,Retail,Credit Card,COUPON022,23.54,AUD
7726,2023-04-25T21:46:45Z,2023-04-25,12422,394,Retail,Afterpay,COUPON049,27.59,AUD
7727,2023-06-23T16:29:27Z,2023-06-23,27880,3169,Online,Gift Card,COUPON040,45.24,EUR
7728,2023-03-07T02:44:47Z,2023-03-07,79380,2808,Franchise,PayPal,COUPON025,41.56,AUD
7729,2024-07-05T23:10:06Z,2024-07-05,7578,4068,Online,Afterpay,COUPON018,27.95,EUR
7730,2023-10-27T13:15:17Z,2023-10-27,77890,470,Franchise,Afterpay,COUPON029,19.92,USD
7731,2024-08-15T07:16:31Z,2024-08-15,41942,2501,Franchise,PayPal,COUPON026,26.89,AUD
7732,2024-05-28T17:16:20Z,2024-05-28,74932,2283,Franchise,Afterpay,COUPON036,9.14,USD
7733,2023-03-07T20:42:15Z,2023-03-07,16547,1948,Online,Cash,COUPON021,38.73,EUR
7734,2024-02-04T21:12:38Z,2024-02-04,4678,4659,Online,Gift Card,COUPON005,13.88,USD
7735,2023-09-07T10:13:07Z,2023-09-07,49405,980,Online,Afterpay,COUPON025,23.37,USD
7736,2024-02-10T14:53:28Z,2024-02-10,27120,1087,Online,Cash,COUPON030,42.33,AUD
7737,2023-08-27T08:13:12Z,2023-08-27,15513,3306,Online,Cash,COUPON003,43.86,USD
7738,2024-04-02T10:53:57Z,2024-04-02,71243,4691,Franchise,PayPal,COUPON013,12.72,EUR
7739,2024-05-14T18:04:09Z,2024-05-14,51284,2722,Online,Afterpay,COUPON032,27.13,USD
7740,2023-11-27T15:48:47Z,2023-11-27,39049,3859,Franchise,Gift Card,COUPON019,34.36,USD
7741,2023-06-04T03:56:42Z,2023-06-04,42795,708,Retail,Credit Card,COUPON020,7.49,AUD
7742,2023-09-21T00:09:13Z,2023-09-21,47480,1418,Online,Gift Card,COUPON016,41.14,AUD
7743,2024-07-29T22:47:02Z,2024-07-29,68029,897,Online,Afterpay,COUPON031,4.86,USD
7744,2023-06-07T21:26:51Z,2023-06-07,2059,4288,Retail,Cash,COUPON021,15.38,AUD
7745,2024-06-04T17:20:19Z,2024-06-04,78070,3523,Franchise,Afterpay,COUPON011,16.75,AUD
7746,2024-05-24T02:37:12Z,2024-05-24,70949,2477,Franchise,Gift Card,COUPON004,13.00,AUD
7747,2023-02-07T03:39:03Z,2023-02-07,46780,211,Franchise,Cash,COUPON033,48.02,USD
7748,2024-04-13T15:30:14Z,2024-04-13,58475,393,Retail,Credit Card,COUPON036,39.66,AUD
7749,2024-02-23T08:00:08Z,2024-02-23,3208,697,Retail,PayPal,COUPON025,21.82,EUR
7750,2023-05-14T23:57:09Z,2023-05-14,33307,3783,Online,Cash,COUPON049,29.38,EUR
7751,2024-08-26T00:47:46Z,2024-08-26,29403,1913,Franchise,Credit Card,COUPON005,39.54,USD
7752,2023-10-07T03:49:05Z,2023-10-07,28964,4167,Retail,Afterpay,COUPON030,37.29,EUR
7753,2024-03-07T18:16:01Z,2024-03-07,46358,3409,Retail,Cash,COUPON047,11.92,AUD
7754,2023-12-19T07:56:27Z,2023-12-19,75802,1533,Online,Cash,COUPON009,18.54,USD
7755,2023-02-25T13:28:30Z,2023-02-25,58958,3563,Online,Gift Card,COUPON034,38.22,USD
7756,2023-08-26T17:49:47Z,2023-08-26,12291,1317,Franchise,Gift Card,COUPON022,4.87,AUD
7757,2024-05-28T04:29:21Z,2024-05-28,35923,3299,Retail,Gift Card,COUPON046,32.26,EUR
7758,2023-08-02T19:55:56Z,2023-08-02,46165,4254,Online,PayPal,COUPON027,6.12,EUR
7759,2024-05-04T22:32:26Z,2024-05-04,70372,4393,Online,Gift Card,COUPON036,6.27,USD
7760,2023-08-08T20:02:43Z,2023-08-08,55800,1326,Online,Cash,COUPON049,17.99,USD
7761,2024-06-16T11:54:22Z,2024-06-16,136,2568,Franchise,Gift Card,COUPON041,27.86,EUR
7762,2024-08-10T17:27:24Z,2024-08-10,10853,4897,Franchise,Credit Card,COUPON019,34.88,USD
7763,2023-10-05T05:10:04Z,2023-10-05,68935,3802,Franchise,Afterpay,COUPON036,27.74,AUD
7764,2024-08-20T11:29:56Z,2024-08-20,74561,1332,Franchise,Afterpay,COUPON026,43.95,AUD
7765,2024-08-20T18:24:44Z,2024-08-20,13987,4026,Retail,Credit Card,COUPON045,48.43,USD
7766,2023-11-06T01:45:35Z,2023-11-06,66207,490,Retail,Afterpay,COUPON015,39.36,USD
7767,2024-07-26T22:41:21Z,2024-07-26,22041,4126,Online,Cash,COUPON002,18.10,EUR
7768,2024-01-13T23:38:26Z,2024-01-13,37007,3136,Franchise,Gift Card,COUPON050,16.34,EUR
7769,2024-03-22T07:19:39Z,2024-03-22,26741,2068,Retail,Cash,COUPON043,28.94,EUR
7770,2024-07-01T09:20:52Z,2024-07-01,352,1811,Retail,PayPal,COUPON005,7.13,EUR
7771,2023-03-02T15:26:33Z,2023-03-02,68963,1331,Online,Cash,COUPON042,21.47,EUR
7772,2023-11-25T13:13:04Z,2023-11-25,57764,3394,Franchise,Credit Card,COUPON019,26.60,AUD
7773,2023-04-10T17:53:07Z,2023-04-10,25492,886,Franchise,Afterpay,COUPON042,39.52,EUR
7774,2023-03-27T18:32:53Z,2023-03-27,6212,3772,Retail,PayPal,COUPON008,30.69,EUR
7775,2023-06-25T11:55:33Z,2023-06-25,48759,183,Online,Cash,COUPON031,18.93,EUR
7776,2023-01-24T23:10:55Z,2023-01-24,44498,25,Online,Gift Card,COUPON035,36.86,EUR
7777,2023-08-24T09:58:16Z,2023-08-24,17505,1668,Franchise,Afterpay,COUPON043,32.94,EUR
7778,2024-05-09T21:01:28Z,2024-05-09,77801,1939,Online,Cash,COUPON030,12.83,USD
7779,2023-06-24T16:17:44Z,2023-06-24,37768,4861,Franchise,Cash,COUPON031,40.46,USD
7780,2024-05-28T19:57:50Z,2024-05-28,30723,3673,Franchise,Afterpay,COUPON017,5.83,EUR
7781,2024-07-27T13:48:38Z,2024-07-27,9649,2263,Online,Credit Card,COUPON043,29.93,AUD
7782,2023-11-21T16:29:12Z,2023-11-21,52763,957,Franchise,Credit Card,COUPON040,28.51,EUR
7783,2023-05-08T13:10:50Z,2023-05-08,58232,248,Franchise,Gift Card,,28.53,EUR
7784,2023-06-22T10:06:24Z,2023-06-22,10996,1638,Online,PayPal,COUPON020,27.47,AUD
7785,2023-06-29T09:16:19Z,2023-06-29,2159,2574,Online,Gift Card,COUPON035,36.76,USD
7786,2024-03-21T03:15:27Z,2024-03-21,64066,2433,Online,PayPal,COUPON025,14.13,EUR
7787,2023-11-02T04:46:06Z,2023-11-02,52192,2750,Online,Credit Card,COUPON046,14.22,AUD
7788,2024-05-11T23:39:57Z,2024-05-11,73774,3437,Franchise,Gift Card,COUPON020,10.70,EUR
7789,2023-10-07T08:52:23Z,2023-10-07,30358,2367,Online,Credit Card,COUPON034,43.87,AUD
7790,2023-02-11T20:15:23Z,2023-02-11,2682,4673,Franchise,Gift Card,COUPON011,30.32,AUD
7791,2024-05-24T23:20:15Z,2024-05-24,39726,3996,Franchise,Afterpay,COUPON049,47.32,EUR
7792,2023-06-29T16:29:00Z,2023-06-29,35449,2330,Online,Credit Card,COUPON050,31.21,AUD
7793,2024-04-22T09:20:13Z,2024-04-22,63098,774,Online,Afterpay,COUPON035,11.98,AUD
7794,2023-04-25T11:12:41Z,2023-04-25,27902,1230,Retail,Gift Card,COUPON039,46.11,USD
7795,2024-04-04T03:56:56Z,2024-04-04,15184,2880,Franchise,Credit Card,COUPON040,34.71,AUD
7796,2024-07-22T05:03:58Z,2024-07-22,45024,4414,Online,Cash,COUPON020,41.87,AUD
7797,2023-06-29T07:07:50Z,2023-06-29,73159,2631,Franchise,Afterpay,COUPON005,42.04,EUR
7798,2024-02-16T01:03:34Z,2024-02-16,79062,1505,Retail,Gift Card,COUPON015,40.03,AUD
7799,2024-09-23T12:41:50Z,2024-09-23,7180,1370,Retail,PayPal,COUPON012,47.66,EUR
7800,2024-01-23T23:48:40Z,2024-01-23,48266,4946,Online,PayPal,COUPON004,18.34,EUR
7801,2023-06-20T22:49:33Z,2023-06-20,61700,389,Online,PayPal,COUPON013,8.32,AUD
7802,2023-10-02T20:36:04Z,2023-10-02,35519,2122,Franchise,Cash,COUPON010,28.15,AUD
7803,2023-04-12T04:59:38Z,2023-04-12,16934,2783,Retail,Credit Card,COUPON023,5.26,EUR
7804,2023-02-04T16:56:55Z,2023-02-04,11166,207,Franchise,Cash,COUPON044,25.22,USD
7805,2023-08-13T23:37:48Z,2023-08-13,31606,4,Retail,Credit Card,COUPON032,8.55,AUD
7806,2024-01-18T07:37:29Z,2024-01-18,47272,773,Retail,PayPal,COUPON020,44.95,AUD
7807,2023-09-21T23:36:11Z,2023-09-21,11866,684,Retail,Gift Card,COUPON020,14.64,USD
7808,2024-05-09T00:55:58Z,2024-05-09,73304,1343,Online,PayPal,COUPON010,38.17,USD
7809,2024-09-26T03:49:06Z,2024-09-26,59189,560,Online,PayPal,COUPON020,0.96,AUD
7810,2023-12-23T10:20:57Z,2023-12-23,75342,3231,Franchise,Afterpay,COUPON024,9.86,AUD
7811,2024-08-16T02:21:39Z,2024-08-16,77877,3110,Online,Afterpay,COUPON002,12.26,AUD
7812,2024-06-26T07:44:21Z,2024-06-26,71098,1972,Online,Credit Card,COUPON019,1.21,USD
7813,2024-02-04T02:18:01Z,2024-02-04,12988,56,Franchise,Afterpay,COUPON023,2.56,USD
7814,2024-02-04T21:29:40Z,2024-02-04,13032,1885,Franchise,Cash,COUPON003,7.76,AUD
7815,2023-09-11T06:10:37Z,2023-09-11,53373,2149,Online,PayPal,COUPON015,22.64,USD
7816,2023-11-26T12:31:48Z,2023-11-26,9506,4549,Franchise,Afterpay,COUPON038,40.92,USD
7817,2024-08-05T21:07:21Z,2024-08-05,11231,1869,Online,Gift Card,COUPON034,19.97,EUR
7818,2023-07-04T14:04:51Z,2023-07-04,62627,2419,Retail,PayPal,COUPON035,23.10,EUR
7819,2024-07-12T00:17:06Z,2024-07-12,4220,363,Retail,Cash,COUPON013,37.27,AUD
7820,2024-08-25T06:17:16Z,2024-08-25,70400,3874,Online,Afterpay,COUPON045,5.05,USD
7821,2023-02-15T09:55:40Z,2023-02-15,28865,4553,Online,Cash,COUPON006,49.09,EUR
7822,2024-03-12T13:47:18Z,2024-03-12,6638,4825,Online,Credit Card,COUPON017,5.44,USD
7823,2023-07-06T14:58:57Z,2023-07-06,53590,1792,Franchise,PayPal,COUPON047,34.38,USD
7824,2023-01-30T04:07:21Z,2023-01-30,46751,2500,Online,PayPal,COUPON032,46.83,USD
7825,2023-05-23T00:02:17Z,2023-05-23,4741,570,Online,PayPal,COUPON020,40.15,EUR
7826,2024-03-31T10:19:14Z,2024-03-31,37268,3681,Retail,Gift Card,COUPON031,28.73,USD
7827,2024-06-16T23:15:09Z,2024-06-16,43673,542,Retail,PayPal,COUPON047,20.81,AUD
7828,2024-08-26T12:06:41Z,2024-08-26,29421,4929,Franchise,Credit Card,COUPON003,12.07,USD
7829,2023-10-18T14:38:20Z,2023-10-18,59750,1451,Online,Afterpay,COUPON022,42.45,USD
7830,2023-08-11T08:29:49Z,2023-08-11,55953,3570,Online,Cash,,6.37,USD
7831,2024-02-04T04:21:15Z,2024-02-04,2025,347,Retail,Gift Card,COUPON024,6.49,USD
7832,2024-01-24T09:22:04Z,2024-01-24,70903,805,Retail,Afterpay,COUPON003,8.71,AUD
7833,2023-07-18T15:27:04Z,2023-07-18,9021,3514,Online,PayPal,COUPON041,1.52,AUD
7834,2023-09-04T08:44:04Z,2023-09-04,38932,2683,Online,Credit Card,COUPON044,25.46,USD
7835,2024-06-13T21:25:00Z,2024-06-13,5186,2625,Online,PayPal,COUPON033,34.97,AUD
7836,2023-07-09T05:13:29Z,2023-07-09,50398,4432,Retail,Afterpay,COUPON026,28.13,AUD
7837,2024-09-08T04:35:33Z,2024-09-08,68238,2276,Franchise,Afterpay,COUPON020,44.17,USD
7838,2023-09-17T01:50:24Z,2023-09-17,23871,993,Online,Cash,COUPON003,22.26,USD
7839,2024-05-11T01:19:11Z,2024-05-11,15017,2930,Franchise,Gift Card,COUPON029,47.84,USD
7840,2023-04-13T11:48:31Z,2023-04-13,50343,1817,Franchise,Gift Card,COUPON041,42.06,AUD
7841,2024-09-15T22:34:31Z,2024-09-15,24238,3975,Retail,PayPal,COUPON013,14.15,USD
7842,2023-01-09T23:28:05Z,2023-01-09,4273,885,Online,Gift Card,COUPON031,29.63,USD
7843,2023-01-25T08:35:31Z,2023-01-25,18980,1902,Online,Gift Card,COUPON043,8.42,USD
7844,2024-06-17T19:07:15Z,2024-06-17,30255,2016,Online,PayPal,COUPON049,18.01,USD
7845,2024-02-26T07:59:28Z,2024-02-26,41832,3041,Retail,Cash,COUPON011,13.76,USD
7846,2023-04-07T10:25:55Z,2023-04-07,34628,3295,Online,Afterpay,COUPON043,45.10,USD
7847,2024-07-16T00:37:30Z,2024-07-16,44947,368,Franchise,Afterpay,COUPON004,30.96,EUR
7848,2023-09-19T02:40:13Z,2023-09-19,3272,4845,Retail,Gift Card,COUPON030,21.43,USD
7849,2024-09-13T12:14:14Z,2024-09-13,13967,1373,Franchise,Gift Card,COUPON002,48.95,USD
7850,2023-09-18T10:06:05Z,2023-09-18,36615,1340,Retail,Credit Card,COUPON022,6.08,AUD
7851,2023-02-19T14:11:41Z,2023-02-19,59363,3215,Retail,Gift Card,COUPON005,14.55,EUR
7852,2024-07-08T02:38:03Z,2024-07-08,11257,3165,Online,Cash,COUPON012,49.48,EUR
7853,2024-05-21T12:59:31Z,2024-05-21,41678,1550,Franchise,Afterpay,COUPON037,16.27,AUD
7854,2024-01-25T10:39:47Z,2024-01-25,82197,5968,Online,Gift Card,COUPON012,20.17,EUR
7855,2024-09-02T19:16:46Z,2024-09-02,64504,2203,Online,Gift Card,COUPON037,19.12,USD
7856,2023-05-15T05:04:02Z,2023-05-15,47999,3221,Retail,PayPal,COUPON027,49.03,EUR
7857,2023-06-21T18:26:34Z,2023-06-21,37365,2942,Franchise,Credit Card,COUPON016,28.01,AUD
7858,2023-05-06T13:28:17Z,2023-05-06,62158,3555,Retail,PayPal,COUPON006,7.57,USD
7859,2024-07-07T16:16:10Z,2024-07-07,5083,2914,Franchise,Gift Card,COUPON048,41.71,EUR
7860,2024-01-24T13:28:06Z,2024-01-24,72366,3274,Retail,Cash,COUPON037,32.39,EUR
7861,2024-01-31T21:52:10Z,2024-01-31,47735,4853,Franchise,Gift Card,COUPON042,10.27,AUD
7862,2023-07-06T06:47:12Z,2023-07-06,2838,719,Franchise,Afterpay,COUPON007,41.30,AUD
7863,2024-07-09T16:59:44Z,2024-07-09,6125,4033,Retail,Credit Card,COUPON049,7.53,EUR
7864,2023-05-04T16:49:15Z,2023-05-04,6056,919,Online,Credit Card,COUPON016,33.59,EUR
7865,2023-01-12T16:59:53Z,2023-01-12,64870,2798,Online,Cash,COUPON043,35.99,USD
7866,2023-01-16T16:41:31Z,2023-01-16,64700,476,Franchise,Gift Card,COUPON048,35.70,AUD
7867,2023-11-19T11:47:49Z,2023-11-19,74286,154,Retail,Afterpay,COUPON011,38.41,USD
7868,2023-04-01T13:44:21Z,2023-04-01,55435,1078,Retail,Credit Card,COUPON009,38.97,USD
7869,2024-09-02T21:56:29Z,2024-09-02,65693,3180,Franchise,PayPal,COUPON017,13.05,EUR
7870,2024-09-11T20:40:00Z,2024-09-11,37813,2950,Retail,Afterpay,COUPON026,11.37,USD
7871,2023-10-30T15:07:32Z,2023-10-30,32369,177,Retail,Cash,COUPON010,25.90,USD
7872,2023-02-16T05:28:23Z,2023-02-16,53522,1170,Retail,PayPal,COUPON003,18.53,EUR
7873,2023-06-23T03:49:44Z,2023-06-23,20223,3246,Online,Gift Card,COUPON035,38.49,USD
7874,2023-09-26T15:32:48Z,2023-09-26,4654,2690,Franchise,Afterpay,COUPON046,3.19,AUD
7875,2024-04-19T14:24:35Z,2024-04-19,12374,3685,Retail,Gift Card,COUPON042,1.30,AUD
7876,2024-07-15T21:09:20Z,2024-07-15,58456,3824,Online,Afterpay,COUPON037,4.15,EUR
7877,2024-02-02T22:04:57Z,2024-02-02,14962,1256,Retail,PayPal,COUPON019,23.42,AUD
7878,2024-08-11T17:00:23Z,2024-08-11,16584,2470,Retail,Gift Card,COUPON018,43.27,AUD
7879,2023-09-18T19:30:06Z,2023-09-18,62429,444,Franchise,Gift Card,COUPON041,14.63,EUR
7880,2023-11-24T00:51:12Z,2023-11-24,32499,304,Online,Afterpay,COUPON050,4.81,USD
7881,2023-07-01T15:02:06Z,2023-07-01,8785,4776,Retail,Gift Card,COUPON017,2.41,USD
7882,2023-08-16T12:50:06Z,2023-08-16,53429,4218,Retail,Credit Card,COUPON007,42.20,AUD
7883,2023-05-28T13:27:22Z,2023-05-28,14181,3230,Retail,Gift Card,COUPON042,15.48,AUD
7884,2024-07-13T03:19:27Z,2024-07-13,43410,1883,Franchise,Afterpay,COUPON035,21.76,AUD
7885,2024-07-21T14:17:49Z,2024-07-21,56966,3962,Franchise,Cash,COUPON009,34.05,USD
7886,2024-08-23T13:09:20Z,2024-08-23,49211,1357,Retail,PayPal,COUPON039,40.19,EUR
7887,2023-03-12T01:06:38Z,2023-03-12,33689,2187,Retail,Credit Card,COUPON046,40.78,AUD
7888,2023-11-10T14:11:20Z,2023-11-10,55317,430,Retail,Gift Card,COUPON036,8.14,EUR
7889,2023-06-07T21:55:50Z,2023-06-07,19052,101,Franchise,PayPal,COUPON022,17.93,EUR
7890,2023-05-23T05:33:59Z,2023-05-23,71091,4291,Retail,Credit Card,COUPON032,27.70,EUR
7891,2024-01-26T21:54:57Z,2024-01-26,76424,3966,Retail,Cash,COUPON003,18.61,EUR
7892,2024-08-23T14:07:34Z,2024-08-23,4547,2282,Online,PayPal,COUPON004,48.08,USD
7893,2023-07-26T03:03:20Z,2023-07-26,28182,2466,Online,Credit Card,COUPON032,44.35,AUD
7894,2023-02-18T11:32:24Z,2023-02-18,24385,1385,Online,Credit Card,COUPON027,17.88,EUR
7895,2023-12-12T08:33:20Z,2023-12-12,68122,2477,Online,Credit Card,COUPON026,44.66,AUD
7896,2024-02-03T02:20:30Z,2024-02-03,49041,981,Online,Credit Card,COUPON025,29.14,EUR
7897,2023-08-31T18:15:59Z,2023-08-31,21645,2726,Retail,Afterpay,COUPON030,45.86,AUD
7898,2023-05-17T10:40:36Z,2023-05-17,57160,4717,Franchise,Gift Card,COUPON002,31.78,EUR
7899,2023-04-07T14:17:44Z,2023-04-07,41991,624,Franchise,PayPal,COUPON015,39.88,USD
7900,2023-12-11T14:24:30Z,2023-12-11,54197,55,Franchise,Afterpay,COUPON033,40.22,USD
7901,2024-02-03T15:01:03Z,2024-02-03,2486,904,Franchise,Cash,COUPON008,40.40,AUD
7902,2023-01-16T01:56:31Z,2023-01-16,52622,4713,Franchise,Gift Card,COUPON008,33.59,EUR
7903,2023-06-10T06:29:37Z,2023-06-10,72832,902,Franchise,Credit Card,COUPON004,38.08,USD
7904,2024-07-07T01:06:59Z,2024-07-07,66846,2067,Retail,Gift Card,COUPON044,30.29,EUR
7905,2023-09-05T21:17:04Z,2023-09-05,8398,642,Retail,Cash,COUPON020,43.57,AUD
7906,2023-06-01T19:02:58Z,2023-06-01,75797,3749,Retail,Afterpay,COUPON035,47.97,AUD
7907,2023-11-30T04:47:12Z,2023-11-30,61562,3906,Retail,Credit Card,COUPON035,42.13,USD
7908,2024-05-18T21:11:41Z,2024-05-18,67056,1872,Online,PayPal,COUPON015,39.65,USD
7909,2024-05-19T08:40:10Z,2024-05-19,61983,4318,Online,Cash,COUPON040,3.38,USD
7910,2023-04-02T06:15:22Z,2023-04-02,62675,3794,Retail,Credit Card,COUPON002,5.42,AUD
7911,2023-12-19T21:18:26Z,2023-12-19,25635,1961,Franchise,Afterpay,COUPON018,45.67,EUR
7912,2023-01-12T10:05:25Z,2023-01-12,66288,1167,Retail,Credit Card,COUPON001,0.69,EUR
7913,2024-05-03T15:51:02Z,2024-05-03,28575,3650,Franchise,Credit Card,COUPON043,11.22,USD
7914,2024-01-07T11:06:57Z,2024-01-07,28576,3284,Online,PayPal,COUPON047,14.16,USD
7915,2024-02-09T16:25:59Z,2024-02-09,12400,3791,Online,Afterpay,COUPON036,43.88,EUR
7916,2023-07-19T04:47:38Z,2023-07-19,56195,615,Online,Cash,COUPON002,14.37,EUR
7917,2024-05-06T08:52:09Z,2024-05-06,43342,2061,Retail,Afterpay,COUPON020,48.42,AUD
7918,2024-02-04T23:48:14Z,2024-02-04,14828,705,Online,Credit Card,COUPON008,45.14,USD
7919,2023-03-01T17:45:49Z,2023-03-01,39878,1440,Retail,Cash,COUPON018,46.56,AUD
7920,2024-02-24T06:08:56Z,2024-02-24,22017,3378,Online,Afterpay,COUPON007,35.60,EUR
7921,2023-12-10T12:17:55Z,2023-12-10,9055,3996,Retail,Credit Card,COUPON035,49.31,USD
7922,2023-01-31T17:39:45Z,2023-01-31,12281,2502,Retail,Credit Card,COUPON001,12.12,USD
7923,2023-07-29T20:27:33Z,2023-07-29,79560,2032,Franchise,PayPal,COUPON044,42.40,EUR
7924,2024-05-18T21:13:58Z,2024-05-18,16485,329,Retail,PayPal,COUPON012,11.34,USD
7925,2023-07-25T13:13:02Z,2023-07-25,8535,3212,Retail,PayPal,COUPON025,45.89,EUR
7926,2023-12-29T12:17:28Z,2023-12-29,31150,615,Franchise,Credit Card,COUPON016,41.25,AUD
7927,2023-12-10T05:44:55Z,2023-12-10,11584,4470,Online,Cash,COUPON002,31.88,USD
7928,2024-06-11T06:06:20Z,2024-06-11,40495,3014,Online,Gift Card,COUPON032,21.51,AUD
7929,2024-08-26T20:31:17Z,2024-08-26,40714,29,Online,Afterpay,COUPON049,15.21,AUD
7930,2023-10-07T15:41:24Z,2023-10-07,38833,856,Franchise,Cash,COUPON036,0.67,EUR
7931,2024-03-25T04:18:51Z,2024-03-25,52687,908,Retail,Gift Card,COUPON002,22.80,AUD
7932,2024-07-19T03:25:11Z,2024-07-19,66669,4273,Online,Gift Card,COUPON019,34.83,USD
7933,2023-05-06T05:22:33Z,2023-05-06,23248,4046,Retail,Credit Card,COUPON026,34.15,USD
7934,2023-05-13T15:04:01Z,2023-05-13,7798,1230,Online,Credit Card,COUPON020,8.79,USD
7935,2023-02-03T22:18:10Z,2023-02-03,3830,2340,Online,Gift Card,COUPON027,18.06,EUR
7936,2023-10-12T18:01:22Z,2023-10-12,57456,3596,Franchise,Credit Card,COUPON042,26.98,EUR
7937,2023-03-23T04:46:19Z,2023-03-23,14321,3051,Online,PayPal,COUPON008,11.59,AUD
7938,2024-10-01T00:14:11Z,2024-10-01,36375,742,Franchise,Credit Card,COUPON042,4.88,EUR
7939,2024-06-14T22:31:50Z,2024-06-14,62843,4044,Online,Afterpay,COUPON042,11.70,USD
7940,2024-05-08T00:39:59Z,2024-05-08,39357,824,Online,Gift Card,COUPON026,1.63,AUD
7941,2023-05-15T14:58:02Z,2023-05-15,50570,4365,Online,PayPal,COUPON027,42.33,EUR
7942,2024-08-10T08:13:49Z,2024-08-10,10036,795,Franchise,Cash,COUPON022,36.76,USD
7943,2024-03-31T00:29:46Z,2024-03-31,70454,4711,Online,Afterpay,COUPON013,4.60,AUD
7944,2023-01-10T15:59:04Z,2023-01-10,52513,4276,Retail,Afterpay,COUPON038,45.50,AUD
7945,2024-01-03T09:57:41Z,2024-01-03,89789,5357,Online,Credit Card,COUPON039,0.04,EUR
7946,2024-04-28T20:20:20Z,2024-04-28,58148,2259,Online,PayPal,COUPON048,30.14,EUR
7947,2024-06-08T16:33:54Z,2024-06-08,74746,4217,Franchise,Gift Card,COUPON046,46.46,AUD
7948,2023-02-17T08:06:22Z,2023-02-17,79454,65,Franchise,Cash,COUPON020,24.05,EUR
7949,2024-09-08T05:47:13Z,2024-09-08,3151,258,Online,PayPal,COUPON024,49.68,AUD
7950,2024-06-13T07:03:50Z,2024-06-13,47398,2739,Franchise,PayPal,COUPON044,19.57,USD
7951,2024-08-22T22:48:49Z,2024-08-22,2648,930,Franchise,Afterpay,COUPON029,15.08,EUR
7952,2023-11-13T00:10:43Z,2023-11-13,65259,2231,Franchise,Cash,COUPON023,19.29,AUD
7953,2023-06-21T01:38:59Z,2023-06-21,59816,446,Franchise,Cash,COUPON026,16.95,USD
7954,2024-07-03T04:37:30Z,2024-07-03,63143,472,Franchise,Afterpay,COUPON038,16.32,USD
7955,2024-07-14T00:16:38Z,2024-07-14,51656,1846,Online,Credit Card,COUPON032,14.40,EUR
7956,2023-02-11T03:50:31Z,2023-02-11,77960,4208,Retail,Credit Card,COUPON018,24.40,EUR
7957,2023-05-11T07:54:56Z,2023-05-11,27617,4263,Retail,PayPal,COUPON002,31.73,USD
7958,2023-02-17T04:52:41Z,2023-02-17,55494,499,Retail,Afterpay,COUPON009,20.51,USD
7959,2024-09-09T01:05:49Z,2024-09-09,68932,389,Franchise,Cash,COUPON050,3.19,EUR
7960,2023-05-25T17:26:09Z,2023-05-25,71332,1208,Franchise,Credit Card,COUPON006,25.62,USD
7961,2024-02-05T04:41:44Z,2024-02-05,963,2997,Retail,Cash,COUPON008,12.74,AUD
7962,2023-06-12T15:30:20Z,2023-06-12,11846,3949,Online,Afterpay,COUPON011,30.69,AUD
7963,2023-06-27T20:26:10Z,2023-06-27,60125,995,Franchise,Afterpay,COUPON013,32.95,EUR
7964,2023-04-14T15:57:18Z,2023-04-14,44969,3660,Franchise,Credit Card,COUPON018,27.25,USD
7965,2023-04-30T21:26:05Z,2023-04-30,43834,2526,Franchise,Cash,COUPON001,48.98,EUR
7966,2023-07-06T12:42:17Z,2023-07-06,30548,780,Retail,Credit Card,COUPON019,44.11,USD
7967,2023-03-05T08:48:28Z,2023-03-05,41013,2019,Online,Cash,COUPON034,14.96,AUD
7968,2023-11-12T22:13:30Z,2023-11-12,5214,496,Franchise,Cash,,45.57,USD
7969,2024-04-15T23:04:53Z,2024-04-15,71504,2357,Franchise,Cash,COUPON011,3.12,EUR
7970,2023-03-12T12:20:36Z,2023-03-12,58294,409,Online,Cash,COUPON028,47.07,USD
7971,2024-07-21T11:49:47Z,2024-07-21,25930,3328,Online,Gift Card,COUPON024,23.08,EUR
7972,2023-12-17T22:03:10Z,2023-12-17,72940,872,Retail,PayPal,COUPON022,39.00,EUR
7973,2024-06-24T20:51:16Z,2024-06-24,47567,1109,Franchise,Afterpay,COUPON021,19.48,AUD
7974,2024-08-05T02:44:49Z,2024-08-05,36953,1186,Retail,Credit Card,COUPON020,3.24,EUR
7975,2023-10-25T05:48:51Z,2023-10-25,75781,1684,Online,Afterpay,COUPON028,8.08,USD
7976,2023-03-15T21:10:45Z,2023-03-15,67391,2333,Retail,Gift Card,COUPON031,7.64,EUR
7977,2024-05-20T15:33:37Z,2024-05-20,48904,1517,Franchise,Cash,COUPON028,9.07,USD
7978,2023-08-07T00:06:17Z,2023-08-07,67107,2282,Retail,Cash,COUPON029,11.02,USD
7979,2023-08-25T02:47:42Z,2023-08-25,1127,4595,Online,Afterpay,COUPON008,14.03,AUD
7980,2023-10-17T12:20:23Z,2023-10-17,62455,3065,Retail,Credit Card,COUPON016,36.09,USD
7981,2024-08-31T02:01:25Z,2024-08-31,21601,4978,Franchise,Afterpay,COUPON033,41.91,AUD
7982,2023-03-08T05:58:12Z,2023-03-08,30729,3317,Online,Gift Card,COUPON010,10.22,AUD
7983,2024-01-06T13:09:10Z,2024-01-06,5230,1966,Franchise,Cash,COUPON041,16.82,USD
7984,2023-01-17T07:18:05Z,2023-01-17,4021,4193,Franchise,Gift Card,COUPON050,36.33,EUR
7985,2023-07-19T15:10:23Z,2023-07-19,72762,1537,Online,Cash,COUPON001,37.67,EUR
7986,2024-06-20T09:18:34Z,2024-06-20,6886,2573,Retail,PayPal,COUPON039,35.38,EUR
7987,2024-04-03T14:31:29Z,2024-04-03,8640,1559,Online,Afterpay,COUPON025,40.57,EUR
7988,2023-01-04T17:34:29Z,2023-01-04,79348,2245,Retail,PayPal,COUPON036,44.35,EUR
7989,2023-10-03T14:06:47Z,2023-10-03,38390,458,Retail,PayPal,COUPON018,15.75,EUR
7990,2023-05-16T00:16:02Z,2023-05-16,10306,688,Online,PayPal,COUPON012,38.88,USD
7991,2023-01-05T03:46:25Z,2023-01-05,46835,944,Retail,PayPal,COUPON012,30.35,USD
7992,2024-04-23T12:53:11Z,2024-04-23,24535,2546,Franchise,Afterpay,COUPON021,23.68,AUD
7993,2024-05-25T16:53:47Z,2024-05-25,50144,427,Retail,Afterpay,COUPON045,17.64,USD
7994,2024-05-03T19:37:04Z,2024-05-03,26489,375,Franchise,Cash,COUPON024,11.68,EUR
7995,2023-10-01T19:56:53Z,2023-10-01,54890,1505,Online,PayPal,COUPON050,0.38,EUR
7996,2024-05-05T19:49:55Z,2024-05-05,3673,1867,Online,PayPal,COUPON040,41.84,AUD
7997,2024-08-07T22:19:47Z,2024-08-07,52619,4180,Franchise,Credit Card,COUPON043,0.55,EUR
7998,2024-05-24T17:41:03Z,2024-05-24,77043,1876,Franchise,Afterpay,COUPON016,18.02,USD
7999,2023-03-09T18:23:18Z,2023-03-09,63519,290,Online,Cash,COUPON042,20.11,AUD
8000,2023-04-22T11:52:01Z,2023-04-22,76331,4400,Online,Gift Card,COUPON039,16.14,EUR
8001,2023-03-26T08:34:37Z,2023-03-26,64815,4211,Franchise,Gift Card,COUPON030,1.08,AUD
8002,2023-05-16T11:57:39Z,2023-05-16,41587,4959,Retail,PayPal,COUPON048,47.28,EUR
8003,2023-10-06T00:50:17Z,2023-10-06,74553,4421,Online,PayPal,COUPON013,41.44,USD
8004,2023-10-15T09:23:04Z,2023-10-15,42892,4174,Online,PayPal,COUPON011,18.12,AUD
8005,2024-01-25T10:31:30Z,2024-01-25,36815,1902,Online,PayPal,COUPON049,30.92,EUR
8006,2023-12-31T01:55:32Z,2023-12-31,73394,3942,Retail,PayPal,COUPON030,14.10,USD
8007,2023-09-02T02:00:36Z,2023-09-02,45152,2712,Retail,Afterpay,COUPON009,36.90,AUD
8008,2023-07-24T17:22:52Z,2023-07-24,54777,4442,Franchise,Credit Card,COUPON015,33.22,AUD
8009,2024-01-01T01:43:04Z,2024-01-01,24029,3093,Retail,Credit Card,COUPON013,22.98,AUD
8010,2024-03-12T01:18:19Z,2024-03-12,57315,3647,Retail,Afterpay,COUPON009,22.91,USD
8011,2023-04-14T21:36:48Z,2023-04-14,33134,1532,Franchise,PayPal,COUPON047,14.43,EUR
8012,2024-08-04T01:54:36Z,2024-08-04,29900,1581,Retail,Gift Card,COUPON008,3.17,EUR
8013,2023-01-10T06:37:55Z,2023-01-10,28980,2815,Online,Credit Card,COUPON024,19.22,AUD
8014,2024-07-03T19:39:29Z,2024-07-03,32021,3285,Retail,PayPal,COUPON029,25.91,EUR
4361,2024-09-14T04:56:53Z,2024-09-14,63967,3726,Retail,Gift Card,COUPON024,30.47,USD
8016,2024-04-21T18:17:34Z,2024-04-21,65210,977,Franchise,Cash,COUPON021,30.75,EUR
8017,2024-03-17T12:12:08Z,2024-03-17,71008,2689,Franchise,Gift Card,COUPON019,19.30,AUD
8018,2024-01-20T10:09:07Z,2024-01-20,9827,2459,Retail,Cash,COUPON027,8.84,AUD
8019,2023-10-10T18:16:19Z,2023-10-10,28408,3839,Franchise,Afterpay,COUPON025,0.48,USD
8020,2023-08-20T15:42:55Z,2023-08-20,9076,622,Franchise,PayPal,COUPON033,3.95,AUD
8021,2024-01-05T13:13:05Z,2024-01-05,53100,3651,Franchise,Afterpay,COUPON014,36.88,EUR
8022,2023-09-27T17:01:31Z,2023-09-27,59367,1541,Online,PayPal,COUPON018,37.56,AUD
8023,2024-09-18T23:30:52Z,2024-09-18,69860,2016,Online,Credit Card,COUPON029,18.27,USD
8024,2024-09-22T10:30:06Z,2024-09-22,39825,2646,Retail,PayPal,COUPON039,13.93,AUD
8025,2024-03-22T11:18:59Z,2024-03-22,21904,984,Online,Cash,COUPON026,4.09,USD
8026,2024-03-10T23:40:50Z,2024-03-10,47053,4184,Franchise,Cash,COUPON046,41.81,USD
8027,2024-05-01T18:57:29Z,2024-05-01,36955,2553,Retail,Credit Card,COUPON022,35.37,EUR
8028,2023-01-04T11:55:16Z,2023-01-04,55528,3146,Retail,Afterpay,COUPON026,34.00,EUR
8029,2023-06-17T14:04:38Z,2023-06-17,76211,3129,Online,Afterpay,COUPON038,41.06,EUR
8030,2023-07-09T20:12:10Z,2023-07-09,78089,4504,Franchise,Gift Card,COUPON020,21.17,EUR
8031,2023-08-24T01:37:24Z,2023-08-24,76414,3209,Retail,PayPal,COUPON042,29.22,EUR
8032,2023-03-01T20:03:25Z,2023-03-01,61076,3443,Online,Gift Card,COUPON021,26.85,AUD
8033,2024-02-01T07:51:39Z,2024-02-01,1793,1452,Online,Afterpay,COUPON013,10.03,AUD
8034,2024-05-22T08:29:56Z,2024-05-22,54138,942,Online,Gift Card,COUPON035,40.35,USD
8035,2023-11-10T19:01:50Z,2023-11-10,34080,4028,Franchise,Gift Card,COUPON026,16.99,USD
8036,2023-08-11T20:06:41Z,2023-08-11,63356,1453,Online,Afterpay,COUPON006,37.47,AUD
8037,2024-07-31T10:58:01Z,2024-07-31,56017,290,Online,PayPal,COUPON031,35.18,AUD
8038,2024-05-27T10:56:49Z,2024-05-27,68907,3101,Online,Cash,COUPON048,39.96,AUD
8039,2023-07-13T00:34:53Z,2023-07-13,36180,4703,Online,PayPal,COUPON024,16.38,USD
8040,2023-09-05T12:38:09Z,2023-09-05,48292,3341,Franchise,Gift Card,COUPON046,8.25,EUR
8041,2023-01-13T10:00:06Z,2023-01-13,64341,2462,Retail,Credit Card,COUPON045,30.98,AUD
8042,2024-01-10T21:59:11Z,2024-01-10,13906,2161,Retail,Afterpay,COUPON046,49.25,USD
8043,2024-03-01T04:45:29Z,2024-03-01,60918,1321,Online,Credit Card,COUPON004,46.44,AUD
8044,2024-05-11T12:50:33Z,2024-05-11,5138,4870,Franchise,Cash,COUPON032,0.23,AUD
8045,2023-03-04T08:48:04Z,2023-03-04,24732,3244,Franchise,Cash,COUPON023,1.80,USD
8046,2023-06-03T09:58:03Z,2023-06-03,19353,3905,Retail,Afterpay,COUPON037,24.68,EUR
8047,2024-07-18T00:42:55Z,2024-07-18,29762,2829,Franchise,Gift Card,COUPON042,41.70,AUD
8048,2023-04-15T00:10:10Z,2023-04-15,21406,4652,Retail,Afterpay,COUPON029,48.50,EUR
8049,2023-07-16T00:50:21Z,2023-07-16,72126,1361,Online,Cash,COUPON016,19.17,EUR
8050,2024-02-14T20:15:58Z,2024-02-14,75470,1753,Franchise,Credit Card,COUPON018,27.29,AUD
8051,2024-04-13T12:37:41Z,2024-04-13,4827,436,Online,Afterpay,COUPON043,45.77,EUR
8052,2024-05-23T10:40:18Z,2024-05-23,67884,790,Franchise,Afterpay,COUPON045,42.68,EUR
8053,2024-06-22T00:03:18Z,2024-06-22,72563,1651,Retail,Cash,COUPON032,41.36,EUR
8054,2023-12-20T17:16:27Z,2023-12-20,27952,2616,Retail,Credit Card,COUPON006,4.09,USD
8055,2023-05-19T06:04:29Z,2023-05-19,54591,2330,Online,Cash,COUPON011,0.08,EUR
8056,2023-03-11T07:23:45Z,2023-03-11,42841,1959,Online,Afterpay,COUPON034,6.42,AUD
8057,2023-02-03T06:54:13Z,2023-02-03,15119,1573,Online,Afterpay,COUPON005,4.44,AUD
8058,2023-03-05T08:20:54Z,2023-03-05,14988,4736,Franchise,Cash,COUPON038,27.27,AUD
8059,2023-05-09T04:57:55Z,2023-05-09,33880,1774,Franchise,Cash,COUPON004,35.61,EUR
8060,2023-11-11T00:46:49Z,2023-11-11,47796,3425,Franchise,Gift Card,COUPON002,1.79,AUD
8061,2024-08-04T09:23:51Z,2024-08-04,34628,4862,Online,Credit Card,COUPON010,37.72,EUR
8062,2023-10-19T21:04:42Z,2023-10-19,73874,2302,Franchise,Credit Card,COUPON029,37.73,USD
8063,2024-02-22T04:02:06Z,2024-02-22,67142,4982,Franchise,Afterpay,COUPON050,11.55,AUD
8064,2024-04-19T12:10:23Z,2024-04-19,32014,2836,Retail,Cash,COUPON027,38.93,EUR
8065,2023-10-05T11:08:50Z,2023-10-05,12880,2477,Online,Gift Card,COUPON039,16.17,USD
8066,2023-05-16T16:54:50Z,2023-05-16,41090,836,Online,Gift Card,COUPON009,31.53,USD
8067,2024-09-23T02:06:10Z,2024-09-23,24638,713,Retail,Cash,COUPON024,24.19,AUD
8068,2024-05-26T15:28:32Z,2024-05-26,26025,2896,Online,Credit Card,COUPON006,45.02,USD
8069,2024-02-06T06:14:21Z,2024-02-06,5565,295,Franchise,Cash,COUPON037,47.25,AUD
8070,2023-12-08T11:25:31Z,2023-12-08,20986,2882,Retail,PayPal,COUPON033,26.12,EUR
8071,2023-05-22T08:49:55Z,2023-05-22,58936,1784,Franchise,Gift Card,COUPON039,6.92,EUR
8072,2024-04-23T06:06:37Z,2024-04-23,63395,1325,Online,PayPal,COUPON007,17.74,AUD
8073,2023-11-07T13:17:04Z,2023-11-07,53406,3682,Retail,Afterpay,COUPON048,11.63,EUR
8074,2023-12-05T07:19:39Z,2023-12-05,8303,4511,Online,Gift Card,COUPON001,27.76,EUR
8075,2024-07-30T01:24:15Z,2024-07-30,34847,3593,Online,Afterpay,COUPON024,47.17,AUD
8076,2023-03-30T17:31:32Z,2023-03-30,28967,1568,Franchise,PayPal,COUPON021,4.45,USD
8077,2024-07-05T12:58:01Z,2024-07-05,5417,32,Franchise,PayPal,COUPON001,36.91,AUD
8078,2024-05-29T00:31:20Z,2024-05-29,9890,263,Online,Gift Card,COUPON022,29.39,EUR
8079,2024-01-10T16:02:10Z,2024-01-10,69623,4661,Franchise,Cash,COUPON010,12.74,AUD
8080,2024-02-23T10:36:19Z,2024-02-23,55838,4055,Franchise,Cash,COUPON008,41.72,EUR
8081,2023-03-14T02:21:04Z,2023-03-14,19885,2857,Franchise,PayPal,COUPON049,47.59,EUR
8082,2023-01-23T20:01:05Z,2023-01-23,47549,4095,Retail,Afterpay,COUPON035,14.57,USD
8083,2023-09-16T09:36:52Z,2023-09-16,72222,3762,Retail,Cash,COUPON025,2.61,USD
8084,2024-01-06T14:22:03Z,2024-01-06,66768,62,Online,Credit Card,COUPON021,44.02,USD
8085,2023-07-10T01:21:15Z,2023-07-10,52382,2926,Retail,PayPal,COUPON029,13.53,EUR
8086,2023-03-27T11:12:41Z,2023-03-27,22969,3330,Franchise,Gift Card,COUPON033,5.01,AUD
8087,2023-05-14T14:48:40Z,2023-05-14,43320,849,Online,Gift Card,COUPON013,0.74,USD
8088,2023-02-21T08:53:09Z,2023-02-21,37012,425,Retail,PayPal,COUPON016,28.91,USD
8089,2024-02-03T16:02:48Z,2024-02-03,79899,386,Retail,PayPal,COUPON009,10.27,AUD
8090,2023-04-03T16:49:58Z,2023-04-03,11482,3845,Franchise,PayPal,COUPON016,35.11,AUD
8091,2023-05-10T06:38:42Z,2023-05-10,38605,3921,Franchise,Afterpay,COUPON011,3.84,AUD
8092,2023-01-14T19:29:12Z,2023-01-14,24409,4594,Retail,Afterpay,COUPON010,39.73,AUD
8093,2023-02-22T12:32:32Z,2023-02-22,36517,2897,Online,Gift Card,COUPON029,44.65,AUD
8094,2023-10-02T17:56:48Z,2023-10-02,43400,2717,Retail,Cash,COUPON021,42.17,EUR
8095,2023-08-07T19:31:07Z,2023-08-07,36718,2426,Franchise,Gift Card,COUPON041,45.55,AUD
8096,2024-08-29T01:03:29Z,2024-08-29,39092,1803,Online,PayPal,COUPON007,28.74,USD
8097,2024-03-02T00:59:08Z,2024-03-02,58544,4475,Online,Cash,COUPON032,37.00,AUD
8098,2023-06-09T10:20:02Z,2023-06-09,44409,4028,Franchise,PayPal,COUPON013,48.01,AUD
8099,2024-08-31T00:30:22Z,2024-08-31,47335,3788,Online,Afterpay,COUPON020,20.33,AUD
8100,2023-05-23T00:55:20Z,2023-05-23,60311,2540,Online,Gift Card,COUPON023,5.19,USD
8101,2023-12-03T01:57:33Z,2023-12-03,24135,2641,Retail,Gift Card,COUPON029,7.82,AUD
8102,2023-03-13T17:54:24Z,2023-03-13,6812,1353,Retail,Afterpay,COUPON023,30.18,AUD
8103,2024-01-17T00:27:29Z,2024-01-17,18735,4274,Retail,PayPal,COUPON022,25.23,USD
8104,2024-09-05T17:06:55Z,2024-09-05,76194,4185,Retail,Afterpay,COUPON022,25.18,AUD
8105,2024-08-04T16:36:28Z,2024-08-04,6224,3452,Retail,Cash,COUPON047,39.63,EUR
8106,2023-09-17T21:20:04Z,2023-09-17,50544,2306,Franchise,Cash,COUPON041,8.05,AUD
8107,2024-07-31T18:57:53Z,2024-07-31,28985,2854,Franchise,Cash,COUPON023,8.69,AUD
8108,2024-05-23T09:05:11Z,2024-05-23,16370,802,Retail,Cash,COUPON017,5.65,EUR
8109,2024-06-28T09:13:24Z,2024-06-28,17475,622,Online,Credit Card,COUPON019,9.37,USD
8110,2023-12-07T12:55:03Z,2023-12-07,1444,4760,Franchise,Afterpay,COUPON042,35.16,AUD
8111,2024-05-12T09:52:32Z,2024-05-12,69537,1690,Franchise,Credit Card,COUPON004,36.17,USD
8112,2023-06-23T18:34:09Z,2023-06-23,28445,1052,Franchise,Cash,COUPON004,19.18,AUD
8113,2024-06-20T05:37:42Z,2024-06-20,68380,4785,Franchise,Afterpay,COUPON025,30.26,AUD
8114,2023-02-19T23:12:22Z,2023-02-19,77793,3517,Online,Cash,COUPON012,37.56,EUR
8115,2023-02-24T03:47:28Z,2023-02-24,53022,1841,Franchise,PayPal,COUPON014,18.00,USD
8116,2023-05-29T01:16:48Z,2023-05-29,12348,497,Franchise,PayPal,COUPON021,4.77,AUD
8117,2023-09-09T17:41:32Z,2023-09-09,27762,514,Retail,Gift Card,COUPON029,28.41,AUD
8118,2023-06-27T02:17:50Z,2023-06-27,63443,97,Franchise,Afterpay,COUPON028,28.32,EUR
8119,2023-01-12T07:55:40Z,2023-01-12,35265,2089,Franchise,Cash,COUPON025,29.39,AUD
8120,2024-09-28T23:05:59Z,2024-09-28,47863,1869,Franchise,PayPal,COUPON035,46.68,EUR
8121,2023-09-12T02:27:01Z,2023-09-12,68910,3551,Franchise,Credit Card,COUPON050,28.12,AUD
8122,2023-11-20T23:11:50Z,2023-11-20,26932,2596,Online,Afterpay,COUPON008,38.56,USD
8123,2023-02-07T08:16:14Z,2023-02-07,36554,4299,Retail,PayPal,COUPON019,47.62,AUD
8124,2024-02-04T05:46:51Z,2024-02-04,24873,4977,Online,Credit Card,COUPON010,14.16,AUD
8125,2023-05-28T19:46:34Z,2023-05-28,25772,2651,Retail,PayPal,COUPON035,15.62,AUD
8126,2023-12-01T19:07:39Z,2023-12-01,49939,295,Retail,Credit Card,COUPON005,49.90,USD
8127,2023-05-04T10:26:08Z,2023-05-04,39458,2217,Online,Afterpay,COUPON022,42.64,USD
8128,2024-03-20T16:00:13Z,2024-03-20,4201,198,Online,PayPal,COUPON029,5.20,EUR
8129,2024-08-22T22:33:49Z,2024-08-22,51044,3620,Online,PayPal,COUPON026,5.72,EUR
8130,2023-02-26T13:29:54Z,2023-02-26,26963,3204,Retail,Cash,COUPON036,22.95,USD
8131,2024-03-02T00:43:06Z,2024-03-02,14299,797,Retail,Credit Card,COUPON010,32.87,AUD
8132,2024-04-29T11:57:17Z,2024-04-29,1013,71,Retail,Afterpay,COUPON045,0.76,AUD
8133,2024-05-03T01:56:51Z,2024-05-03,76607,1621,Retail,Afterpay,COUPON004,49.50,AUD
8134,2023-06-02T09:42:30Z,2023-06-02,11933,1808,Franchise,Cash,COUPON021,12.85,EUR
8135,2024-05-06T01:57:35Z,2024-05-06,78737,1103,Online,Afterpay,COUPON012,36.22,AUD
8136,2023-11-04T03:04:32Z,2023-11-04,7304,4332,Online,Afterpay,,7.16,AUD
8137,2023-07-16T04:34:05Z,2023-07-16,49883,1068,Retail,Cash,COUPON036,40.52,EUR
8138,2023-05-16T22:53:07Z,2023-05-16,35663,577,Franchise,Afterpay,COUPON003,32.41,USD
8139,2023-10-19T22:46:21Z,2023-10-19,7048,1866,Online,Cash,COUPON048,48.45,USD
8140,2023-10-20T16:00:00Z,2023-10-20,8103,2138,Franchise,Credit Card,,9.70,AUD
8141,2023-10-05T10:59:28Z,2023-10-05,34390,1825,Online,Gift Card,COUPON038,8.52,EUR
8142,2023-04-17T19:10:58Z,2023-04-17,75290,15,Franchise,Afterpay,COUPON021,3.02,USD
8143,2024-09-16T11:38:52Z,2024-09-16,51660,2446,Retail,Cash,COUPON014,27.55,USD
8144,2024-05-24T06:22:19Z,2024-05-24,12954,3564,Online,Cash,COUPON049,9.35,EUR
8145,2024-04-28T04:13:28Z,2024-04-28,38296,3037,Franchise,Credit Card,COUPON013,23.12,EUR
8146,2024-07-14T03:28:51Z,2024-07-14,15659,3105,Franchise,PayPal,COUPON015,47.84,USD
8147,2023-12-20T12:41:37Z,2023-12-20,30588,1942,Retail,Gift Card,COUPON035,1.27,USD
8148,2023-09-23T21:58:25Z,2023-09-23,53318,1939,Franchise,Afterpay,COUPON013,36.25,USD
8149,2024-05-22T01:36:47Z,2024-05-22,69432,4023,Franchise,Credit Card,COUPON037,33.83,USD
8150,2023-04-28T10:07:22Z,2023-04-28,42417,4112,Online,PayPal,COUPON029,13.87,AUD
8151,2023-09-13T17:37:44Z,2023-09-13,29156,4300,Retail,PayPal,COUPON040,25.48,EUR
8152,2023-06-07T01:33:13Z,2023-06-07,45097,2246,Franchise,Cash,COUPON034,22.44,AUD
8153,2023-07-03T22:18:23Z,2023-07-03,45906,4652,Online,Cash,COUPON026,16.48,USD
8154,2023-07-16T16:15:26Z,2023-07-16,72868,2810,Franchise,Credit Card,COUPON008,5.49,AUD
8155,2023-05-31T14:30:18Z,2023-05-31,32743,567,Online,Afterpay,COUPON044,16.23,EUR
8156,2024-09-23T16:25:09Z,2024-09-23,42048,2304,Franchise,Afterpay,COUPON019,13.49,AUD
8157,2024-03-30T08:10:52Z,2024-03-30,5213,4356,Retail,Credit Card,COUPON028,28.80,EUR
8158,2024-01-16T16:03:53Z,2024-01-16,7767,4524,Franchise,Afterpay,COUPON022,2.54,EUR
8159,2024-04-02T04:18:12Z,2024-04-02,50083,3647,Retail,Cash,COUPON036,13.63,AUD
8160,2024-08-08T22:48:35Z,2024-08-08,31514,4969,Retail,Cash,COUPON035,10.60,USD
8161,2024-02-20T21:52:41Z,2024-02-20,43739,3861,Franchise,PayPal,COUPON033,48.57,AUD
8162,2024-08-26T04:44:07Z,2024-08-26,10907,3679,Retail,Credit Card,COUPON029,33.65,AUD
8163,2023-05-11T01:57:11Z,2023-05-11,60119,98,Retail,Credit Card,COUPON022,2.20,AUD
8164,2023-04-16T01:56:22Z,2023-04-16,25650,4732,Franchise,Afterpay,COUPON041,18.05,EUR
8165,2024-08-19T00:36:52Z,2024-08-19,73946,123,Franchise,Afterpay,COUPON035,4.05,USD
8166,2023-01-26T22:09:19Z,2023-01-26,28777,1048,Franchise,Gift Card,COUPON038,43.76,AUD
8167,2023-09-14T15:31:38Z,2023-09-14,36436,685,Retail,Cash,COUPON044,26.65,EUR
8168,2023-05-18T04:52:24Z,2023-05-18,47983,4691,Franchise,Gift Card,COUPON023,28.82,USD
8169,2024-02-17T17:21:07Z,2024-02-17,89468,5631,Online,Afterpay,COUPON046,37.66,EUR
8170,2023-05-26T14:22:57Z,2023-05-26,73117,3571,Retail,Cash,COUPON027,30.60,AUD
8171,2023-05-10T14:57:42Z,2023-05-10,33661,554,Retail,PayPal,COUPON012,46.60,USD
8172,2024-02-03T02:34:11Z,2024-02-03,79352,1337,Franchise,Gift Card,COUPON005,6.99,EUR
8173,2024-08-17T14:35:49Z,2024-08-17,22992,4459,Franchise,Gift Card,COUPON050,8.63,EUR
8174,2024-04-09T08:33:10Z,2024-04-09,58894,1629,Retail,Credit Card,COUPON036,35.64,AUD
8175,2023-05-11T20:08:12Z,2023-05-11,4650,3810,Retail,Gift Card,COUPON010,13.87,EUR
8176,2024-04-14T12:57:16Z,2024-04-14,62760,3026,Franchise,PayPal,COUPON032,27.07,AUD
8177,2023-06-29T00:47:26Z,2023-06-29,71300,1794,Retail,Credit Card,COUPON020,37.89,AUD
8178,2024-08-19T12:06:22Z,2024-08-19,63411,2049,Franchise,Credit Card,COUPON016,21.86,USD
8179,2023-08-06T23:49:42Z,2023-08-06,22919,274,Franchise,Cash,COUPON022,47.73,USD
8180,2023-08-21T01:45:53Z,2023-08-21,40647,74,Online,Afterpay,COUPON009,39.44,USD
8181,2024-08-01T09:22:36Z,2024-08-01,61012,684,Online,Gift Card,COUPON025,37.29,AUD
8182,2024-04-03T02:52:49Z,2024-04-03,64822,849,Franchise,PayPal,COUPON013,22.36,USD
8183,2023-03-08T15:03:00Z,2023-03-08,33382,3873,Franchise,Gift Card,COUPON001,46.95,EUR
8184,2023-10-26T14:09:54Z,2023-10-26,41269,1861,Franchise,Gift Card,COUPON012,17.67,USD
8185,2024-04-30T13:24:22Z,2024-04-30,77767,2778,Franchise,Credit Card,COUPON010,12.16,AUD
8186,2024-07-06T10:53:50Z,2024-07-06,46000,4859,Online,Afterpay,COUPON049,24.82,USD
8187,2024-03-28T08:53:58Z,2024-03-28,43279,1072,Franchise,Cash,COUPON031,17.62,AUD
8188,2023-11-21T05:58:52Z,2023-11-21,84414,5943,Retail,PayPal,COUPON020,33.95,USD
8189,2023-02-27T19:55:16Z,2023-02-27,73205,2079,Retail,PayPal,COUPON030,7.72,EUR
8190,2023-08-06T11:18:26Z,2023-08-06,16394,4468,Retail,Afterpay,COUPON041,15.41,EUR
8191,2023-12-16T23:04:51Z,2023-12-16,5125,873,Franchise,Credit Card,COUPON025,30.13,USD
8192,2024-03-22T01:39:55Z,2024-03-22,73525,3821,Online,Afterpay,COUPON013,47.34,EUR
8193,2024-09-08T12:11:46Z,2024-09-08,65114,4049,Retail,Afterpay,COUPON006,25.96,USD
8194,2024-02-16T06:32:01Z,2024-02-16,13410,1935,Online,PayPal,COUPON009,4.45,EUR
8195,2023-01-18T14:18:30Z,2023-01-18,68263,4732,Retail,Credit Card,COUPON020,44.54,EUR
8196,2024-06-13T03:38:58Z,2024-06-13,19344,4936,Franchise,Credit Card,COUPON043,48.86,AUD
8197,2023-07-17T12:21:46Z,2023-07-17,74661,1601,Franchise,PayPal,COUPON025,1.57,USD
8198,2023-06-13T15:03:09Z,2023-06-13,27494,4040,Retail,Credit Card,COUPON047,6.66,EUR
8199,2023-06-21T07:29:45Z,2023-06-21,20121,478,Retail,Credit Card,,17.88,EUR
8200,2023-03-31T12:16:43Z,2023-03-31,36133,1995,Retail,Credit Card,COUPON047,35.82,EUR
8201,2023-10-21T23:47:05Z,2023-10-21,21812,2063,Retail,Gift Card,COUPON034,29.68,EUR
8202,2023-03-18T11:21:10Z,2023-03-18,60888,2438,Online,Cash,COUPON029,22.93,AUD
8203,2024-06-08T03:41:18Z,2024-06-08,13492,1217,Franchise,PayPal,COUPON033,16.70,AUD
8204,2024-04-08T21:49:46Z,2024-04-08,7455,3054,Retail,Cash,COUPON032,27.01,AUD
8205,2024-08-20T13:12:04Z,2024-08-20,11522,4487,Retail,Afterpay,COUPON041,20.25,EUR
8206,2023-11-18T10:52:24Z,2023-11-18,19995,312,Retail,Gift Card,COUPON035,7.02,EUR
8207,2024-05-09T06:14:54Z,2024-05-09,47725,1614,Online,PayPal,COUPON023,6.20,USD
8208,2023-06-13T19:06:12Z,2023-06-13,51600,994,Retail,Afterpay,COUPON020,7.02,EUR
8209,2023-06-16T15:37:58Z,2023-06-16,10930,4363,Online,Afterpay,COUPON016,3.89,AUD
8210,2023-07-31T10:23:49Z,2023-07-31,50007,4973,Franchise,Afterpay,COUPON031,32.99,EUR
8211,2023-04-10T20:23:22Z,2023-04-10,3992,4407,Retail,PayPal,COUPON049,29.32,USD
8212,2024-03-19T00:45:52Z,2024-03-19,5602,3042,Online,Cash,COUPON009,0.23,AUD
8213,2024-03-26T06:10:33Z,2024-03-26,42328,4301,Online,Cash,COUPON045,20.25,EUR
8214,2023-07-10T13:07:40Z,2023-07-10,21247,197,Retail,Cash,COUPON016,40.62,USD
8215,2024-04-03T08:23:53Z,2024-04-03,43350,1121,Franchise,PayPal,COUPON025,41.91,USD
8216,2023-06-15T20:17:58Z,2023-06-15,35025,4539,Retail,PayPal,COUPON046,21.74,EUR
8217,2024-01-03T13:21:36Z,2024-01-03,36922,4389,Online,PayPal,COUPON036,32.56,AUD
8218,2023-03-08T10:30:46Z,2023-03-08,57403,4025,Online,Cash,,36.85,EUR
8219,2023-06-19T05:44:37Z,2023-06-19,82475,5772,Online,Cash,COUPON034,18.16,AUD
8220,2024-06-03T10:42:59Z,2024-06-03,78413,797,Franchise,Afterpay,COUPON049,39.80,USD
8221,2024-09-21T12:38:38Z,2024-09-21,32275,4260,Franchise,Cash,COUPON032,12.38,USD
8222,2023-01-24T02:34:02Z,2023-01-24,33459,649,Online,Cash,COUPON036,47.94,USD
8223,2023-02-18T08:28:49Z,2023-02-18,13576,357,Online,Gift Card,COUPON026,32.03,AUD
8224,2023-04-24T01:43:17Z,2023-04-24,9079,1214,Franchise,Afterpay,COUPON036,20.28,AUD
8225,2024-03-16T17:45:05Z,2024-03-16,51209,1263,Online,Credit Card,COUPON046,25.60,AUD
8226,2024-01-09T16:09:25Z,2024-01-09,6818,2383,Online,Cash,COUPON006,48.91,AUD
8227,2024-04-04T18:43:45Z,2024-04-04,23034,4678,Franchise,Afterpay,COUPON050,10.00,USD
8228,2024-08-29T16:31:10Z,2024-08-29,50537,1764,Online,PayPal,COUPON013,45.12,EUR
8229,2023-04-23T19:08:53Z,2023-04-23,44125,1132,Online,PayPal,COUPON048,26.78,USD
8230,2024-09-09T02:32:15Z,2024-09-09,29670,3217,Retail,PayPal,COUPON013,47.65,USD
8231,2023-05-06T17:12:24Z,2023-05-06,42235,1304,Franchise,Credit Card,COUPON041,46.48,USD
8232,2023-08-05T14:41:59Z,2023-08-05,33352,2070,Retail,Cash,COUPON027,36.06,EUR
8233,2024-08-13T18:41:33Z,2024-08-13,42089,2924,Franchise,Credit Card,COUPON039,43.51,AUD
8234,2023-03-13T08:18:20Z,2023-03-13,53726,2608,Retail,PayPal,COUPON039,18.30,USD
8235,2024-04-21T10:48:08Z,2024-04-21,18245,1203,Franchise,Gift Card,COUPON016,49.72,USD
8236,2024-05-06T23:48:59Z,2024-05-06,74838,2693,Online,PayPal,COUPON028,49.57,USD
8237,2023-04-23T09:29:03Z,2023-04-23,9379,4612,Online,PayPal,COUPON029,32.95,USD
8238,2024-02-04T09:51:45Z,2024-02-04,44941,1324,Online,Gift Card,COUPON045,16.35,AUD
8239,2024-02-14T17:47:03Z,2024-02-14,11345,2804,Franchise,PayPal,COUPON042,29.16,USD
8240,2024-07-02T05:54:30Z,2024-07-02,35990,3328,Retail,Gift Card,COUPON017,7.07,AUD
8241,2023-06-18T18:08:45Z,2023-06-18,61203,2118,Online,Credit Card,COUPON009,39.73,EUR
8242,2023-10-24T03:05:16Z,2023-10-24,24819,2735,Franchise,Cash,COUPON022,20.47,USD
8243,2023-12-23T11:18:41Z,2023-12-23,65981,1280,Online,Credit Card,COUPON031,13.63,EUR
8244,2023-03-05T11:12:49Z,2023-03-05,49451,1197,Online,Afterpay,COUPON017,48.90,USD
8245,2023-07-02T10:17:17Z,2023-07-02,76278,2943,Online,Credit Card,COUPON019,40.45,USD
8246,2023-05-16T02:41:45Z,2023-05-16,56787,4393,Online,PayPal,COUPON048,46.71,USD
8247,2024-02-19T10:25:40Z,2024-02-19,56314,575,Retail,Gift Card,COUPON020,45.11,EUR
8248,2024-05-07T08:44:30Z,2024-05-07,15148,1004,Franchise,Afterpay,COUPON021,38.79,AUD
8249,2023-05-01T01:00:20Z,2023-05-01,6898,1481,Online,Cash,COUPON024,28.98,EUR
8250,2023-03-01T08:11:42Z,2023-03-01,56180,1575,Online,Cash,COUPON031,31.57,USD
8251,2023-10-22T04:29:40Z,2023-10-22,65488,4855,Retail,Cash,COUPON042,40.70,USD
8252,2023-06-03T12:36:57Z,2023-06-03,11946,24,Franchise,Credit Card,COUPON021,4.48,USD
8253,2024-09-14T10:05:07Z,2024-09-14,11081,4372,Franchise,Credit Card,COUPON037,18.78,AUD
8254,2024-02-24T11:51:46Z,2024-02-24,61480,334,Franchise,Gift Card,COUPON045,29.59,EUR
8255,2024-03-07T09:10:52Z,2024-03-07,35940,38,Online,PayPal,COUPON010,7.98,EUR
8256,2024-06-06T21:38:50Z,2024-06-06,47674,4910,Retail,Credit Card,COUPON030,25.38,EUR
8257,2023-07-15T19:12:40Z,2023-07-15,1293,2209,Retail,Afterpay,COUPON036,42.23,EUR
8258,2023-10-06T22:53:24Z,2023-10-06,65618,2298,Online,Cash,COUPON050,40.18,EUR
8259,2023-11-13T03:12:14Z,2023-11-13,36715,1395,Franchise,Cash,COUPON044,40.16,EUR
8260,2024-09-28T01:05:46Z,2024-09-28,65427,613,Franchise,Afterpay,COUPON025,20.02,AUD
8261,2023-06-06T17:57:38Z,2023-06-06,45128,2823,Franchise,Credit Card,COUPON014,9.39,EUR
8262,2023-03-22T20:14:54Z,2023-03-22,52984,811,Retail,Gift Card,COUPON025,19.49,USD
8263,2024-04-28T09:34:08Z,2024-04-28,76993,2402,Franchise,Afterpay,COUPON038,25.43,EUR
8264,2023-09-20T11:01:45Z,2023-09-20,3793,3788,Retail,PayPal,COUPON020,0.76,USD
8265,2023-04-04T20:06:57Z,2023-04-04,16955,4634,Online,PayPal,COUPON028,28.65,AUD
8266,2023-02-28T14:25:19Z,2023-02-28,3525,327,Franchise,Gift Card,COUPON028,47.92,EUR
8267,2024-05-23T21:14:10Z,2024-05-23,27679,2227,Retail,Credit Card,COUPON003,8.23,EUR
8268,2024-01-14T10:05:43Z,2024-01-14,63528,3292,Retail,Credit Card,COUPON008,32.31,AUD
8269,2023-04-24T13:07:42Z,2023-04-24,76021,1954,Online,Gift Card,COUPON001,34.61,EUR
8270,2024-07-29T22:56:54Z,2024-07-29,10328,4324,Online,Cash,COUPON039,39.05,EUR
8271,2024-02-19T21:05:56Z,2024-02-19,68660,3480,Retail,Afterpay,COUPON042,35.08,USD
8272,2023-10-12T08:40:00Z,2023-10-12,16364,2328,Retail,PayPal,COUPON027,30.00,AUD
8273,2024-08-08T18:47:50Z,2024-08-08,67667,4838,Franchise,PayPal,COUPON039,19.24,EUR
8274,2024-05-26T21:43:30Z,2024-05-26,49265,4188,Franchise,Gift Card,COUPON008,44.14,AUD
8275,2023-05-21T10:48:57Z,2023-05-21,54760,1459,Retail,Cash,COUPON013,14.18,USD
8276,2024-04-01T11:04:54Z,2024-04-01,34766,1779,Franchise,Credit Card,COUPON047,22.03,EUR
8277,2024-02-07T17:55:02Z,2024-02-07,37239,4334,Franchise,Afterpay,COUPON028,38.91,AUD
8278,2024-09-15T22:50:24Z,2024-09-15,2770,4205,Retail,PayPal,COUPON031,49.89,USD
8279,2024-05-12T04:16:44Z,2024-05-12,54358,3010,Online,Cash,COUPON014,2.32,EUR
8280,2024-04-20T19:12:21Z,2024-04-20,22592,4233,Retail,Cash,COUPON002,24.31,AUD
8281,2023-10-24T11:01:35Z,2023-10-24,25790,3145,Online,Cash,COUPON049,8.21,AUD
8282,2023-01-23T19:30:49Z,2023-01-23,33390,4859,Online,Credit Card,COUPON034,35.95,EUR
8283,2023-09-20T05:15:00Z,2023-09-20,35498,2957,Franchise,PayPal,COUPON010,37.49,AUD
8284,2024-09-30T20:45:39Z,2024-09-30,32236,2583,Online,PayPal,COUPON031,49.04,USD
8285,2024-10-01T15:55:44Z,2024-10-01,72294,132,Franchise,Gift Card,COUPON016,45.44,AUD
8286,2023-05-10T13:35:13Z,2023-05-10,79233,4289,Franchise,PayPal,COUPON041,14.57,AUD
8287,2023-02-19T05:09:53Z,2023-02-19,58382,3435,Franchise,Cash,COUPON041,34.26,EUR
8288,2023-01-04T04:45:07Z,2023-01-04,60013,3548,Online,Credit Card,COUPON046,41.38,EUR
8289,2024-09-12T19:08:13Z,2024-09-12,56166,371,Franchise,PayPal,COUPON041,34.44,USD
8290,2023-09-08T21:51:55Z,2023-09-08,28658,1830,Online,PayPal,COUPON048,37.07,AUD
8291,2023-07-02T21:49:35Z,2023-07-02,40710,1298,Franchise,Gift Card,COUPON036,48.58,USD
8292,2024-08-18T08:11:57Z,2024-08-18,45861,212,Franchise,Gift Card,COUPON050,18.63,EUR
8293,2024-04-27T22:46:08Z,2024-04-27,26772,815,Retail,Credit Card,COUPON026,14.75,EUR
8294,2024-02-27T07:58:50Z,2024-02-27,59094,3973,Online,Cash,COUPON007,17.43,EUR
8295,2024-01-21T04:19:03Z,2024-01-21,26097,4214,Online,Cash,COUPON028,37.11,AUD
8296,2023-09-08T14:11:57Z,2023-09-08,3959,2534,Online,Afterpay,COUPON013,11.98,AUD
8297,2024-05-29T11:37:04Z,2024-05-29,52933,4627,Franchise,Gift Card,COUPON031,12.67,USD
8298,2024-08-24T22:16:30Z,2024-08-24,57181,4706,Retail,Cash,COUPON016,31.20,AUD
8299,2023-06-10T09:52:52Z,2023-06-10,56170,2475,Online,Gift Card,COUPON003,29.30,USD
8300,2024-02-21T14:41:23Z,2024-02-21,23996,2661,Franchise,PayPal,COUPON041,18.57,EUR
8301,2023-11-04T04:52:30Z,2023-11-04,28728,1771,Retail,Credit Card,COUPON015,45.69,AUD
8302,2024-04-15T15:14:33Z,2024-04-15,52532,1958,Franchise,Gift Card,COUPON038,6.17,AUD
8303,2024-01-03T10:00:45Z,2024-01-03,19675,3207,Franchise,Gift Card,COUPON039,11.97,EUR
8304,2023-07-19T19:53:57Z,2023-07-19,30062,1562,Franchise,Gift Card,COUPON040,27.34,AUD
8305,2023-07-02T21:06:55Z,2023-07-02,42787,768,Retail,PayPal,COUPON050,42.70,EUR
8306,2023-06-12T19:31:28Z,2023-06-12,38123,1261,Retail,PayPal,COUPON024,7.06,EUR
8307,2024-01-15T23:36:36Z,2024-01-15,58374,4649,Franchise,Afterpay,COUPON030,39.17,EUR
8308,2023-02-04T16:18:55Z,2023-02-04,74861,3460,Franchise,Afterpay,COUPON025,32.59,USD
8309,2023-06-02T13:29:13Z,2023-06-02,48277,3722,Online,Afterpay,,33.83,AUD
8310,2023-05-10T02:15:29Z,2023-05-10,75687,265,Franchise,PayPal,COUPON042,33.19,USD
8311,2024-07-04T10:46:48Z,2024-07-04,51217,1297,Online,Afterpay,COUPON020,26.77,AUD
8312,2024-02-19T13:57:22Z,2024-02-19,5565,4220,Online,PayPal,COUPON004,22.20,AUD
8313,2024-08-30T07:20:51Z,2024-08-30,24229,839,Online,Afterpay,COUPON008,2.60,USD
8314,2024-03-11T18:34:05Z,2024-03-11,60359,4730,Retail,Cash,COUPON020,26.61,EUR
8315,2024-01-26T07:37:42Z,2024-01-26,68482,1771,Retail,Gift Card,COUPON016,9.45,AUD
8316,2023-01-08T18:46:24Z,2023-01-08,61545,3239,Franchise,Gift Card,COUPON042,24.48,AUD
8317,2023-09-17T05:26:10Z,2023-09-17,15827,892,Online,Credit Card,COUPON029,7.46,AUD
8318,2023-08-24T18:48:43Z,2023-08-24,7145,4538,Franchise,Afterpay,COUPON021,38.31,EUR
8319,2023-08-16T03:49:13Z,2023-08-16,66898,2986,Retail,Cash,COUPON040,5.41,USD
8320,2024-03-13T11:18:04Z,2024-03-13,38436,3957,Online,PayPal,COUPON042,6.33,USD
8321,2023-12-07T23:05:39Z,2023-12-07,44951,2374,Online,Credit Card,COUPON037,40.42,AUD
8322,2024-02-02T22:55:56Z,2024-02-02,32697,1249,Online,Gift Card,COUPON049,36.25,EUR
8323,2024-09-29T22:58:54Z,2024-09-29,1649,4376,Online,Gift Card,COUPON049,33.69,USD
8324,2023-03-20T21:29:59Z,2023-03-20,43106,4643,Franchise,Credit Card,COUPON022,42.02,USD
8325,2023-07-25T21:41:05Z,2023-07-25,68455,1296,Online,Gift Card,COUPON002,31.09,EUR
8326,2023-07-05T11:30:02Z,2023-07-05,1139,2650,Online,Afterpay,COUPON037,11.78,AUD
8327,2023-01-28T20:24:18Z,2023-01-28,22908,2243,Retail,PayPal,COUPON017,25.75,USD
8328,2023-09-18T01:17:30Z,2023-09-18,88414,5949,Franchise,Afterpay,COUPON019,8.87,AUD
8329,2024-08-23T00:38:33Z,2024-08-23,15836,3457,Retail,Gift Card,COUPON029,43.38,USD
8330,2023-09-19T19:48:45Z,2023-09-19,47858,2257,Franchise,Cash,COUPON039,14.00,AUD
8331,2024-03-16T07:31:31Z,2024-03-16,4605,2989,Retail,Credit Card,COUPON034,45.42,EUR
8332,2023-04-29T03:53:10Z,2023-04-29,56610,4936,Franchise,Cash,COUPON020,6.49,EUR
8333,2024-08-18T19:09:20Z,2024-08-18,61495,479,Franchise,Gift Card,COUPON048,2.33,EUR
8334,2024-03-24T21:15:12Z,2024-03-24,58847,3111,Retail,PayPal,COUPON041,41.70,EUR
8335,2023-11-17T16:47:06Z,2023-11-17,70578,3900,Franchise,Afterpay,COUPON012,17.24,EUR
8336,2023-05-03T23:40:38Z,2023-05-03,62393,3559,Retail,Cash,COUPON002,36.88,USD
8337,2024-06-18T15:49:11Z,2024-06-18,13727,2834,Franchise,Credit Card,COUPON049,47.20,EUR
8338,2023-04-27T14:26:32Z,2023-04-27,45296,3009,Online,Credit Card,COUPON013,5.30,AUD
8339,2024-04-05T23:12:35Z,2024-04-05,49832,36,Franchise,Credit Card,COUPON009,15.43,AUD
8340,2024-06-11T00:54:55Z,2024-06-11,4529,191,Online,PayPal,COUPON009,16.78,AUD
8341,2023-01-19T14:12:58Z,2023-01-19,33779,1345,Retail,PayPal,COUPON027,46.63,EUR
8342,2024-03-20T05:08:42Z,2024-03-20,73162,1495,Online,Cash,COUPON038,45.98,AUD
8343,2023-11-19T01:30:13Z,2023-11-19,76814,4891,Retail,Afterpay,COUPON022,7.60,EUR
8344,2024-07-26T00:18:48Z,2024-07-26,56046,1715,Franchise,Cash,COUPON014,37.15,AUD
8345,2024-05-18T10:08:40Z,2024-05-18,9070,1586,Online,Cash,COUPON017,20.58,EUR
8346,2023-10-01T03:50:52Z,2023-10-01,17420,2226,Online,PayPal,COUPON015,11.07,USD
8347,2023-01-15T00:33:21Z,2023-01-15,42934,4921,Online,Afterpay,COUPON046,28.98,AUD
8348,2023-08-18T11:02:06Z,2023-08-18,9244,1647,Retail,Afterpay,COUPON017,43.01,EUR
8349,2024-03-01T20:07:41Z,2024-03-01,21204,4739,Online,Credit Card,COUPON023,4.91,USD
8350,2023-03-08T04:13:15Z,2023-03-08,50470,3879,Retail,Gift Card,COUPON042,43.26,USD
8351,2024-08-10T12:19:31Z,2024-08-10,65093,4423,Franchise,Afterpay,COUPON017,27.01,EUR
8352,2024-04-01T00:03:21Z,2024-04-01,6776,3411,Online,Credit Card,COUPON046,27.26,USD
8353,2023-05-07T20:15:23Z,2023-05-07,37418,3327,Online,Gift Card,COUPON008,42.24,USD
8354,2023-03-26T13:15:14Z,2023-03-26,60050,4258,Franchise,Afterpay,COUPON044,13.47,USD
8355,2023-09-21T15:23:05Z,2023-09-21,38221,2419,Retail,Credit Card,COUPON031,36.32,AUD
8356,2023-06-05T22:37:52Z,2023-06-05,48236,1754,Online,PayPal,COUPON027,29.95,USD
8357,2023-11-18T12:09:09Z,2023-11-18,68494,798,Retail,Cash,COUPON026,49.85,USD
8358,2023-11-17T10:21:47Z,2023-11-17,39143,181,Online,Gift Card,COUPON035,27.64,EUR
8359,2024-04-22T18:26:10Z,2024-04-22,34088,3669,Retail,PayPal,COUPON011,34.22,AUD
8360,2023-07-02T05:04:16Z,2023-07-02,52392,2235,Online,PayPal,COUPON016,23.80,EUR
8361,2024-03-21T20:03:11Z,2024-03-21,52384,1297,Franchise,PayPal,COUPON027,18.92,AUD
8362,2024-02-24T07:07:01Z,2024-02-24,15860,4303,Retail,Credit Card,,4.30,AUD
8363,2024-09-02T17:40:26Z,2024-09-02,520,1865,Franchise,Cash,COUPON023,22.32,USD
8364,2024-05-26T17:05:51Z,2024-05-26,34068,3571,Online,Cash,COUPON014,33.74,AUD
8365,2023-03-13T13:03:35Z,2023-03-13,45603,4093,Retail,PayPal,COUPON049,1.29,USD
8366,2024-02-22T17:34:40Z,2024-02-22,61608,977,Online,Credit Card,COUPON042,33.27,USD
8367,2023-07-19T10:26:01Z,2023-07-19,52508,1474,Franchise,PayPal,COUPON024,7.72,USD
8368,2023-10-08T13:20:49Z,2023-10-08,42771,672,Retail,Gift Card,COUPON040,14.11,EUR
8369,2023-10-25T03:16:21Z,2023-10-25,24151,1730,Franchise,PayPal,COUPON036,15.46,USD
8370,2023-02-07T14:54:48Z,2023-02-07,61647,4289,Retail,Gift Card,COUPON001,14.29,EUR
8371,2023-05-17T11:47:19Z,2023-05-17,19252,3062,Online,Gift Card,COUPON023,39.55,USD
8372,2024-06-21T03:30:23Z,2024-06-21,71628,333,Online,Afterpay,COUPON035,24.95,USD
8373,2023-03-23T17:05:01Z,2023-03-23,15021,1923,Retail,Afterpay,COUPON046,48.75,AUD
8374,2023-07-06T11:40:25Z,2023-07-06,3237,3901,Retail,Cash,COUPON005,32.21,USD
8375,2023-08-29T17:03:22Z,2023-08-29,59941,799,Franchise,Gift Card,COUPON027,47.82,EUR
8376,2024-08-22T10:23:33Z,2024-08-22,27673,900,Franchise,Cash,COUPON013,18.02,USD
8377,2024-05-24T05:47:25Z,2024-05-24,73037,1462,Retail,Afterpay,,25.25,AUD
8378,2023-11-23T08:57:55Z,2023-11-23,2038,3975,Online,PayPal,COUPON048,31.77,AUD
8379,2023-01-19T04:17:54Z,2023-01-19,34173,782,Franchise,Afterpay,COUPON042,26.34,USD
8380,2023-03-11T07:41:35Z,2023-03-11,65283,1278,Retail,Credit Card,COUPON050,20.66,EUR
8381,2023-02-21T13:25:52Z,2023-02-21,32525,2751,Online,Credit Card,COUPON011,29.69,USD
8382,2024-04-26T22:31:46Z,2024-04-26,32043,2485,Franchise,Afterpay,COUPON012,15.14,USD
8383,2023-02-14T21:00:12Z,2023-02-14,2540,3262,Retail,Afterpay,COUPON043,43.79,EUR
8384,2024-09-22T02:31:55Z,2024-09-22,21874,2400,Retail,Credit Card,COUPON017,31.30,USD
8385,2023-01-28T00:50:17Z,2023-01-28,34588,2917,Online,Cash,COUPON035,18.81,USD
8386,2024-09-24T12:21:21Z,2024-09-24,74205,3591,Franchise,Credit Card,COUPON031,47.82,EUR
8387,2023-09-07T09:51:56Z,2023-09-07,44995,2373,Retail,PayPal,COUPON004,7.97,AUD
8388,2024-05-10T14:42:02Z,2024-05-10,5829,3651,Franchise,Cash,COUPON008,30.57,AUD
8389,2024-03-14T15:45:04Z,2024-03-14,6533,4547,Retail,Cash,COUPON002,10.11,USD
8390,2023-08-13T14:17:21Z,2023-08-13,30844,2911,Franchise,PayPal,COUPON036,14.98,EUR
8391,2023-04-20T11:07:30Z,2023-04-20,78346,257,Franchise,Afterpay,COUPON013,15.21,USD
8392,2024-05-08T18:34:42Z,2024-05-08,27924,2125,Online,Credit Card,,47.03,EUR
8393,2023-11-16T13:45:00Z,2023-11-16,59023,494,Franchise,PayPal,COUPON022,34.18,AUD
8394,2024-07-05T22:52:20Z,2024-07-05,11959,3099,Retail,Gift Card,COUPON050,8.84,USD
8395,2023-12-15T11:40:09Z,2023-12-15,476,548,Retail,Cash,COUPON029,15.55,AUD
8396,2023-06-01T20:51:35Z,2023-06-01,20217,1360,Franchise,Credit Card,COUPON033,8.16,USD
8397,2023-08-22T12:20:35Z,2023-08-22,55723,147,Franchise,Gift Card,COUPON003,23.17,EUR
8398,2023-10-22T15:21:34Z,2023-10-22,69262,1270,Retail,PayPal,COUPON024,28.44,USD
8399,2023-05-20T23:09:03Z,2023-05-20,57226,3482,Online,PayPal,COUPON050,32.95,EUR
8400,2023-10-24T05:22:00Z,2023-10-24,17332,2323,Online,Afterpay,COUPON025,10.36,EUR
8401,2023-04-05T10:12:55Z,2023-04-05,65933,3690,Franchise,PayPal,COUPON027,30.01,USD
8402,2023-06-28T07:58:06Z,2023-06-28,44992,431,Franchise,Credit Card,COUPON011,12.08,AUD
8403,2023-06-07T19:34:11Z,2023-06-07,16575,1684,Franchise,PayPal,COUPON044,15.80,AUD
8404,2023-08-03T11:04:13Z,2023-08-03,43911,2731,Franchise,Cash,COUPON050,48.34,USD
8405,2023-05-10T23:59:30Z,2023-05-10,69514,556,Retail,Afterpay,COUPON013,10.11,EUR
8406,2024-07-29T13:35:56Z,2024-07-29,21051,4911,Retail,Gift Card,COUPON019,29.89,EUR
8407,2023-08-01T21:19:14Z,2023-08-01,79376,3233,Franchise,PayPal,COUPON032,6.09,AUD
8408,2023-02-27T17:15:25Z,2023-02-27,24216,289,Retail,Gift Card,COUPON048,17.70,EUR
8409,2023-04-30T07:32:18Z,2023-04-30,17225,1503,Online,Credit Card,COUPON011,49.39,USD
8410,2023-10-07T03:12:39Z,2023-10-07,73400,768,Retail,PayPal,COUPON024,25.68,EUR
8411,2023-11-14T19:23:17Z,2023-11-14,10195,1006,Retail,PayPal,COUPON044,41.15,USD
8412,2024-05-09T04:40:54Z,2024-05-09,31868,2627,Retail,PayPal,COUPON048,43.46,AUD
8413,2023-03-09T13:29:25Z,2023-03-09,6544,3980,Franchise,Credit Card,COUPON026,33.79,AUD
8414,2024-04-30T07:15:55Z,2024-04-30,24316,3939,Franchise,Cash,COUPON044,38.15,AUD
8415,2024-07-05T23:47:23Z,2024-07-05,58242,3489,Retail,Cash,COUPON032,2.14,EUR
8416,2024-01-07T08:44:13Z,2024-01-07,14254,793,Franchise,PayPal,COUPON017,47.71,USD
8417,2024-09-04T00:59:39Z,2024-09-04,75480,1623,Online,Gift Card,COUPON012,25.51,USD
8418,2024-01-29T09:11:07Z,2024-01-29,31898,3889,Retail,Credit Card,COUPON049,13.98,EUR
8419,2023-07-01T06:03:36Z,2023-07-01,42734,3172,Franchise,Credit Card,COUPON020,38.60,USD
8420,2024-02-14T04:48:25Z,2024-02-14,18222,4870,Franchise,PayPal,COUPON003,43.92,USD
8421,2023-07-22T19:22:58Z,2023-07-22,54354,3441,Online,PayPal,COUPON010,41.74,EUR
8422,2024-08-10T20:04:51Z,2024-08-10,51072,1017,Franchise,Gift Card,COUPON033,36.60,USD
8423,2023-10-30T22:44:53Z,2023-10-30,71320,1363,Retail,Afterpay,COUPON041,18.84,EUR
8424,2024-01-01T06:32:58Z,2024-01-01,31430,1492,Franchise,Credit Card,COUPON031,42.48,EUR
8425,2024-07-08T17:43:42Z,2024-07-08,67364,943,Online,Credit Card,COUPON048,49.48,USD
8426,2024-01-06T17:44:57Z,2024-01-06,43667,3783,Online,Cash,COUPON003,49.93,USD
8427,2023-11-12T21:06:02Z,2023-11-12,11836,4803,Retail,Cash,COUPON002,30.71,USD
8428,2024-09-14T19:37:31Z,2024-09-14,38468,4789,Online,Afterpay,COUPON041,38.07,EUR
8429,2023-04-25T08:29:26Z,2023-04-25,26112,2887,Retail,Gift Card,COUPON021,36.55,USD
8430,2023-10-25T11:10:54Z,2023-10-25,71215,4162,Franchise,Afterpay,COUPON041,34.96,AUD
8431,2023-07-27T18:22:33Z,2023-07-27,36108,2064,Retail,Afterpay,COUPON041,30.57,EUR
8432,2024-04-05T17:28:51Z,2024-04-05,18697,218,Franchise,Cash,COUPON006,26.35,USD
8433,2024-01-06T06:11:27Z,2024-01-06,71243,1768,Online,Gift Card,COUPON012,18.37,EUR
8434,2023-11-17T05:28:38Z,2023-11-17,34039,305,Online,Credit Card,COUPON047,18.71,USD
8435,2024-05-06T03:12:55Z,2024-05-06,3918,4031,Franchise,PayPal,COUPON049,17.30,USD
8436,2023-05-15T16:23:43Z,2023-05-15,78718,2542,Online,PayPal,,32.35,EUR
8437,2024-07-11T23:21:01Z,2024-07-11,14695,863,Retail,Cash,COUPON050,31.50,USD
8438,2024-03-09T06:08:55Z,2024-03-09,5525,477,Online,Gift Card,COUPON045,0.31,USD
8439,2024-02-03T15:40:35Z,2024-02-03,67870,3210,Retail,Cash,COUPON006,15.39,USD
8440,2024-04-27T14:14:58Z,2024-04-27,20290,3869,Retail,Afterpay,COUPON012,25.57,EUR
8441,2023-12-04T07:21:31Z,2023-12-04,84540,5580,Retail,Credit Card,COUPON048,19.71,AUD
8442,2023-02-22T01:44:08Z,2023-02-22,53851,4674,Online,PayPal,COUPON011,41.47,EUR
8443,2023-05-11T14:51:08Z,2023-05-11,16576,209,Online,Gift Card,COUPON035,19.59,EUR
8444,2024-09-01T19:33:57Z,2024-09-01,19864,785,Retail,Afterpay,COUPON006,2.35,USD
8445,2023-02-25T08:32:06Z,2023-02-25,71141,4744,Franchise,Gift Card,COUPON020,38.31,USD
8446,2023-09-17T00:40:54Z,2023-09-17,374,2859,Franchise,Cash,COUPON019,30.14,AUD
8447,2023-11-15T11:00:00Z,2023-11-15,61334,2422,Retail,Gift Card,COUPON048,34.68,EUR
8448,2023-11-13T18:08:08Z,2023-11-13,62457,1891,Franchise,Cash,COUPON036,39.24,USD
8449,2023-08-15T12:23:31Z,2023-08-15,41373,2747,Online,Cash,COUPON034,41.52,EUR
8450,2023-12-12T22:50:16Z,2023-12-12,78264,1400,Franchise,PayPal,COUPON003,17.68,USD
8451,2023-03-07T10:16:02Z,2023-03-07,67828,4925,Online,Afterpay,COUPON008,40.56,USD
8452,2023-11-14T12:31:28Z,2023-11-14,16888,4795,Online,Afterpay,COUPON004,47.89,EUR
8453,2024-07-27T14:23:18Z,2024-07-27,6136,269,Retail,Cash,COUPON035,18.14,AUD
8454,2023-06-29T03:10:18Z,2023-06-29,13901,568,Franchise,Cash,COUPON025,28.82,AUD
8455,2023-12-03T01:26:38Z,2023-12-03,14010,171,Online,PayPal,COUPON030,25.59,EUR
8456,2023-08-10T01:02:47Z,2023-08-10,3034,3462,Franchise,Cash,COUPON044,3.62,USD
8457,2023-05-22T16:51:12Z,2023-05-22,72203,406,Franchise,Cash,COUPON004,22.48,AUD
8458,2023-06-15T17:22:13Z,2023-06-15,3554,1620,Retail,Credit Card,COUPON050,33.42,EUR
8459,2024-07-16T07:24:11Z,2024-07-16,78687,387,Franchise,Cash,COUPON011,40.46,EUR
8460,2024-06-14T04:18:09Z,2024-06-14,76348,76,Online,Cash,COUPON045,9.82,AUD
8461,2024-05-20T10:08:49Z,2024-05-20,42415,2883,Franchise,PayPal,COUPON003,29.71,AUD
8462,2024-07-19T23:32:13Z,2024-07-19,57758,4217,Retail,PayPal,COUPON021,48.83,AUD
8463,2024-05-08T15:23:41Z,2024-05-08,58230,4599,Retail,PayPal,COUPON044,24.45,EUR
8464,2024-03-18T01:37:01Z,2024-03-18,48807,835,Retail,Afterpay,COUPON004,28.96,EUR
8465,2023-08-04T10:43:50Z,2023-08-04,23097,1753,Retail,Cash,COUPON002,37.74,EUR
8466,2023-07-20T23:34:46Z,2023-07-20,14586,4671,Online,PayPal,COUPON050,32.95,AUD
8467,2024-09-26T10:37:47Z,2024-09-26,68747,1258,Retail,Cash,COUPON031,48.91,USD
8468,2023-04-17T21:12:43Z,2023-04-17,24729,4781,Franchise,Credit Card,COUPON007,41.55,USD
8469,2024-06-21T02:49:05Z,2024-06-21,41351,2619,Retail,Gift Card,COUPON002,37.27,AUD
8470,2024-01-06T20:03:36Z,2024-01-06,40342,3165,Retail,Credit Card,COUPON020,3.41,USD
8471,2024-02-27T04:42:02Z,2024-02-27,32821,4046,Franchise,Afterpay,COUPON031,15.76,USD
8472,2023-05-14T13:57:56Z,2023-05-14,66853,3259,Online,Gift Card,COUPON038,12.18,AUD
8473,2024-03-14T11:48:56Z,2024-03-14,37193,369,Franchise,Cash,COUPON048,39.51,AUD
8474,2023-06-01T12:06:15Z,2023-06-01,11625,1889,Franchise,Afterpay,COUPON029,48.53,EUR
8475,2024-03-24T17:22:34Z,2024-03-24,46822,4090,Retail,PayPal,COUPON035,45.44,AUD
8476,2024-08-21T10:39:24Z,2024-08-21,17556,3463,Retail,Gift Card,COUPON029,17.03,AUD
8477,2024-09-06T17:26:26Z,2024-09-06,37826,4998,Retail,Gift Card,COUPON007,45.71,AUD
8478,2023-04-02T10:39:02Z,2023-04-02,44230,813,Retail,Cash,COUPON009,3.82,AUD
8479,2023-10-14T12:23:32Z,2023-10-14,20131,4429,Retail,Cash,COUPON036,23.52,EUR
8480,2024-06-03T04:26:11Z,2024-06-03,49543,1525,Retail,Cash,COUPON014,22.17,AUD
8481,2023-01-02T02:50:53Z,2023-01-02,47259,1656,Franchise,Gift Card,COUPON020,20.25,EUR
8482,2024-04-28T04:52:26Z,2024-04-28,78725,4320,Franchise,Cash,COUPON029,7.98,USD
8483,2024-08-04T11:25:39Z,2024-08-04,42481,1696,Retail,Gift Card,COUPON025,44.69,EUR
8484,2024-06-08T14:55:26Z,2024-06-08,58386,1212,Online,Gift Card,COUPON029,39.64,USD
8485,2023-08-30T12:30:15Z,2023-08-30,30856,3561,Online,Credit Card,COUPON048,46.29,USD
8486,2024-01-15T01:59:19Z,2024-01-15,33847,3847,Online,Afterpay,COUPON019,24.23,EUR
8487,2024-09-26T12:06:07Z,2024-09-26,16657,921,Retail,PayPal,COUPON017,35.58,AUD
8488,2023-08-30T04:29:31Z,2023-08-30,45084,2190,Retail,Credit Card,COUPON020,42.48,AUD
8489,2023-02-04T04:54:08Z,2023-02-04,57244,3620,Franchise,Afterpay,COUPON004,36.45,USD
8490,2023-08-12T20:07:28Z,2023-08-12,24646,3883,Retail,Afterpay,COUPON031,7.75,AUD
8491,2024-08-03T11:24:54Z,2024-08-03,3047,3929,Retail,Credit Card,COUPON009,3.64,AUD
8492,2024-06-26T15:05:28Z,2024-06-26,36059,2923,Retail,PayPal,COUPON025,5.65,AUD
8493,2023-06-13T09:38:33Z,2023-06-13,59483,4030,Franchise,Credit Card,COUPON005,21.79,AUD
8494,2024-04-18T19:42:46Z,2024-04-18,40724,222,Online,Afterpay,COUPON040,15.49,USD
8495,2023-01-28T23:42:25Z,2023-01-28,75528,2867,Online,Credit Card,COUPON041,44.13,USD
8496,2023-06-20T08:19:37Z,2023-06-20,36039,3965,Franchise,Cash,COUPON006,9.02,USD
8497,2024-03-01T04:29:44Z,2024-03-01,40262,3320,Online,Cash,COUPON029,23.39,USD
8498,2024-04-20T17:45:00Z,2024-04-20,65792,2928,Online,Gift Card,COUPON045,35.87,EUR
8499,2024-06-04T12:11:06Z,2024-06-04,42630,4915,Online,Cash,COUPON041,15.47,EUR
8500,2024-07-28T13:31:25Z,2024-07-28,63494,942,Online,Afterpay,COUPON018,25.04,USD
8501,2023-04-26T09:06:43Z,2023-04-26,70547,1686,Online,Credit Card,COUPON034,0.29,AUD
8502,2024-02-19T10:50:36Z,2024-02-19,68379,1228,Franchise,PayPal,COUPON004,14.23,AUD
8503,2023-11-22T22:48:19Z,2023-11-22,38797,1696,Franchise,Afterpay,COUPON014,3.67,AUD
8504,2024-02-21T17:24:07Z,2024-02-21,36410,406,Retail,Credit Card,COUPON006,43.23,USD
8505,2023-11-12T23:43:54Z,2023-11-12,10170,461,Franchise,PayPal,COUPON046,40.91,AUD
8506,2023-10-12T05:10:59Z,2023-10-12,44732,1799,Franchise,Afterpay,COUPON012,26.27,USD
8507,2024-02-07T04:46:03Z,2024-02-07,31981,2262,Franchise,Cash,COUPON045,21.82,USD
8508,2023-08-30T00:09:38Z,2023-08-30,31105,4435,Retail,Credit Card,COUPON018,8.87,USD
8509,2024-09-10T04:11:27Z,2024-09-10,22827,3088,Franchise,Cash,COUPON008,14.32,AUD
8510,2023-12-02T18:18:16Z,2023-12-02,37141,4432,Online,Cash,COUPON011,30.33,USD
8511,2023-09-29T03:01:12Z,2023-09-29,50768,1990,Franchise,Afterpay,COUPON018,13.65,EUR
8512,2023-05-05T22:38:36Z,2023-05-05,12534,4297,Franchise,Gift Card,COUPON005,27.34,EUR
8513,2023-09-27T01:37:32Z,2023-09-27,18898,162,Franchise,PayPal,COUPON021,9.38,EUR
8514,2023-09-06T23:38:52Z,2023-09-06,6792,1658,Online,PayPal,COUPON019,37.99,AUD
8515,2024-08-14T07:56:13Z,2024-08-14,3098,391,Franchise,Cash,COUPON033,31.02,EUR
8516,2024-02-29T01:35:31Z,2024-02-29,68264,4502,Franchise,Afterpay,COUPON034,36.18,USD
8517,2023-09-02T01:59:38Z,2023-09-02,79264,4383,Retail,Gift Card,COUPON037,35.35,AUD
8518,2023-05-24T02:27:27Z,2023-05-24,29846,3415,Retail,PayPal,COUPON015,23.24,EUR
8519,2023-05-21T00:03:54Z,2023-05-21,49074,1729,Retail,Credit Card,COUPON039,22.51,AUD
8520,2024-01-30T06:50:02Z,2024-01-30,29034,1401,Online,Cash,COUPON009,7.74,AUD
8521,2023-11-30T05:48:39Z,2023-11-30,15931,1168,Franchise,PayPal,COUPON037,37.57,USD
8522,2023-11-24T02:28:05Z,2023-11-24,46566,2720,Online,Gift Card,COUPON020,12.36,AUD
8523,2024-06-10T08:34:58Z,2024-06-10,66253,2881,Online,PayPal,COUPON002,11.62,EUR
8524,2023-01-14T01:57:04Z,2023-01-14,14084,1240,Online,Afterpay,COUPON025,26.96,EUR
8525,2023-01-02T06:13:00Z,2023-01-02,83023,5670,Franchise,Cash,COUPON032,26.12,USD
8526,2024-04-09T03:52:52Z,2024-04-09,71810,2235,Franchise,Credit Card,COUPON010,13.09,USD
8527,2023-05-29T21:48:14Z,2023-05-29,53995,3268,Franchise,Gift Card,COUPON048,21.09,USD
8528,2023-03-14T21:33:53Z,2023-03-14,37047,2239,Retail,Gift Card,COUPON009,26.29,USD
8529,2023-01-25T22:43:18Z,2023-01-25,31661,821,Online,Gift Card,COUPON040,0.93,EUR
8530,2023-08-06T04:36:48Z,2023-08-06,76828,4653,Online,Credit Card,COUPON017,14.62,AUD
8531,2023-07-02T20:09:22Z,2023-07-02,25050,4876,Online,Afterpay,COUPON006,48.85,AUD
8532,2023-07-16T21:45:22Z,2023-07-16,12953,26,Franchise,Afterpay,COUPON009,3.83,EUR
8533,2023-04-07T18:04:55Z,2023-04-07,55453,247,Online,Afterpay,COUPON007,6.85,USD
8534,2024-09-14T22:08:23Z,2024-09-14,52237,2304,Online,Afterpay,COUPON014,31.13,AUD
8535,2024-06-08T10:08:19Z,2024-06-08,55082,205,Online,Cash,COUPON002,5.55,EUR
8536,2023-05-24T21:34:05Z,2023-05-24,11676,2146,Online,PayPal,COUPON042,24.43,USD
8537,2024-07-26T03:16:13Z,2024-07-26,43677,802,Retail,Credit Card,COUPON046,39.65,EUR
8538,2024-08-31T13:39:31Z,2024-08-31,53770,4631,Online,Credit Card,COUPON046,47.44,EUR
8539,2024-09-02T12:25:06Z,2024-09-02,49789,4137,Franchise,Afterpay,COUPON036,36.72,AUD
8540,2023-08-12T11:40:02Z,2023-08-12,79110,3204,Online,Gift Card,COUPON002,43.24,AUD
8541,2024-06-08T05:01:59Z,2024-06-08,69922,4921,Online,PayPal,COUPON008,36.25,USD
8542,2023-01-09T01:39:41Z,2023-01-09,42652,523,Online,PayPal,COUPON003,7.33,AUD
8543,2024-05-08T18:29:58Z,2024-05-08,4604,777,Franchise,Cash,COUPON035,35.56,AUD
8544,2023-05-19T18:50:00Z,2023-05-19,73401,2339,Online,PayPal,COUPON020,15.14,AUD
8545,2024-03-02T12:27:45Z,2024-03-02,28710,310,Franchise,Gift Card,COUPON036,44.38,USD
8546,2024-01-25T10:29:20Z,2024-01-25,65774,4552,Franchise,PayPal,COUPON033,10.44,EUR
8547,2024-01-10T20:54:47Z,2024-01-10,35177,2703,Franchise,Afterpay,COUPON043,44.82,AUD
8548,2023-11-23T03:02:02Z,2023-11-23,43546,3359,Retail,Cash,COUPON016,7.87,USD
8549,2024-02-26T02:43:06Z,2024-02-26,34477,2241,Franchise,Gift Card,COUPON040,27.36,USD
8550,2023-10-10T03:13:55Z,2023-10-10,72525,4684,Franchise,Afterpay,COUPON001,44.43,AUD
8551,2023-08-23T22:40:41Z,2023-08-23,14255,2534,Retail,PayPal,COUPON050,2.44,AUD
8552,2023-02-10T06:27:28Z,2023-02-10,16410,3758,Online,PayPal,COUPON010,21.32,USD
8553,2023-01-10T15:59:26Z,2023-01-10,3910,1968,Franchise,Credit Card,COUPON004,42.86,AUD
8554,2023-06-21T11:12:39Z,2023-06-21,63689,2942,Franchise,Gift Card,COUPON019,30.62,EUR
8555,2024-08-22T19:30:46Z,2024-08-22,7502,3420,Retail,Afterpay,COUPON024,24.08,USD
8556,2024-06-04T15:50:08Z,2024-06-04,33800,3746,Franchise,Credit Card,COUPON032,26.16,EUR
8557,2023-01-15T21:32:30Z,2023-01-15,46826,542,Online,Afterpay,COUPON005,3.00,USD
8558,2023-09-19T15:47:17Z,2023-09-19,36271,1871,Online,Cash,COUPON001,5.92,AUD
8559,2023-10-22T02:28:51Z,2023-10-22,45263,3786,Online,PayPal,COUPON042,32.74,EUR
8560,2023-08-18T21:03:45Z,2023-08-18,3061,2002,Online,Credit Card,COUPON040,11.38,USD
8561,2023-07-03T04:54:37Z,2023-07-03,49326,798,Online,Cash,COUPON028,3.26,EUR
8562,2024-01-08T22:29:26Z,2024-01-08,47131,3137,Retail,Cash,COUPON035,43.75,USD
8563,2023-02-15T15:21:14Z,2023-02-15,74441,415,Retail,Credit Card,COUPON039,8.11,AUD
8564,2023-08-06T04:08:01Z,2023-08-06,77832,2985,Franchise,Credit Card,COUPON006,38.45,EUR
8565,2024-03-07T15:32:17Z,2024-03-07,66691,624,Franchise,Gift Card,COUPON010,24.57,EUR
8566,2023-09-18T08:45:18Z,2023-09-18,13115,390,Franchise,Gift Card,COUPON046,20.14,EUR
8567,2023-09-18T02:00:38Z,2023-09-18,75441,3929,Franchise,Credit Card,COUPON013,21.77,EUR
8568,2023-06-04T04:03:31Z,2023-06-04,19335,1329,Franchise,Afterpay,COUPON017,0.37,AUD
8569,2024-07-29T04:05:15Z,2024-07-29,34457,1175,Franchise,Afterpay,COUPON018,30.40,EUR
8570,2023-08-16T14:40:52Z,2023-08-16,21156,1916,Retail,Cash,COUPON010,41.48,USD
8571,2023-12-20T12:18:45Z,2023-12-20,76612,3441,Retail,PayPal,COUPON025,0.52,USD
8572,2023-02-09T01:28:36Z,2023-02-09,34125,2045,Franchise,Afterpay,COUPON049,9.67,USD
8573,2023-04-23T07:44:34Z,2023-04-23,46750,339,Online,Afterpay,COUPON044,0.50,AUD
8574,2023-08-23T11:41:18Z,2023-08-23,16409,448,Online,Cash,COUPON046,19.15,AUD
8575,2024-08-31T14:35:09Z,2024-08-31,30455,2916,Online,Cash,COUPON046,10.59,EUR
8576,2023-05-18T17:31:48Z,2023-05-18,37692,628,Retail,Afterpay,COUPON020,49.99,AUD
8577,2024-05-13T13:52:00Z,2024-05-13,68439,3149,Online,PayPal,COUPON003,13.01,AUD
8578,2024-04-25T10:29:10Z,2024-04-25,21720,2174,Franchise,Afterpay,COUPON008,6.92,USD
8579,2023-08-06T23:09:31Z,2023-08-06,45010,1576,Franchise,Afterpay,COUPON003,43.71,AUD
8580,2024-07-02T06:26:36Z,2024-07-02,4908,1685,Franchise,Credit Card,COUPON041,25.92,EUR
8581,2023-05-25T10:56:04Z,2023-05-25,53071,806,Online,Cash,COUPON050,42.18,EUR
8582,2024-07-09T04:42:22Z,2024-07-09,48593,1772,Online,Afterpay,COUPON024,24.15,AUD
8583,2023-07-02T09:04:05Z,2023-07-02,17672,661,Retail,PayPal,COUPON021,39.26,USD
8584,2023-08-14T08:36:09Z,2023-08-14,47545,4598,Retail,Gift Card,COUPON023,5.60,USD
8585,2023-08-08T02:50:39Z,2023-08-08,25286,3656,Franchise,Gift Card,COUPON037,29.06,EUR
8586,2024-04-13T03:16:15Z,2024-04-13,75073,5,Online,Afterpay,COUPON045,31.71,AUD
8587,2023-10-31T20:20:30Z,2023-10-31,5411,2546,Franchise,Afterpay,COUPON016,42.52,USD
8588,2023-02-28T08:51:28Z,2023-02-28,15722,4070,Online,Cash,COUPON038,16.99,USD
8589,2024-07-06T19:07:59Z,2024-07-06,54745,3623,Online,Credit Card,COUPON037,43.83,EUR
8590,2024-03-25T11:26:49Z,2024-03-25,47513,2741,Franchise,Afterpay,COUPON038,21.97,AUD
8591,2023-10-05T06:27:23Z,2023-10-05,2210,945,Online,Cash,COUPON022,45.94,EUR
8592,2024-09-16T09:00:41Z,2024-09-16,51202,2962,Online,Afterpay,COUPON006,15.28,EUR
8593,2023-03-07T16:19:57Z,2023-03-07,53110,4039,Online,Gift Card,COUPON017,21.08,AUD
8594,2023-05-18T10:04:14Z,2023-05-18,6681,956,Online,Gift Card,COUPON008,31.54,USD
8595,2023-11-16T04:45:00Z,2023-11-16,78772,2258,Franchise,Afterpay,COUPON027,39.79,USD
8596,2024-01-25T00:19:11Z,2024-01-25,55047,1391,Franchise,Credit Card,COUPON033,46.88,AUD
8597,2023-11-18T10:24:04Z,2023-11-18,31249,318,Online,PayPal,COUPON018,21.04,AUD
8598,2023-08-09T03:42:48Z,2023-08-09,55360,979,Franchise,Afterpay,COUPON038,15.47,EUR
8599,2024-03-29T12:59:32Z,2024-03-29,70414,4318,Online,Cash,COUPON014,21.52,USD
8600,2023-08-01T17:37:59Z,2023-08-01,20270,662,Franchise,Gift Card,COUPON048,7.20,EUR
8601,2024-02-25T16:59:00Z,2024-02-25,31790,2606,Retail,Cash,COUPON005,46.46,AUD
8602,2023-02-21T06:40:02Z,2023-02-21,66016,4772,Online,Gift Card,COUPON028,36.82,EUR
8603,2024-04-15T02:15:27Z,2024-04-15,53541,4125,Online,Cash,COUPON034,15.34,EUR
8604,2024-03-06T02:13:28Z,2024-03-06,69440,1871,Online,Credit Card,COUPON046,38.78,AUD
8605,2023-02-08T19:25:36Z,2023-02-08,19034,3349,Retail,Credit Card,COUPON033,37.04,EUR
8606,2024-06-07T04:08:08Z,2024-06-07,25191,2213,Retail,Gift Card,COUPON015,17.44,EUR
8607,2023-06-23T21:14:01Z,2023-06-23,40589,2737,Online,PayPal,COUPON045,11.70,EUR
8608,2024-04-26T06:29:47Z,2024-04-26,57412,1263,Online,Credit Card,COUPON035,40.29,AUD
8609,2023-04-30T19:22:52Z,2023-04-30,40909,3454,Online,Gift Card,COUPON008,7.91,USD
8610,2023-05-16T09:33:53Z,2023-05-16,73548,820,Franchise,Credit Card,COUPON023,33.56,AUD
8611,2023-08-23T03:40:16Z,2023-08-23,24979,2749,Retail,PayPal,COUPON047,20.06,AUD
8612,2024-03-16T16:37:55Z,2024-03-16,36026,1399,Retail,Afterpay,COUPON044,43.21,USD
8613,2023-07-17T22:38:20Z,2023-07-17,35264,1028,Franchise,Cash,COUPON019,10.14,USD
8614,2024-06-09T23:12:18Z,2024-06-09,1439,3381,Franchise,Afterpay,COUPON030,38.59,USD
8615,2023-03-07T08:09:41Z,2023-03-07,38999,4840,Online,PayPal,COUPON034,40.82,AUD
8616,2023-02-21T16:25:05Z,2023-02-21,6664,1910,Franchise,Credit Card,COUPON050,48.84,AUD
8617,2023-04-18T15:00:33Z,2023-04-18,40877,4575,Franchise,PayPal,COUPON012,15.76,USD
8618,2023-03-26T16:32:13Z,2023-03-26,44569,4622,Online,Gift Card,COUPON007,16.30,AUD
8619,2023-09-16T13:45:41Z,2023-09-16,50927,703,Retail,Gift Card,COUPON017,7.41,USD
8620,2024-06-30T18:12:12Z,2024-06-30,40696,1050,Retail,Gift Card,COUPON050,30.08,EUR
8621,2023-07-17T23:19:57Z,2023-07-17,63808,2981,Online,Afterpay,COUPON030,30.72,AUD
8622,2023-02-10T16:07:55Z,2023-02-10,77415,2615,Online,Gift Card,COUPON018,38.87,USD
8623,2023-05-04T10:03:07Z,2023-05-04,76641,1983,Online,Credit Card,COUPON011,2.80,USD
8624,2023-08-04T08:14:06Z,2023-08-04,7926,3300,Retail,Gift Card,COUPON040,24.70,AUD
8625,2024-09-04T16:47:55Z,2024-09-04,66077,3151,Franchise,Credit Card,COUPON036,9.40,EUR
8626,2024-03-07T01:31:42Z,2024-03-07,10871,4800,Retail,Cash,COUPON034,31.77,USD
8627,2023-04-08T13:28:06Z,2023-04-08,5734,3525,Retail,Cash,COUPON019,18.85,EUR
8628,2023-05-08T21:26:21Z,2023-05-08,20459,653,Franchise,Afterpay,COUPON021,8.95,USD
8629,2023-03-27T04:09:28Z,2023-03-27,53431,4155,Online,Credit Card,COUPON019,9.75,AUD
8630,2024-01-07T11:13:41Z,2024-01-07,1343,2031,Retail,Credit Card,COUPON028,0.39,EUR
8631,2023-07-31T22:15:55Z,2023-07-31,62789,2464,Retail,Afterpay,COUPON007,3.86,USD
8632,2023-06-26T20:45:48Z,2023-06-26,60670,2262,Retail,Credit Card,COUPON016,49.95,AUD
8633,2023-11-26T11:56:01Z,2023-11-26,32155,1088,Online,PayPal,COUPON012,5.23,USD
8634,2023-11-16T08:45:06Z,2023-11-16,57478,4454,Online,Credit Card,COUPON020,32.55,EUR
8635,2023-01-11T21:06:13Z,2023-01-11,42769,458,Franchise,Afterpay,COUPON007,41.44,EUR
8636,2024-02-18T15:17:57Z,2024-02-18,66512,509,Franchise,Cash,COUPON010,41.34,USD
8637,2024-01-23T09:54:36Z,2024-01-23,13730,3823,Retail,PayPal,COUPON046,15.87,USD
8638,2023-08-24T10:01:35Z,2023-08-24,48999,3117,Retail,Cash,COUPON012,35.42,USD
8639,2024-09-19T09:18:02Z,2024-09-19,3243,4767,Franchise,Credit Card,COUPON003,36.22,AUD
8640,2024-09-14T22:13:28Z,2024-09-14,41285,1382,Online,Afterpay,COUPON035,37.78,AUD
8641,2023-09-27T19:35:28Z,2023-09-27,58910,4133,Retail,Gift Card,COUPON030,21.70,EUR
8642,2023-05-18T08:32:07Z,2023-05-18,48521,3630,Online,Afterpay,COUPON001,0.63,USD
8643,2023-12-31T12:21:40Z,2023-12-31,20506,4706,Retail,Afterpay,COUPON031,34.36,AUD
8644,2024-02-25T14:54:29Z,2024-02-25,64409,4283,Franchise,Cash,COUPON006,15.65,EUR
8645,2024-09-19T18:14:37Z,2024-09-19,10411,1823,Online,Afterpay,COUPON028,36.37,USD
8646,2024-08-30T20:47:30Z,2024-08-30,49052,4077,Online,Afterpay,COUPON049,31.52,EUR
8647,2024-02-10T21:01:54Z,2024-02-10,9911,4511,Online,Credit Card,COUPON011,5.50,EUR
8648,2024-05-08T22:51:29Z,2024-05-08,28122,972,Retail,Afterpay,COUPON021,38.99,USD
8649,2024-03-28T15:27:50Z,2024-03-28,30203,2042,Franchise,Gift Card,COUPON050,12.99,USD
8650,2024-03-22T01:58:21Z,2024-03-22,32273,167,Online,Afterpay,COUPON001,38.26,AUD
8651,2024-07-19T14:32:49Z,2024-07-19,58891,2453,Retail,Gift Card,COUPON022,43.68,USD
8652,2024-06-05T11:32:44Z,2024-06-05,47517,4145,Retail,Gift Card,COUPON034,48.47,USD
8653,2023-09-24T09:26:59Z,2023-09-24,11187,179,Franchise,PayPal,COUPON037,20.22,EUR
8654,2023-06-02T19:12:23Z,2023-06-02,24081,698,Retail,Cash,COUPON046,17.34,USD
8655,2023-01-20T22:55:49Z,2023-01-20,24621,4676,Retail,PayPal,COUPON042,32.77,AUD
8656,2023-05-08T18:28:42Z,2023-05-08,74013,2286,Retail,PayPal,COUPON032,37.93,USD
8657,2023-06-26T09:50:36Z,2023-06-26,63241,1363,Franchise,Gift Card,COUPON026,17.90,USD
8658,2023-02-04T00:44:51Z,2023-02-04,501,2218,Online,Afterpay,COUPON034,17.41,USD
8659,2023-05-04T01:50:50Z,2023-05-04,40885,4789,Online,Afterpay,COUPON023,44.44,EUR
8660,2023-08-05T08:55:53Z,2023-08-05,39824,4788,Retail,Credit Card,COUPON007,37.13,USD
8661,2024-08-09T15:14:55Z,2024-08-09,2972,3548,Retail,PayPal,COUPON047,40.60,AUD
8662,2023-02-20T19:39:49Z,2023-02-20,43785,4738,Online,Afterpay,COUPON009,48.26,EUR
8663,2024-07-12T10:52:01Z,2024-07-12,6372,1990,Franchise,Gift Card,COUPON028,17.98,USD
8664,2024-07-11T05:37:06Z,2024-07-11,51443,4397,Online,Cash,COUPON003,1.54,EUR
8665,2023-10-03T17:38:27Z,2023-10-03,76945,3619,Online,PayPal,COUPON021,41.36,EUR
8666,2023-05-18T21:37:18Z,2023-05-18,33104,4993,Franchise,Credit Card,COUPON015,30.14,AUD
8667,2024-06-14T16:39:20Z,2024-06-14,48979,1266,Online,Afterpay,COUPON004,45.76,USD
8668,2024-09-14T09:28:40Z,2024-09-14,2353,1961,Retail,Gift Card,COUPON016,14.12,EUR
8669,2023-07-06T04:16:38Z,2023-07-06,55962,3855,Franchise,Credit Card,COUPON005,26.00,USD
8670,2023-07-06T21:44:41Z,2023-07-06,77696,375,Retail,PayPal,,41.23,AUD
8671,2024-07-07T06:20:34Z,2024-07-07,17211,3251,Retail,Credit Card,COUPON044,26.58,EUR
8672,2024-05-24T14:51:13Z,2024-05-24,59214,1538,Retail,Gift Card,COUPON037,37.87,EUR
8673,2024-02-22T09:51:36Z,2024-02-22,15241,624,Franchise,Credit Card,COUPON040,22.21,USD
8674,2024-06-10T16:39:53Z,2024-06-10,70711,3848,Retail,Afterpay,COUPON001,19.50,AUD
8675,2023-06-05T02:40:22Z,2023-06-05,14802,1240,Online,PayPal,COUPON034,40.90,AUD
8676,2024-02-04T07:07:39Z,2024-02-04,30716,2586,Online,Cash,COUPON017,28.09,EUR
8677,2023-09-26T18:08:25Z,2023-09-26,12016,2682,Retail,Gift Card,COUPON001,7.16,USD
8678,2024-09-19T23:38:43Z,2024-09-19,43487,4993,Retail,Gift Card,COUPON047,20.56,AUD
8679,2023-09-24T09:21:51Z,2023-09-24,2926,2675,Retail,Credit Card,COUPON001,49.18,AUD
8680,2023-06-11T10:01:37Z,2023-06-11,9997,2806,Online,Credit Card,COUPON013,33.93,EUR
8681,2023-12-31T21:25:18Z,2023-12-31,49024,1,Retail,Afterpay,COUPON033,31.68,USD
8682,2023-03-27T15:31:04Z,2023-03-27,17439,1663,Retail,Cash,COUPON027,11.91,EUR
8683,2024-07-13T12:38:57Z,2024-07-13,32183,4122,Online,Credit Card,COUPON048,17.97,USD
8684,2023-03-02T17:40:18Z,2023-03-02,76860,356,Online,Credit Card,COUPON002,4.80,AUD
8685,2023-06-17T06:12:13Z,2023-06-17,32738,1604,Retail,Gift Card,COUPON036,11.29,AUD
8686,2023-02-15T06:36:51Z,2023-02-15,28649,981,Franchise,PayPal,COUPON042,38.62,EUR
8687,2024-08-15T15:01:56Z,2024-08-15,71879,4250,Online,Afterpay,COUPON012,7.79,USD
8688,2023-09-25T14:20:11Z,2023-09-25,51166,4885,Online,Afterpay,COUPON048,41.70,AUD
8689,2024-03-01T23:41:40Z,2024-03-01,19940,715,Retail,Cash,COUPON011,35.21,EUR
8690,2024-02-08T14:15:11Z,2024-02-08,13639,3594,Online,Cash,COUPON008,4.15,AUD
8691,2024-06-21T07:31:20Z,2024-06-21,27571,2944,Online,Credit Card,COUPON026,23.50,EUR
8692,2023-05-09T21:35:41Z,2023-05-09,17000,4167,Online,Gift Card,COUPON022,36.89,EUR
8693,2023-07-31T16:40:57Z,2023-07-31,76715,954,Franchise,Credit Card,COUPON001,26.25,AUD
8694,2023-06-17T22:52:22Z,2023-06-17,67386,4572,Retail,PayPal,COUPON029,34.21,AUD
8695,2023-02-26T10:49:08Z,2023-02-26,37718,2397,Online,Afterpay,COUPON015,16.08,USD
8696,2024-03-28T13:14:59Z,2024-03-28,46623,2261,Retail,Cash,COUPON026,27.88,AUD
8697,2024-07-14T19:05:44Z,2024-07-14,24353,4297,Retail,Cash,COUPON020,15.36,USD
8698,2023-07-10T10:36:09Z,2023-07-10,13411,2827,Retail,PayPal,COUPON016,7.89,EUR
8699,2023-08-24T07:20:19Z,2023-08-24,43413,4153,Retail,Credit Card,COUPON026,19.84,AUD
8700,2023-09-22T11:47:11Z,2023-09-22,38485,1641,Franchise,Gift Card,COUPON030,44.32,USD
8701,2023-08-19T00:30:43Z,2023-08-19,17728,113,Franchise,Credit Card,COUPON037,33.52,AUD
8702,2023-02-04T05:50:06Z,2023-02-04,6205,2358,Franchise,Gift Card,COUPON039,14.90,USD
8703,2023-04-23T00:46:58Z,2023-04-23,12120,4631,Franchise,Gift Card,COUPON005,33.88,USD
8704,2024-09-21T21:33:23Z,2024-09-21,14847,3022,Retail,Credit Card,COUPON032,19.87,USD
8705,2024-02-07T12:11:03Z,2024-02-07,61006,4869,Franchise,Credit Card,COUPON034,24.85,AUD
8706,2023-03-17T03:45:15Z,2023-03-17,49443,2578,Retail,Afterpay,,18.59,AUD
8707,2023-10-30T15:19:30Z,2023-10-30,39518,2966,Retail,Cash,COUPON001,23.15,AUD
8708,2023-07-21T00:44:13Z,2023-07-21,54375,865,Retail,Credit Card,COUPON012,47.38,USD
8709,2023-05-31T22:34:54Z,2023-05-31,60166,2725,Franchise,PayPal,COUPON026,28.61,USD
8710,2024-06-24T11:08:37Z,2024-06-24,29623,1575,Online,Cash,COUPON040,25.25,EUR
8711,2024-06-20T15:27:48Z,2024-06-20,50357,3486,Retail,PayPal,COUPON010,37.11,USD
8712,2023-03-12T01:11:08Z,2023-03-12,41954,3736,Franchise,Credit Card,COUPON021,32.59,EUR
8713,2023-09-10T03:38:17Z,2023-09-10,65564,4952,Online,Gift Card,COUPON014,18.68,EUR
8714,2023-03-29T23:58:45Z,2023-03-29,87049,5681,Retail,Gift Card,COUPON048,33.04,AUD
8715,2023-08-27T01:20:07Z,2023-08-27,64749,3705,Retail,Afterpay,COUPON050,2.30,USD
8716,2024-02-28T21:24:10Z,2024-02-28,66274,3954,Retail,Credit Card,COUPON005,39.15,USD
8717,2024-02-16T20:00:07Z,2024-02-16,50241,3663,Franchise,Afterpay,COUPON010,40.79,AUD
8718,2024-01-03T08:55:45Z,2024-01-03,41542,2963,Online,Afterpay,COUPON029,8.08,EUR
8719,2023-05-14T18:00:37Z,2023-05-14,14406,1061,Online,Gift Card,COUPON013,4.04,USD
8720,2024-05-22T12:42:53Z,2024-05-22,38528,2412,Online,PayPal,COUPON011,12.54,AUD
8721,2023-06-01T10:06:11Z,2023-06-01,2447,2100,Online,Cash,COUPON021,26.64,EUR
8722,2024-03-09T00:09:09Z,2024-03-09,10833,2833,Online,Gift Card,COUPON046,28.84,AUD
8723,2024-08-08T23:57:34Z,2024-08-08,78033,1088,Franchise,PayPal,COUPON045,22.79,AUD
8724,2024-05-20T02:56:03Z,2024-05-20,12184,4353,Retail,Gift Card,COUPON039,31.53,AUD
8725,2024-05-08T06:39:24Z,2024-05-08,76388,3393,Retail,Gift Card,COUPON046,17.20,AUD
8726,2023-05-16T17:16:15Z,2023-05-16,49843,3866,Online,Gift Card,COUPON043,40.68,USD
8727,2024-08-13T08:04:26Z,2024-08-13,14440,2385,Franchise,PayPal,COUPON002,26.53,AUD
8728,2023-06-24T21:53:13Z,2023-06-24,53701,1932,Franchise,Cash,COUPON035,30.16,USD
8729,2024-07-03T10:31:44Z,2024-07-03,26145,4216,Online,Credit Card,COUPON013,44.28,EUR
8730,2023-10-18T14:14:36Z,2023-10-18,79951,2769,Retail,PayPal,COUPON028,1.65,USD
8731,2024-05-16T22:48:03Z,2024-05-16,71825,660,Franchise,Credit Card,COUPON009,3.55,AUD
8732,2024-05-08T12:57:44Z,2024-05-08,26371,1323,Retail,PayPal,COUPON027,37.88,EUR
8733,2024-06-27T05:30:28Z,2024-06-27,36567,4083,Online,PayPal,COUPON009,0.36,USD
8734,2023-07-31T12:05:17Z,2023-07-31,10652,2150,Online,PayPal,COUPON026,15.52,USD
8735,2023-05-03T16:19:25Z,2023-05-03,20711,297,Online,Cash,COUPON027,36.79,EUR
8736,2023-05-09T02:42:36Z,2023-05-09,58354,4373,Online,Cash,COUPON038,27.01,USD
8737,2024-01-26T14:43:42Z,2024-01-26,1914,839,Retail,Gift Card,COUPON012,23.98,AUD
8738,2023-08-14T18:51:13Z,2023-08-14,51261,1135,Retail,PayPal,COUPON011,35.95,AUD
8739,2023-09-27T06:32:13Z,2023-09-27,62187,1519,Retail,PayPal,COUPON018,5.99,USD
8740,2023-05-28T05:14:21Z,2023-05-28,13692,324,Retail,Gift Card,COUPON021,39.93,USD
8741,2024-01-01T12:27:01Z,2024-01-01,27699,4462,Franchise,Gift Card,COUPON043,7.54,EUR
8742,2024-09-29T15:46:02Z,2024-09-29,62999,1757,Retail,PayPal,COUPON034,3.14,EUR
8743,2024-06-13T17:34:25Z,2024-06-13,52980,2840,Online,Afterpay,COUPON026,38.50,USD
8744,2024-05-29T02:16:20Z,2024-05-29,18564,3271,Retail,Afterpay,COUPON005,25.28,USD
8745,2023-07-28T07:15:22Z,2023-07-28,69705,4409,Online,PayPal,COUPON049,12.80,AUD
8746,2023-08-05T15:47:51Z,2023-08-05,85745,5334,Online,Cash,COUPON047,33.61,USD
8747,2024-01-05T08:56:53Z,2024-01-05,13574,988,Online,PayPal,COUPON008,40.39,EUR
8748,2023-11-10T12:05:05Z,2023-11-10,44273,1272,Retail,Cash,COUPON028,29.44,EUR
8749,2024-10-01T09:29:23Z,2024-10-01,6765,2268,Franchise,Afterpay,COUPON014,28.40,AUD
8750,2024-08-25T22:56:56Z,2024-08-25,60877,1131,Franchise,Gift Card,COUPON043,32.39,AUD
8751,2023-01-24T05:51:37Z,2023-01-24,48526,2203,Retail,PayPal,COUPON018,36.68,AUD
8752,2024-07-27T01:46:31Z,2024-07-27,23553,3755,Online,Afterpay,COUPON017,35.56,USD
8753,2024-05-31T05:00:00Z,2024-05-31,70791,80,Online,Cash,COUPON030,39.27,USD
8754,2024-10-01T00:44:37Z,2024-10-01,1156,3843,Online,Credit Card,COUPON001,21.63,EUR
8755,2024-04-10T03:13:45Z,2024-04-10,42884,726,Franchise,Afterpay,COUPON034,48.49,EUR
8756,2024-02-06T06:53:16Z,2024-02-06,15787,3342,Franchise,Afterpay,COUPON038,42.89,EUR
8757,2023-01-29T21:34:28Z,2023-01-29,68698,1928,Online,Gift Card,COUPON039,45.45,EUR
8758,2023-11-28T03:35:13Z,2023-11-28,44221,917,Franchise,PayPal,COUPON020,13.44,USD
8759,2023-04-11T03:39:17Z,2023-04-11,44006,3208,Franchise,Cash,COUPON039,27.63,AUD
8760,2024-04-15T01:54:48Z,2024-04-15,32498,4869,Online,Afterpay,COUPON045,49.78,AUD
8761,2023-12-29T00:52:45Z,2023-12-29,69855,2959,Retail,Cash,COUPON016,28.93,AUD
8762,2023-10-23T04:51:26Z,2023-10-23,5820,4816,Retail,Gift Card,COUPON030,17.29,EUR
8763,2024-09-04T12:21:11Z,2024-09-04,77740,761,Franchise,Credit Card,COUPON021,11.59,USD
8764,2024-07-31T13:11:10Z,2024-07-31,43175,4794,Franchise,Cash,COUPON007,19.84,AUD
8765,2023-10-31T17:26:09Z,2023-10-31,39146,513,Online,PayPal,,48.57,EUR
8766,2024-05-11T20:39:07Z,2024-05-11,72731,4853,Franchise,PayPal,COUPON024,22.73,EUR
8767,2024-04-18T21:07:25Z,2024-04-18,65883,3157,Online,Credit Card,COUPON036,37.93,USD
8768,2024-07-21T22:34:25Z,2024-07-21,6577,3619,Franchise,Gift Card,COUPON050,2.32,EUR
8769,2023-06-18T12:59:30Z,2023-06-18,67259,3632,Franchise,PayPal,COUPON044,47.95,EUR
8770,2024-03-07T12:36:45Z,2024-03-07,9430,274,Retail,Gift Card,COUPON007,22.16,EUR
8771,2024-01-01T15:57:34Z,2024-01-01,11101,95,Franchise,Cash,COUPON031,29.18,USD
8772,2024-06-15T03:20:40Z,2024-06-15,9818,1100,Retail,Afterpay,COUPON044,9.18,USD
8773,2023-10-15T15:01:35Z,2023-10-15,54264,1609,Online,PayPal,COUPON033,15.10,USD
8774,2023-09-03T03:11:04Z,2023-09-03,67267,2384,Franchise,Credit Card,COUPON042,27.95,EUR
8775,2023-03-31T07:58:35Z,2023-03-31,3574,3220,Retail,PayPal,COUPON034,13.78,EUR
8776,2023-01-24T09:38:13Z,2023-01-24,33806,3498,Retail,Gift Card,COUPON035,40.23,USD
8777,2023-03-28T13:45:49Z,2023-03-28,36833,3169,Online,Gift Card,COUPON006,6.90,USD
8778,2024-09-01T22:38:10Z,2024-09-01,32400,4020,Retail,Gift Card,COUPON014,20.89,EUR
8779,2023-11-12T04:36:25Z,2023-11-12,2697,915,Franchise,Gift Card,COUPON023,26.55,USD
8780,2024-02-21T21:48:54Z,2024-02-21,59313,3600,Franchise,Credit Card,COUPON028,14.99,AUD
8781,2023-03-08T11:01:38Z,2023-03-08,77882,107,Retail,Afterpay,COUPON048,23.13,EUR
8782,2023-06-16T23:46:01Z,2023-06-16,6503,1186,Online,Cash,COUPON028,14.82,USD
8783,2023-02-03T04:12:07Z,2023-02-03,36901,4322,Online,Gift Card,COUPON033,33.18,USD
8784,2023-01-20T18:19:15Z,2023-01-20,70409,2998,Franchise,Afterpay,COUPON020,46.91,EUR
8785,2024-01-24T06:55:22Z,2024-01-24,26686,557,Retail,Credit Card,COUPON042,27.60,EUR
8786,2023-09-22T15:35:23Z,2023-09-22,64460,1751,Franchise,Cash,COUPON021,33.86,EUR
8787,2023-03-18T13:01:48Z,2023-03-18,57786,658,Franchise,Gift Card,COUPON050,46.61,USD
8788,2023-09-11T12:30:08Z,2023-09-11,3792,588,Retail,Afterpay,COUPON005,4.59,EUR
8789,2024-04-26T09:53:56Z,2024-04-26,3086,1350,Online,Afterpay,COUPON032,5.25,AUD
8790,2023-09-27T21:11:10Z,2023-09-27,12163,1100,Franchise,PayPal,COUPON050,8.22,EUR
8791,2023-08-21T05:37:18Z,2023-08-21,19060,2439,Franchise,PayPal,COUPON006,1.49,AUD
8792,2024-03-28T00:25:18Z,2024-03-28,39945,3689,Franchise,Credit Card,COUPON029,13.56,USD
8793,2024-08-05T18:15:38Z,2024-08-05,77919,3507,Online,Gift Card,COUPON008,25.15,USD
8794,2023-07-29T16:12:48Z,2023-07-29,74676,396,Online,Credit Card,COUPON042,1.78,USD
8795,2023-07-03T18:44:55Z,2023-07-03,79237,981,Franchise,Gift Card,COUPON024,13.20,USD
8796,2024-01-23T05:19:26Z,2024-01-23,45970,4820,Online,Gift Card,COUPON006,26.81,EUR
8797,2024-04-06T19:46:22Z,2024-04-06,43436,1162,Franchise,Afterpay,COUPON023,27.23,EUR
8798,2023-01-19T23:08:15Z,2023-01-19,9684,1800,Online,PayPal,COUPON045,43.48,EUR
8799,2024-05-13T12:15:58Z,2024-05-13,72816,1034,Online,Credit Card,COUPON002,1.16,USD
8800,2023-02-20T08:36:52Z,2023-02-20,73211,3475,Online,Afterpay,,20.00,EUR
8801,2023-02-10T15:02:53Z,2023-02-10,79487,1302,Franchise,Cash,COUPON008,37.04,USD
8802,2023-10-14T04:14:47Z,2023-10-14,12451,133,Retail,Gift Card,COUPON022,35.04,USD
8803,2024-01-10T20:15:45Z,2024-01-10,3035,334,Retail,Cash,COUPON007,20.29,AUD
8804,2023-02-10T18:53:49Z,2023-02-10,54267,1254,Online,PayPal,COUPON019,49.51,USD
8805,2023-04-19T14:22:29Z,2023-04-19,52909,2730,Retail,Afterpay,COUPON036,33.40,EUR
8806,2023-06-13T14:52:02Z,2023-06-13,52629,2157,Online,PayPal,COUPON014,46.32,USD
8807,2024-02-23T12:49:07Z,2024-02-23,28613,1845,Franchise,Gift Card,COUPON043,39.62,USD
8808,2023-03-22T18:43:59Z,2023-03-22,72782,4783,Franchise,Credit Card,COUPON009,40.53,AUD
8809,2024-04-21T08:50:32Z,2024-04-21,4306,1652,Online,Afterpay,COUPON009,15.17,AUD
8810,2024-09-29T00:58:40Z,2024-09-29,15366,350,Franchise,Gift Card,COUPON038,3.84,EUR
8811,2023-05-02T00:59:26Z,2023-05-02,55265,4107,Online,Afterpay,COUPON024,32.48,USD
8812,2023-10-07T00:47:25Z,2023-10-07,29335,4567,Franchise,Credit Card,COUPON039,38.00,AUD
8813,2023-11-18T01:07:12Z,2023-11-18,23054,1466,Online,Gift Card,COUPON027,20.41,EUR
8814,2024-06-25T05:24:07Z,2024-06-25,7911,23,Retail,Gift Card,COUPON024,23.52,AUD
8815,2024-01-24T22:17:04Z,2024-01-24,54907,4212,Franchise,Afterpay,COUPON044,18.91,EUR
8816,2024-04-12T12:31:01Z,2024-04-12,64883,588,Franchise,Gift Card,COUPON047,23.15,AUD
8817,2024-02-18T17:42:29Z,2024-02-18,4411,815,Franchise,Cash,COUPON040,18.77,AUD
8818,2024-09-11T07:34:19Z,2024-09-11,11937,2663,Online,Credit Card,COUPON026,23.82,AUD
8819,2024-04-19T12:07:48Z,2024-04-19,26124,480,Franchise,Gift Card,COUPON011,43.03,USD
8820,2024-04-17T04:38:49Z,2024-04-17,23830,371,Franchise,Cash,COUPON023,2.07,AUD
8821,2024-01-09T14:08:36Z,2024-01-09,49988,1335,Franchise,Gift Card,COUPON050,30.78,USD
8822,2024-09-22T08:19:27Z,2024-09-22,72935,1758,Retail,Credit Card,COUPON045,24.63,USD
8823,2024-08-17T22:28:52Z,2024-08-17,72214,2229,Online,Credit Card,COUPON021,47.91,AUD
8824,2024-09-10T00:50:45Z,2024-09-10,9905,3111,Retail,PayPal,COUPON019,0.78,USD
8825,2024-06-29T00:00:19Z,2024-06-29,56337,2403,Online,PayPal,COUPON013,46.44,AUD
8826,2023-09-25T19:45:41Z,2023-09-25,61726,4077,Franchise,Credit Card,COUPON034,9.06,USD
8827,2023-12-09T10:16:12Z,2023-12-09,1640,4180,Online,PayPal,COUPON002,39.40,USD
8828,2023-09-20T20:21:33Z,2023-09-20,68077,3474,Online,Cash,COUPON044,47.79,AUD
8829,2023-03-06T23:38:13Z,2023-03-06,56024,3914,Online,Afterpay,COUPON020,36.77,AUD
8830,2023-02-15T03:12:05Z,2023-02-15,35566,3422,Franchise,Gift Card,COUPON003,1.47,AUD
8831,2024-04-18T02:35:39Z,2024-04-18,45680,4410,Retail,PayPal,COUPON044,12.48,AUD
8832,2023-04-07T19:37:24Z,2023-04-07,64483,2376,Online,Cash,COUPON035,5.32,EUR
8833,2023-03-24T05:50:49Z,2023-03-24,3472,1520,Online,Cash,COUPON002,21.05,USD
8834,2023-07-12T16:35:12Z,2023-07-12,78134,447,Retail,PayPal,COUPON012,2.81,AUD
8835,2024-09-08T11:53:35Z,2024-09-08,7440,1540,Retail,Credit Card,COUPON017,20.38,AUD
8836,2024-04-22T12:33:17Z,2024-04-22,53817,4329,Retail,Afterpay,COUPON034,39.20,USD
8837,2023-06-28T08:52:39Z,2023-06-28,55032,3532,Online,Cash,,33.93,AUD
8838,2024-07-07T02:52:40Z,2024-07-07,8842,4952,Franchise,Gift Card,COUPON009,36.30,USD
8839,2023-10-30T12:33:38Z,2023-10-30,41935,3861,Franchise,Credit Card,COUPON011,14.82,USD
8840,2024-07-19T05:16:00Z,2024-07-19,71562,832,Retail,Cash,COUPON039,21.07,USD
8841,2024-02-12T13:43:05Z,2024-02-12,72687,139,Online,Gift Card,COUPON021,34.55,AUD
8842,2023-09-16T19:15:56Z,2023-09-16,38322,1269,Online,Credit Card,COUPON045,23.57,USD
8843,2024-06-27T20:56:34Z,2024-06-27,47357,3493,Retail,PayPal,COUPON030,33.12,AUD
8844,2023-05-28T07:58:56Z,2023-05-28,2634,4275,Franchise,Afterpay,COUPON044,5.38,EUR
8845,2024-04-20T08:50:05Z,2024-04-20,74978,1665,Online,Cash,COUPON028,3.16,USD
8846,2023-07-19T07:17:09Z,2023-07-19,64505,2168,Retail,Gift Card,COUPON016,34.14,USD
8847,2024-05-28T18:46:24Z,2024-05-28,66823,2022,Retail,Afterpay,COUPON027,10.08,USD
8848,2024-04-08T20:11:37Z,2024-04-08,58057,3533,Franchise,PayPal,COUPON002,45.97,USD
8849,2023-08-13T08:19:07Z,2023-08-13,7753,3205,Franchise,Gift Card,COUPON026,33.09,AUD
8850,2023-05-09T22:48:05Z,2023-05-09,43951,3278,Franchise,Cash,COUPON023,5.23,EUR
8851,2024-01-05T10:13:56Z,2024-01-05,44267,1837,Online,Cash,COUPON046,36.44,USD
8852,2023-06-02T09:14:18Z,2023-06-02,10057,2824,Franchise,Afterpay,COUPON029,9.28,USD
8853,2023-01-04T22:50:05Z,2023-01-04,10464,1384,Franchise,Cash,COUPON025,6.50,AUD
8854,2024-03-28T02:27:38Z,2024-03-28,15240,834,Online,Afterpay,COUPON048,3.70,EUR
8855,2023-04-16T01:21:35Z,2023-04-16,2320,4766,Retail,PayPal,COUPON017,6.87,EUR
8856,2023-06-05T00:57:23Z,2023-06-05,59194,2892,Franchise,PayPal,COUPON033,42.19,AUD
8857,2023-12-24T03:46:49Z,2023-12-24,28009,1314,Franchise,Afterpay,COUPON012,32.23,USD
8858,2023-03-31T09:00:35Z,2023-03-31,61667,3030,Franchise,Credit Card,COUPON027,47.11,EUR
8859,2023-05-18T08:52:05Z,2023-05-18,46912,1379,Retail,Credit Card,COUPON004,16.76,AUD
8860,2024-02-27T09:25:20Z,2024-02-27,59353,903,Online,Credit Card,COUPON027,6.01,EUR
8861,2024-04-22T06:53:09Z,2024-04-22,34822,4926,Retail,Gift Card,COUPON046,17.58,AUD
8862,2023-11-11T16:44:02Z,2023-11-11,12291,1679,Franchise,PayPal,COUPON042,10.95,EUR
8863,2023-11-18T22:04:09Z,2023-11-18,78273,4144,Online,Gift Card,COUPON018,37.87,USD
8864,2023-04-20T20:56:50Z,2023-04-20,59354,4611,Online,Gift Card,COUPON036,39.95,EUR
8865,2024-04-01T09:17:17Z,2024-04-01,55526,273,Online,Afterpay,COUPON023,16.00,EUR
8866,2024-07-29T04:51:31Z,2024-07-29,3868,3149,Franchise,Cash,COUPON037,36.37,AUD
8867,2024-02-05T14:46:23Z,2024-02-05,72916,3236,Retail,PayPal,,26.99,USD
8868,2024-01-31T08:37:55Z,2024-01-31,72263,3454,Online,Cash,COUPON010,14.21,USD
8869,2023-09-11T22:17:29Z,2023-09-11,29158,39,Retail,PayPal,COUPON014,18.18,USD
8870,2024-09-13T00:16:45Z,2024-09-13,60666,3372,Retail,Afterpay,COUPON029,21.63,AUD
8871,2023-05-25T10:46:11Z,2023-05-25,2746,47,Franchise,Credit Card,COUPON003,14.94,AUD
8872,2024-01-06T04:51:38Z,2024-01-06,68432,4997,Online,Credit Card,COUPON044,34.21,AUD
8873,2023-05-11T02:09:38Z,2023-05-11,50422,47,Online,Cash,COUPON003,10.06,EUR
8874,2024-10-01T22:07:13Z,2024-10-01,22904,1474,Franchise,PayPal,COUPON011,16.48,USD
8875,2023-11-16T04:14:26Z,2023-11-16,51154,157,Retail,PayPal,COUPON015,38.29,EUR
8876,2024-01-31T18:51:00Z,2024-01-31,18764,56,Online,Gift Card,COUPON022,43.04,USD
8877,2023-03-19T11:06:14Z,2023-03-19,47959,489,Online,Cash,COUPON030,13.62,AUD
8878,2023-07-07T20:04:29Z,2023-07-07,60757,2983,Retail,Credit Card,COUPON036,49.04,AUD
8879,2024-08-25T02:21:00Z,2024-08-25,64066,3070,Franchise,Gift Card,COUPON033,2.66,AUD
8880,2023-06-20T03:05:15Z,2023-06-20,8770,3272,Franchise,Afterpay,COUPON036,40.55,USD
8881,2023-04-07T07:13:00Z,2023-04-07,47153,3181,Retail,Cash,COUPON034,33.42,EUR
8882,2023-02-25T06:47:31Z,2023-02-25,85368,5751,Franchise,Credit Card,COUPON020,46.10,EUR
8883,2024-07-08T16:09:05Z,2024-07-08,16500,1411,Retail,Credit Card,COUPON004,27.04,AUD
8884,2023-02-10T14:51:01Z,2023-02-10,60057,781,Retail,PayPal,COUPON048,46.25,USD
8885,2023-03-09T10:11:01Z,2023-03-09,29139,4286,Retail,Afterpay,COUPON027,9.40,AUD
8886,2024-01-02T00:39:32Z,2024-01-02,55681,2059,Franchise,Afterpay,COUPON003,5.27,AUD
8887,2024-06-29T03:19:25Z,2024-06-29,77516,4,Retail,Cash,COUPON045,32.41,USD
8888,2023-04-06T13:04:52Z,2023-04-06,52404,2557,Online,PayPal,COUPON011,0.09,AUD
8889,2023-01-26T21:06:14Z,2023-01-26,3451,4564,Online,Credit Card,COUPON011,40.41,EUR
8890,2023-06-16T07:27:37Z,2023-06-16,57664,4947,Franchise,Credit Card,COUPON049,22.59,EUR
8891,2024-08-06T20:20:19Z,2024-08-06,41938,392,Retail,Cash,COUPON041,35.34,EUR
8892,2024-04-13T02:06:14Z,2024-04-13,70462,3288,Online,Credit Card,COUPON038,12.76,AUD
8893,2023-07-13T15:48:58Z,2023-07-13,50040,814,Retail,PayPal,COUPON005,5.56,EUR
8894,2024-09-06T00:38:46Z,2024-09-06,65922,1439,Franchise,PayPal,COUPON029,29.20,USD
8895,2023-12-07T23:39:41Z,2023-12-07,9502,4526,Franchise,Gift Card,COUPON007,20.61,AUD
8896,2024-07-25T13:50:49Z,2024-07-25,62706,485,Franchise,PayPal,COUPON048,28.69,USD
8897,2024-04-29T02:28:11Z,2024-04-29,61545,2175,Retail,PayPal,COUPON004,15.74,EUR
8898,2023-05-28T22:08:50Z,2023-05-28,1870,704,Retail,Cash,COUPON021,13.73,AUD
8899,2023-11-15T01:19:42Z,2023-11-15,57499,4370,Franchise,Credit Card,COUPON044,32.21,AUD
8900,2023-10-03T06:50:18Z,2023-10-03,39880,2527,Franchise,Credit Card,COUPON038,34.14,EUR
8901,2024-04-09T22:16:00Z,2024-04-09,54127,2743,Retail,Gift Card,COUPON012,7.75,USD
8902,2023-04-19T08:49:49Z,2023-04-19,63537,463,Franchise,Gift Card,COUPON030,28.45,USD
8903,2023-12-13T03:50:38Z,2023-12-13,53014,4,Retail,Afterpay,COUPON037,14.74,USD
8904,2023-03-19T03:17:01Z,2023-03-19,20328,1036,Franchise,Gift Card,COUPON046,36.16,EUR
8905,2023-07-23T09:34:55Z,2023-07-23,13904,3233,Franchise,Afterpay,COUPON015,32.14,EUR
8906,2023-01-20T22:56:51Z,2023-01-20,73423,651,Online,Cash,COUPON036,11.50,EUR
8907,2023-05-14T13:03:47Z,2023-05-14,34821,4414,Franchise,Cash,COUPON050,39.79,EUR
8908,2024-04-26T00:19:24Z,2024-04-26,38428,2115,Online,PayPal,COUPON013,29.00,USD
8909,2024-05-25T18:31:32Z,2024-05-25,66019,2003,Online,Gift Card,COUPON039,17.89,EUR
8910,2024-02-01T01:03:05Z,2024-02-01,10637,2128,Online,Credit Card,COUPON034,38.15,USD
8911,2023-07-27T12:20:29Z,2023-07-27,44145,4988,Retail,Gift Card,COUPON019,45.80,AUD
8912,2023-05-27T00:34:16Z,2023-05-27,58014,2655,Retail,Afterpay,COUPON005,41.36,EUR
8913,2023-08-25T20:30:54Z,2023-08-25,16897,2315,Franchise,Credit Card,COUPON002,16.63,EUR
8914,2023-05-15T07:45:01Z,2023-05-15,75437,2521,Franchise,Cash,COUPON012,28.19,AUD
8915,2023-11-05T17:10:00Z,2023-11-05,39038,4249,Franchise,Credit Card,COUPON046,37.71,AUD
8916,2023-09-07T22:06:15Z,2023-09-07,72901,709,Retail,Gift Card,COUPON044,46.88,AUD
8917,2024-03-20T09:33:26Z,2024-03-20,34065,3995,Franchise,Afterpay,COUPON032,47.48,USD
8918,2023-03-17T10:55:21Z,2023-03-17,7957,4686,Online,Afterpay,COUPON017,1.08,EUR
8919,2023-04-09T06:43:25Z,2023-04-09,21435,1622,Franchise,Cash,COUPON047,2.04,EUR
8920,2024-03-03T14:26:08Z,2024-03-03,55914,3672,Retail,Credit Card,COUPON025,9.75,USD
8921,2023-09-11T19:22:45Z,2023-09-11,53959,2610,Online,PayPal,COUPON047,23.03,EUR
8922,2024-04-05T09:25:08Z,2024-04-05,42403,4334,Retail,Gift Card,COUPON042,32.44,AUD
8923,2023-05-29T00:24:15Z,2023-05-29,42075,1939,Franchise,Credit Card,COUPON010,31.49,AUD
8924,2024-01-16T22:36:10Z,2024-01-16,74960,2125,Retail,Credit Card,COUPON029,22.88,USD
8925,2024-01-15T05:39:51Z,2024-01-15,45141,591,Retail,Credit Card,COUPON044,10.21,AUD
8926,2023-07-14T17:28:18Z,2023-07-14,28918,4492,Retail,Afterpay,,15.50,AUD
8927,2023-09-03T17:30:51Z,2023-09-03,77137,948,Franchise,Cash,COUPON004,9.52,AUD
8928,2023-10-17T22:43:03Z,2023-10-17,79515,663,Retail,Gift Card,COUPON022,42.55,AUD
8929,2023-01-31T17:01:11Z,2023-01-31,21719,2088,Retail,PayPal,COUPON036,44.43,USD
8930,2024-03-29T05:46:02Z,2024-03-29,76105,3416,Retail,Credit Card,COUPON042,39.65,EUR
8931,2023-01-17T23:33:29Z,2023-01-17,22144,4682,Online,Credit Card,COUPON037,37.04,USD
8932,2024-08-11T11:30:26Z,2024-08-11,19086,3996,Online,Credit Card,COUPON031,37.59,AUD
8933,2024-08-21T08:34:47Z,2024-08-21,49488,1114,Online,Cash,COUPON048,35.88,USD
8934,2024-05-10T11:45:31Z,2024-05-10,28366,4710,Franchise,Credit Card,COUPON048,20.16,USD
8935,2023-04-13T17:50:58Z,2023-04-13,64193,1263,Online,PayPal,COUPON016,31.98,EUR
8936,2024-09-02T09:27:37Z,2024-09-02,20334,1807,Online,PayPal,COUPON008,14.72,EUR
8937,2023-10-11T18:26:20Z,2023-10-11,16281,997,Online,Afterpay,COUPON003,3.54,USD
8938,2024-07-14T11:31:42Z,2024-07-14,39715,3698,Online,Credit Card,,14.88,AUD
8939,2023-03-08T02:52:46Z,2023-03-08,49376,3288,Retail,PayPal,COUPON012,8.42,AUD
8940,2023-02-22T08:33:58Z,2023-02-22,553,2444,Retail,Afterpay,COUPON032,10.22,AUD
8941,2023-06-10T10:06:07Z,2023-06-10,66471,3536,Retail,PayPal,COUPON038,31.63,AUD
8942,2023-06-04T10:34:10Z,2023-06-04,56927,1997,Online,Cash,COUPON049,24.63,AUD
8943,2023-10-22T03:11:44Z,2023-10-22,58697,4848,Online,Afterpay,COUPON047,42.19,AUD
8944,2023-02-03T11:45:48Z,2023-02-03,56647,591,Online,Afterpay,COUPON030,11.71,EUR
8945,2024-02-04T17:57:03Z,2024-02-04,47964,3628,Retail,PayPal,COUPON027,36.72,AUD
8946,2024-09-26T20:00:13Z,2024-09-26,71647,4908,Retail,Afterpay,COUPON024,2.87,AUD
8947,2023-01-17T04:29:39Z,2023-01-17,66974,906,Retail,PayPal,COUPON022,38.62,USD
8948,2024-04-01T18:41:12Z,2024-04-01,11937,4820,Online,Credit Card,COUPON037,38.19,USD
8949,2023-10-09T14:45:14Z,2023-10-09,48888,3072,Online,Gift Card,COUPON040,48.16,AUD
8950,2023-05-09T18:22:29Z,2023-05-09,53472,4447,Franchise,Gift Card,COUPON006,17.76,EUR
8951,2023-06-13T02:46:22Z,2023-06-13,72004,3275,Franchise,Gift Card,COUPON011,10.71,AUD
8952,2023-02-25T02:42:24Z,2023-02-25,53869,236,Franchise,Cash,COUPON018,6.57,AUD
8953,2024-01-15T05:48:03Z,2024-01-15,71618,3608,Online,Afterpay,COUPON019,9.96,USD
8954,2023-06-08T20:28:18Z,2023-06-08,48805,3119,Franchise,Gift Card,COUPON032,18.43,EUR
8955,2024-03-12T02:09:47Z,2024-03-12,48407,428,Retail,Gift Card,COUPON039,43.78,AUD
8956,2023-07-05T16:52:53Z,2023-07-05,32898,3314,Franchise,Credit Card,,11.83,AUD
8957,2024-09-25T11:54:41Z,2024-09-25,28905,2682,Retail,Afterpay,COUPON036,42.56,AUD
8958,2023-04-28T19:33:40Z,2023-04-28,77676,3852,Retail,Gift Card,COUPON011,15.22,AUD
8959,2024-03-16T09:12:48Z,2024-03-16,56714,4365,Franchise,PayPal,COUPON050,48.28,USD
8960,2024-01-09T23:31:00Z,2024-01-09,61427,3644,Retail,Afterpay,COUPON026,19.96,USD
8961,2024-07-13T05:29:23Z,2024-07-13,74114,4884,Retail,Gift Card,COUPON020,29.94,EUR
8962,2023-04-12T17:29:25Z,2023-04-12,34560,4068,Retail,Afterpay,COUPON046,47.84,EUR
8963,2023-09-18T03:53:56Z,2023-09-18,46292,4381,Franchise,Cash,COUPON040,32.18,USD
8964,2024-09-10T20:38:16Z,2024-09-10,65493,1863,Retail,Afterpay,COUPON048,38.71,AUD
8965,2023-06-27T01:37:34Z,2023-06-27,10957,131,Franchise,Cash,COUPON020,28.96,AUD
8966,2024-03-25T15:31:18Z,2024-03-25,58625,3907,Retail,Afterpay,,17.91,EUR
8967,2023-09-11T00:02:12Z,2023-09-11,63756,487,Franchise,PayPal,COUPON024,16.89,AUD
8968,2024-06-28T18:43:38Z,2024-06-28,30585,1606,Franchise,Cash,COUPON033,29.64,EUR
8969,2023-01-01T01:37:53Z,2023-01-01,67782,3508,Online,Cash,COUPON045,32.30,USD
8970,2023-09-24T20:09:59Z,2023-09-24,53238,1667,Online,Credit Card,COUPON018,11.35,EUR
8971,2024-08-04T05:14:16Z,2024-08-04,32603,921,Franchise,Credit Card,COUPON042,18.12,AUD
8972,2023-07-29T06:33:03Z,2023-07-29,45451,3488,Franchise,PayPal,COUPON036,13.94,USD
8973,2024-09-25T00:15:48Z,2024-09-25,15010,3420,Franchise,Cash,COUPON014,31.23,AUD
8974,2023-03-25T23:43:29Z,2023-03-25,77970,1333,Online,Afterpay,COUPON007,37.01,AUD
8975,2024-04-17T13:48:31Z,2024-04-17,71562,3808,Online,Credit Card,COUPON014,43.29,EUR
8976,2023-02-15T19:17:18Z,2023-02-15,45085,4744,Retail,Cash,COUPON033,35.63,EUR
8977,2024-06-20T08:42:36Z,2024-06-20,55572,3356,Online,Cash,COUPON009,42.26,AUD
8978,2024-09-21T02:09:30Z,2024-09-21,48103,984,Retail,Credit Card,COUPON044,26.08,USD
8979,2023-03-12T06:35:46Z,2023-03-12,52911,1048,Online,Gift Card,COUPON040,26.03,USD
8980,2023-02-18T04:12:18Z,2023-02-18,68668,4143,Online,Credit Card,COUPON001,49.55,AUD
8981,2024-06-02T21:33:53Z,2024-06-02,59281,3420,Retail,Afterpay,COUPON016,3.70,EUR
8982,2023-07-02T02:56:30Z,2023-07-02,7801,122,Online,Credit Card,COUPON027,49.26,USD
8983,2023-11-05T10:27:16Z,2023-11-05,1460,313,Online,Gift Card,COUPON040,3.98,EUR
8984,2023-05-12T02:49:59Z,2023-05-12,22627,593,Online,Credit Card,COUPON041,11.08,EUR
8985,2023-08-12T00:24:59Z,2023-08-12,64916,4830,Online,Credit Card,COUPON005,33.93,USD
8986,2023-11-29T17:59:36Z,2023-11-29,62096,3317,Online,Afterpay,COUPON041,46.27,AUD
8987,2023-03-11T09:27:09Z,2023-03-11,74229,4301,Retail,Credit Card,COUPON027,10.69,USD
8988,2024-02-19T11:43:07Z,2024-02-19,57901,240,Franchise,Gift Card,COUPON037,28.33,USD
8989,2023-12-04T10:39:06Z,2023-12-04,57470,1765,Online,Credit Card,COUPON028,42.00,EUR
8990,2023-09-20T03:35:20Z,2023-09-20,43276,3897,Franchise,Afterpay,COUPON015,30.11,EUR
8991,2024-10-01T17:03:14Z,2024-10-01,65888,3948,Franchise,Gift Card,COUPON022,46.74,USD
8992,2024-06-14T13:30:18Z,2024-06-14,58584,2103,Franchise,PayPal,COUPON047,41.26,USD
8993,2024-05-31T08:52:35Z,2024-05-31,582,2925,Online,Gift Card,COUPON047,38.88,EUR
8994,2023-12-16T09:06:17Z,2023-12-16,52091,3018,Retail,Cash,COUPON040,40.19,USD
8995,2023-03-28T11:22:03Z,2023-03-28,53622,4356,Online,PayPal,COUPON031,37.07,EUR
8996,2024-05-01T04:30:38Z,2024-05-01,34120,3510,Online,Afterpay,COUPON028,49.70,USD
8997,2024-09-01T14:57:45Z,2024-09-01,34782,3833,Franchise,Afterpay,COUPON037,0.97,USD
8998,2024-06-30T11:26:44Z,2024-06-30,59873,4265,Online,PayPal,COUPON038,40.85,AUD
8999,2024-03-08T18:46:10Z,2024-03-08,81914,5569,Online,Credit Card,COUPON017,37.54,AUD
9000,2024-09-09T22:43:24Z,2024-09-09,42097,4823,Retail,PayPal,COUPON015,5.79,EUR
9001,2024-06-09T12:21:59Z,2024-06-09,68184,4260,Online,Credit Card,COUPON048,49.36,EUR
9002,2023-05-14T01:49:13Z,2023-05-14,74241,3602,Online,PayPal,COUPON003,7.74,USD
9003,2024-02-04T11:36:46Z,2024-02-04,7404,3582,Retail,Cash,COUPON049,39.37,EUR
9004,2023-10-23T19:58:35Z,2023-10-23,55064,3294,Franchise,Gift Card,COUPON031,16.36,USD
9005,2023-08-14T08:45:13Z,2023-08-14,22509,1898,Retail,Cash,COUPON007,25.40,EUR
9006,2024-08-07T00:16:35Z,2024-08-07,48459,493,Retail,PayPal,COUPON038,20.07,USD
9007,2023-08-02T05:22:49Z,2023-08-02,27279,2251,Online,PayPal,COUPON019,37.83,EUR
9008,2024-02-02T13:03:29Z,2024-02-02,68070,3990,Retail,Afterpay,COUPON022,1.83,AUD
9009,2023-11-18T20:05:14Z,2023-11-18,56318,1997,Online,Cash,COUPON015,33.41,USD
9010,2024-05-04T19:52:40Z,2024-05-04,68803,4317,Retail,Afterpay,COUPON022,45.60,AUD
9011,2024-02-18T14:23:18Z,2024-02-18,82278,5382,Online,Afterpay,COUPON043,14.61,USD
9012,2024-08-07T18:45:31Z,2024-08-07,42632,2764,Franchise,PayPal,COUPON041,26.35,AUD
9013,2023-08-04T17:31:03Z,2023-08-04,16115,1397,Franchise,PayPal,COUPON011,3.09,USD
9014,2023-02-10T21:04:44Z,2023-02-10,30347,2557,Retail,Credit Card,COUPON032,36.70,AUD
9015,2024-02-18T18:34:51Z,2024-02-18,29463,3271,Franchise,Credit Card,COUPON032,16.38,EUR
9016,2023-05-18T08:18:21Z,2023-05-18,4818,91,Franchise,PayPal,COUPON042,43.40,AUD
9017,2024-01-09T08:54:03Z,2024-01-09,30110,3775,Franchise,Credit Card,COUPON027,32.83,AUD
9018,2023-06-08T10:12:21Z,2023-06-08,56073,1642,Retail,Gift Card,COUPON007,26.57,EUR
9019,2024-01-10T17:11:00Z,2024-01-10,49267,78,Online,Credit Card,COUPON035,9.04,AUD
9020,2023-09-05T19:57:34Z,2023-09-05,63979,4459,Online,Credit Card,COUPON003,49.19,EUR
9021,2023-11-18T02:42:45Z,2023-11-18,23117,3255,Online,Gift Card,COUPON002,29.60,EUR
9022,2023-03-20T15:42:22Z,2023-03-20,5365,3358,Franchise,Afterpay,COUPON032,2.19,EUR
9023,2024-09-20T17:59:08Z,2024-09-20,56806,4583,Retail,Cash,COUPON026,44.62,AUD
9024,2023-12-03T11:19:24Z,2023-12-03,33661,791,Franchise,Afterpay,COUPON047,16.36,AUD
9025,2023-10-28T21:14:49Z,2023-10-28,87307,5485,Retail,PayPal,COUPON048,2.30,AUD
9026,2023-12-08T08:16:29Z,2023-12-08,67110,904,Franchise,Gift Card,COUPON003,20.99,AUD
9027,2024-06-21T04:05:43Z,2024-06-21,7456,4534,Retail,Afterpay,COUPON016,5.29,EUR
9028,2023-10-02T07:45:42Z,2023-10-02,70469,3670,Franchise,Gift Card,COUPON033,15.67,EUR
9029,2023-10-19T17:24:07Z,2023-10-19,47583,4970,Franchise,PayPal,COUPON040,20.22,USD
9030,2023-01-24T22:00:34Z,2023-01-24,35312,1695,Online,Credit Card,COUPON030,28.33,USD
9031,2023-07-03T11:38:50Z,2023-07-03,18299,1784,Franchise,Gift Card,COUPON043,15.56,AUD
9032,2024-08-08T23:28:06Z,2024-08-08,73765,799,Retail,PayPal,COUPON004,48.23,EUR
9033,2023-04-06T05:10:18Z,2023-04-06,68555,1117,Retail,Credit Card,COUPON028,27.43,EUR
9034,2023-10-17T16:23:30Z,2023-10-17,45810,4402,Retail,PayPal,COUPON048,31.17,EUR
9035,2023-09-22T13:07:58Z,2023-09-22,42363,1498,Franchise,PayPal,COUPON026,47.59,USD
9036,2023-03-24T15:15:03Z,2023-03-24,43583,2720,Online,Gift Card,COUPON004,45.99,AUD
9037,2023-08-28T08:55:27Z,2023-08-28,2012,1218,Retail,Credit Card,COUPON027,44.87,AUD
9038,2024-07-07T11:46:46Z,2024-07-07,71286,4387,Online,Cash,COUPON037,17.05,AUD
9039,2023-02-17T01:41:08Z,2023-02-17,32220,1267,Retail,Credit Card,COUPON050,6.50,USD
9040,2024-07-27T10:17:57Z,2024-07-27,56856,4344,Retail,Credit Card,COUPON028,1.29,AUD
9041,2023-01-22T15:25:57Z,2023-01-22,2533,2251,Franchise,Cash,COUPON047,46.34,USD
9042,2023-04-16T03:06:03Z,2023-04-16,26899,2683,Franchise,Credit Card,COUPON041,33.99,AUD
9043,2023-12-20T11:55:14Z,2023-12-20,74409,162,Franchise,Gift Card,COUPON002,27.43,AUD
9044,2024-07-24T14:50:24Z,2024-07-24,54351,3739,Franchise,PayPal,COUPON001,38.73,EUR
9045,2023-09-22T20:11:46Z,2023-09-22,7076,4763,Online,Gift Card,COUPON004,46.26,EUR
9046,2024-08-23T05:54:39Z,2024-08-23,35601,499,Retail,Gift Card,COUPON042,15.60,AUD
9047,2023-05-29T15:50:43Z,2023-05-29,25711,4834,Retail,Afterpay,COUPON045,35.87,AUD
9048,2023-07-26T16:52:24Z,2023-07-26,5866,1115,Online,Gift Card,COUPON036,21.95,EUR
9049,2024-07-28T11:26:23Z,2024-07-28,54450,3432,Online,PayPal,COUPON019,14.06,EUR
9050,2023-02-06T05:06:39Z,2023-02-06,30426,2561,Franchise,Gift Card,COUPON020,44.75,AUD
9051,2024-05-09T01:30:55Z,2024-05-09,76427,2617,Online,Gift Card,COUPON022,23.62,AUD
9052,2024-06-10T11:38:49Z,2024-06-10,73653,626,Online,PayPal,COUPON048,20.05,USD
9053,2023-08-06T12:26:37Z,2023-08-06,72833,1541,Online,Afterpay,COUPON014,28.24,AUD
9054,2024-07-20T19:15:49Z,2024-07-20,30268,666,Retail,Cash,COUPON018,23.25,USD
9055,2023-10-29T22:01:15Z,2023-10-29,2007,3444,Online,Afterpay,COUPON007,13.56,AUD
9056,2024-02-20T19:42:04Z,2024-02-20,29789,4526,Retail,Cash,COUPON010,13.20,EUR
9057,2024-06-17T21:33:02Z,2024-06-17,9806,1300,Franchise,PayPal,COUPON004,16.59,USD
9058,2023-10-17T16:45:10Z,2023-10-17,59917,973,Retail,Credit Card,,37.52,EUR
9059,2024-08-25T04:40:25Z,2024-08-25,53609,1141,Retail,Afterpay,COUPON020,37.55,USD
9060,2023-06-13T00:48:30Z,2023-06-13,89502,5211,Retail,Afterpay,COUPON031,4.48,USD
9061,2024-03-20T10:57:56Z,2024-03-20,75085,707,Retail,Cash,COUPON018,37.35,EUR
9062,2023-09-06T21:06:13Z,2023-09-06,12942,2397,Online,PayPal,COUPON037,34.64,EUR
9063,2023-04-07T09:40:33Z,2023-04-07,39335,491,Retail,Cash,COUPON005,27.45,EUR
9064,2024-03-20T05:41:09Z,2024-03-20,56768,2078,Online,Credit Card,COUPON030,39.29,AUD
9065,2023-03-09T14:19:18Z,2023-03-09,41853,4678,Franchise,PayPal,COUPON038,6.90,AUD
9066,2024-09-28T17:06:34Z,2024-09-28,12208,2731,Online,Cash,COUPON047,3.94,EUR
9067,2023-11-12T13:26:20Z,2023-11-12,52347,3759,Franchise,Gift Card,COUPON047,45.00,AUD
9068,2023-03-12T11:21:32Z,2023-03-12,77829,3272,Retail,Afterpay,,44.28,AUD
9069,2023-10-10T07:36:48Z,2023-10-10,25750,3307,Franchise,Credit Card,COUPON002,10.54,EUR
9070,2023-02-10T22:55:08Z,2023-02-10,51656,1270,Franchise,Credit Card,COUPON007,40.17,AUD
9071,2024-01-09T20:17:40Z,2024-01-09,45354,3958,Online,Credit Card,COUPON030,35.34,AUD
9072,2023-03-31T01:02:58Z,2023-03-31,34046,301,Online,Gift Card,COUPON006,12.26,EUR
9073,2023-03-07T09:28:40Z,2023-03-07,52965,4230,Retail,Cash,COUPON043,2.39,EUR
6979,2023-04-12T19:32:15Z,2023-04-12,58070,2705,Franchise,PayPal,COUPON021,41.38,USD
9075,2023-08-14T09:54:04Z,2023-08-14,17227,4787,Franchise,Afterpay,COUPON030,5.00,USD
9076,2023-04-29T10:09:37Z,2023-04-29,33510,3466,Franchise,PayPal,COUPON018,12.20,USD
9077,2023-05-14T17:46:41Z,2023-05-14,18310,4769,Franchise,Credit Card,COUPON015,23.92,AUD
9078,2023-11-30T17:05:04Z,2023-11-30,21302,2834,Retail,Gift Card,COUPON003,45.97,AUD
9079,2023-07-02T02:56:49Z,2023-07-02,28271,2661,Franchise,Credit Card,COUPON010,32.35,EUR
9080,2023-08-06T07:02:45Z,2023-08-06,66367,4905,Retail,Afterpay,COUPON002,10.88,USD
9081,2024-04-22T03:59:28Z,2024-04-22,9676,4545,Retail,PayPal,COUPON033,36.83,USD
9082,2023-05-09T10:28:41Z,2023-05-09,28139,2255,Franchise,PayPal,COUPON015,27.79,EUR
9083,2023-09-10T23:39:44Z,2023-09-10,29091,4560,Franchise,Afterpay,COUPON048,41.45,USD
9084,2023-11-08T16:23:11Z,2023-11-08,39824,4854,Franchise,Gift Card,COUPON028,6.63,USD
9085,2023-05-12T12:22:20Z,2023-05-12,10987,4644,Online,PayPal,COUPON026,32.25,AUD
9086,2024-01-05T04:29:32Z,2024-01-05,36137,3904,Retail,Gift Card,COUPON023,3.97,EUR
9087,2023-05-14T16:49:59Z,2023-05-14,21411,4551,Retail,Cash,COUPON001,46.14,EUR
9088,2023-06-02T02:08:22Z,2023-06-02,64518,2850,Retail,Afterpay,COUPON029,22.65,USD
9089,2023-03-22T11:53:14Z,2023-03-22,24107,4214,Franchise,Credit Card,COUPON005,36.54,AUD
9090,2023-07-30T06:26:12Z,2023-07-30,70412,2962,Franchise,Credit Card,COUPON043,41.33,EUR
9091,2023-11-09T10:32:53Z,2023-11-09,62768,4198,Franchise,Cash,COUPON027,19.29,EUR
9092,2023-06-05T15:30:43Z,2023-06-05,49877,198,Online,Afterpay,COUPON015,49.30,USD
9093,2023-09-16T19:23:53Z,2023-09-16,23571,789,Retail,Gift Card,COUPON029,20.27,USD
9094,2024-07-21T15:24:02Z,2024-07-21,28974,2282,Online,Gift Card,COUPON013,9.68,USD
9095,2024-07-27T06:40:51Z,2024-07-27,2412,3860,Online,Credit Card,COUPON025,29.73,EUR
9096,2024-02-06T13:57:51Z,2024-02-06,2291,2692,Retail,PayPal,COUPON049,11.74,EUR
9097,2023-01-31T07:48:27Z,2023-01-31,9328,4044,Retail,PayPal,COUPON013,29.16,AUD
9098,2023-02-13T01:23:50Z,2023-02-13,17702,1577,Online,Afterpay,COUPON023,23.00,EUR
9099,2023-04-01T10:30:23Z,2023-04-01,26523,1970,Online,Gift Card,COUPON004,0.78,USD
9100,2024-08-02T16:14:02Z,2024-08-02,51811,2808,Franchise,Credit Card,COUPON041,13.59,EUR
9101,2023-06-23T14:24:52Z,2023-06-23,9386,4074,Online,Afterpay,COUPON008,47.21,EUR
9102,2023-10-17T19:47:05Z,2023-10-17,75098,952,Retail,Cash,COUPON012,19.07,USD
9103,2023-08-23T22:33:33Z,2023-08-23,54903,4537,Retail,PayPal,COUPON019,43.15,EUR
9104,2023-02-09T00:40:55Z,2023-02-09,36983,949,Online,Afterpay,COUPON047,41.99,EUR
9105,2023-08-09T13:09:43Z,2023-08-09,6067,3692,Online,Credit Card,COUPON037,26.86,EUR
9106,2023-03-13T06:00:46Z,2023-03-13,42285,269,Online,Credit Card,COUPON026,30.45,AUD
9107,2023-01-18T20:06:50Z,2023-01-18,12384,4766,Online,Credit Card,COUPON008,11.05,USD
9108,2024-04-27T08:29:49Z,2024-04-27,53179,976,Online,Afterpay,COUPON033,10.97,USD
9109,2024-06-27T23:10:14Z,2024-06-27,74515,2881,Retail,Cash,COUPON023,24.48,USD
9110,2024-03-22T15:41:56Z,2024-03-22,17501,4665,Retail,Credit Card,COUPON032,9.78,USD
9111,2023-10-27T17:50:00Z,2023-10-27,2033,3133,Retail,PayPal,COUPON009,42.74,USD
9112,2024-01-03T09:57:54Z,2024-01-03,74837,1400,Franchise,PayPal,COUPON037,29.35,USD
9113,2024-01-09T01:44:09Z,2024-01-09,66376,3041,Retail,Cash,COUPON031,30.53,EUR
9114,2023-03-23T03:59:52Z,2023-03-23,29982,2192,Retail,PayPal,COUPON042,23.34,USD
9115,2024-01-19T08:34:06Z,2024-01-19,3438,2507,Online,Cash,COUPON022,7.91,AUD
9116,2024-07-18T07:39:54Z,2024-07-18,26234,4910,Online,Cash,COUPON033,18.69,EUR
9117,2023-11-15T16:20:13Z,2023-11-15,17226,4781,Franchise,Gift Card,COUPON033,3.59,USD
9118,2023-03-07T16:38:51Z,2023-03-07,71163,2405,Retail,Gift Card,COUPON002,32.82,USD
9119,2023-05-10T11:12:51Z,2023-05-10,10964,1413,Online,PayPal,COUPON009,21.26,EUR
9120,2024-06-11T11:42:38Z,2024-06-11,27513,33,Online,Afterpay,COUPON042,26.60,AUD
9121,2024-07-24T16:52:32Z,2024-07-24,48717,4578,Online,Gift Card,COUPON044,49.94,USD
9122,2024-08-21T00:44:16Z,2024-08-21,51147,1575,Online,Afterpay,COUPON023,27.89,EUR
9123,2023-12-19T22:51:08Z,2023-12-19,4195,3607,Franchise,Credit Card,COUPON026,46.34,USD
9124,2024-07-01T11:56:55Z,2024-07-01,27233,4932,Franchise,PayPal,COUPON037,13.41,EUR
9125,2023-06-16T17:02:00Z,2023-06-16,25558,232,Franchise,Gift Card,COUPON050,13.46,USD
9126,2024-02-02T18:31:30Z,2024-02-02,67694,1725,Franchise,Credit Card,COUPON046,34.39,USD
9127,2024-03-07T02:07:40Z,2024-03-07,22686,2835,Online,Credit Card,COUPON047,48.56,USD
9128,2023-04-15T08:34:33Z,2023-04-15,71542,3933,Retail,Afterpay,COUPON042,41.25,EUR
9129,2023-04-16T07:09:42Z,2023-04-16,66581,1650,Online,Afterpay,COUPON046,33.49,EUR
9130,2024-06-10T04:04:25Z,2024-06-10,64729,2412,Franchise,Cash,COUPON031,21.27,EUR
9131,2024-03-16T01:30:24Z,2024-03-16,34675,203,Online,Gift Card,COUPON013,26.31,EUR
9132,2023-12-12T11:12:33Z,2023-12-12,22815,4245,Online,Afterpay,COUPON004,48.74,USD
9133,2024-09-30T12:23:14Z,2024-09-30,63832,3834,Retail,Gift Card,COUPON012,45.17,AUD
9134,2023-03-26T02:47:00Z,2023-03-26,3232,2353,Franchise,Credit Card,COUPON042,20.50,EUR
9135,2024-06-14T11:26:57Z,2024-06-14,14808,1364,Franchise,Credit Card,COUPON025,43.80,AUD
9136,2023-03-25T12:57:32Z,2023-03-25,4737,1452,Online,Afterpay,COUPON050,9.09,EUR
9137,2023-01-19T15:28:37Z,2023-01-19,5199,2760,Retail,Gift Card,COUPON045,11.35,USD
9138,2023-08-27T06:00:05Z,2023-08-27,14440,3194,Retail,Cash,COUPON048,1.32,USD
9139,2023-07-13T08:54:58Z,2023-07-13,55875,139,Online,Credit Card,COUPON015,10.19,AUD
9140,2024-07-05T05:00:57Z,2024-07-05,32464,2742,Online,Afterpay,COUPON012,26.80,AUD
9141,2024-02-13T01:53:50Z,2024-02-13,33825,1886,Retail,Afterpay,COUPON049,3.99,USD
9142,2023-02-15T15:01:11Z,2023-02-15,61726,4791,Franchise,Credit Card,COUPON027,16.71,USD
9143,2023-03-07T13:10:48Z,2023-03-07,46076,2453,Online,Cash,COUPON010,20.40,EUR
9144,2023-04-01T13:49:33Z,2023-04-01,14532,2532,Franchise,Gift Card,COUPON009,24.00,USD
9145,2023-12-31T21:14:22Z,2023-12-31,6172,1298,Retail,Credit Card,COUPON034,8.01,USD
9146,2023-07-18T13:10:09Z,2023-07-18,22881,442,Franchise,Afterpay,COUPON017,36.20,EUR
9147,2024-08-02T08:29:08Z,2024-08-02,61625,1865,Online,PayPal,COUPON014,22.46,AUD
9148,2023-06-06T06:42:23Z,2023-06-06,24030,2923,Franchise,Cash,COUPON030,5.27,USD
9149,2023-11-28T22:53:26Z,2023-11-28,15303,4904,Online,Cash,COUPON040,44.74,AUD
9150,2024-05-01T16:01:52Z,2024-05-01,22243,1920,Retail,Afterpay,,26.68,EUR
9151,2023-01-11T14:50:50Z,2023-01-11,6595,922,Online,Afterpay,COUPON022,25.46,USD
9152,2024-07-26T03:52:40Z,2024-07-26,28464,1606,Retail,Cash,COUPON019,41.86,AUD
9153,2024-08-22T04:27:45Z,2024-08-22,73277,4401,Retail,PayPal,COUPON046,36.85,EUR
9154,2023-06-21T00:01:45Z,2023-06-21,30004,299,Retail,Cash,COUPON020,5.31,USD
9155,2024-04-09T18:02:27Z,2024-04-09,32896,2189,Franchise,Afterpay,COUPON013,7.73,AUD
9156,2023-11-13T17:20:56Z,2023-11-13,11439,1855,Retail,Credit Card,COUPON025,32.19,USD
9157,2023-10-10T07:10:56Z,2023-10-10,47400,1895,Retail,Gift Card,COUPON016,48.58,EUR
9158,2023-08-05T18:24:48Z,2023-08-05,17232,3861,Franchise,Credit Card,COUPON050,35.92,AUD
9159,2024-03-15T15:45:46Z,2024-03-15,22540,700,Retail,Afterpay,COUPON038,17.89,AUD
9160,2024-07-28T16:20:22Z,2024-07-28,56309,279,Online,Afterpay,COUPON030,25.25,AUD
9161,2023-12-09T22:53:21Z,2023-12-09,5421,3257,Retail,Cash,COUPON047,23.85,AUD
9162,2024-01-02T04:40:55Z,2024-01-02,26136,3004,Retail,PayPal,COUPON016,25.41,USD
9163,2023-05-13T13:11:03Z,2023-05-13,10303,2733,Online,Afterpay,COUPON034,40.46,USD
9164,2024-07-02T10:55:59Z,2024-07-02,46570,648,Franchise,Credit Card,COUPON050,36.40,AUD
9165,2023-01-03T10:45:53Z,2023-01-03,57656,3609,Franchise,PayPal,COUPON020,23.91,AUD
9166,2023-04-09T07:34:03Z,2023-04-09,79320,3046,Franchise,Cash,COUPON027,28.80,EUR
9167,2023-11-11T22:06:29Z,2023-11-11,78582,1358,Franchise,Gift Card,COUPON014,38.67,USD
9168,2024-01-07T13:18:45Z,2024-01-07,1357,1780,Franchise,Afterpay,COUPON002,27.68,AUD
9169,2023-04-07T15:23:39Z,2023-04-07,66901,4169,Online,Afterpay,COUPON037,43.89,AUD
9170,2024-04-21T09:14:17Z,2024-04-21,3500,2244,Franchise,Cash,COUPON034,20.35,AUD
9171,2024-06-27T16:19:19Z,2024-06-27,16760,1057,Online,Cash,COUPON025,47.33,EUR
9172,2023-05-10T15:42:43Z,2023-05-10,84462,5475,Retail,Credit Card,COUPON027,16.94,EUR
9173,2024-07-07T20:18:17Z,2024-07-07,11654,1312,Franchise,Gift Card,COUPON031,14.70,AUD
9174,2024-09-15T07:31:20Z,2024-09-15,68058,2821,Retail,Credit Card,COUPON018,13.42,EUR
9175,2023-08-02T06:13:58Z,2023-08-02,20040,172,Franchise,Cash,COUPON027,34.65,EUR
9176,2024-02-08T07:27:38Z,2024-02-08,36457,1091,Franchise,Afterpay,COUPON049,4.83,EUR
9177,2023-01-30T02:45:55Z,2023-01-30,3946,2021,Retail,Afterpay,COUPON034,20.50,USD
9178,2023-07-23T15:15:35Z,2023-07-23,46156,316,Retail,Afterpay,COUPON024,32.77,EUR
9179,2023-01-04T20:45:31Z,2023-01-04,71693,3145,Retail,Afterpay,COUPON030,48.39,EUR
9180,2023-12-25T12:38:20Z,2023-12-25,24703,3577,Retail,Gift Card,COUPON005,21.54,EUR
9181,2023-04-04T10:40:37Z,2023-04-04,2964,1004,Franchise,Gift Card,COUPON003,9.06,EUR
9182,2023-02-18T08:11:37Z,2023-02-18,77706,1264,Retail,Credit Card,COUPON016,43.66,AUD
9183,2023-06-12T21:43:42Z,2023-06-12,29427,1020,Retail,PayPal,COUPON013,20.22,EUR
9184,2023-10-11T11:35:46Z,2023-10-11,9176,4427,Franchise,Gift Card,COUPON047,39.70,EUR
9185,2023-03-03T14:38:58Z,2023-03-03,19771,2654,Online,Gift Card,COUPON046,49.75,AUD
9186,2023-10-25T20:10:12Z,2023-10-25,13761,1927,Online,PayPal,COUPON040,18.95,AUD
9187,2024-04-19T06:46:17Z,2024-04-19,30590,3962,Franchise,Afterpay,COUPON020,48.95,AUD
9188,2024-02-28T13:15:46Z,2024-02-28,75981,3360,Retail,Credit Card,COUPON015,47.88,USD
9189,2024-07-04T21:19:59Z,2024-07-04,33603,2834,Online,PayPal,COUPON033,40.33,AUD
9190,2023-12-13T10:26:28Z,2023-12-13,12146,3702,Online,Cash,COUPON016,38.98,EUR
9191,2024-05-13T01:20:42Z,2024-05-13,26240,1976,Retail,PayPal,COUPON031,47.51,AUD
9192,2023-10-21T19:50:57Z,2023-10-21,26655,412,Retail,PayPal,COUPON020,49.24,USD
9193,2024-03-22T11:50:53Z,2024-03-22,9694,4531,Retail,Gift Card,COUPON020,20.87,AUD
9194,2023-06-16T04:25:51Z,2023-06-16,20822,3701,Franchise,Afterpay,COUPON036,18.57,EUR
9195,2023-05-02T12:54:17Z,2023-05-02,79217,348,Franchise,PayPal,COUPON012,40.29,EUR
9196,2024-02-21T10:24:58Z,2024-02-21,33853,3406,Online,PayPal,COUPON016,34.45,EUR
9197,2023-08-01T06:10:55Z,2023-08-01,73495,2816,Online,Gift Card,COUPON022,41.02,AUD
9198,2023-03-14T18:28:54Z,2023-03-14,1375,3419,Retail,Cash,COUPON024,33.86,AUD
9199,2023-11-20T04:48:01Z,2023-11-20,3668,478,Franchise,Afterpay,COUPON034,5.55,EUR
9200,2024-08-15T00:38:42Z,2024-08-15,61686,3716,Online,Afterpay,COUPON026,12.84,AUD
9201,2023-04-25T08:37:26Z,2023-04-25,24669,2768,Franchise,Afterpay,COUPON016,10.07,EUR
9202,2023-02-26T05:49:41Z,2023-02-26,61419,2321,Retail,Credit Card,COUPON017,7.52,AUD
9203,2024-04-18T09:15:08Z,2024-04-18,55140,3735,Franchise,Afterpay,COUPON023,4.87,USD
9204,2023-02-28T06:33:28Z,2023-02-28,67520,1663,Online,Cash,COUPON025,10.43,USD
9205,2024-02-25T14:57:21Z,2024-02-25,24251,1756,Franchise,Credit Card,COUPON049,26.72,EUR
9206,2024-05-06T23:05:56Z,2024-05-06,3148,4165,Online,PayPal,COUPON041,18.70,EUR
9207,2023-11-22T05:27:43Z,2023-11-22,65996,4101,Online,Gift Card,COUPON043,5.84,EUR
9208,2023-02-28T01:37:10Z,2023-02-28,67551,978,Retail,Cash,COUPON005,40.29,AUD
9209,2023-04-13T07:00:42Z,2023-04-13,14038,2511,Online,Afterpay,COUPON039,16.59,USD
9210,2024-01-21T18:51:24Z,2024-01-21,56517,2837,Online,Gift Card,COUPON032,5.18,USD
9211,2023-05-11T21:13:11Z,2023-05-11,36026,3128,Online,Afterpay,COUPON016,13.40,AUD
9212,2023-02-01T03:49:35Z,2023-02-01,63051,1243,Franchise,Afterpay,,11.10,EUR
9213,2023-08-26T12:36:05Z,2023-08-26,24486,1572,Retail,Credit Card,COUPON033,3.32,EUR
9214,2023-04-21T15:47:06Z,2023-04-21,38111,4312,Retail,Afterpay,COUPON009,7.99,AUD
9215,2023-11-04T17:07:02Z,2023-11-04,33353,61,Franchise,PayPal,COUPON038,6.75,USD
9216,2023-12-30T14:53:40Z,2023-12-30,15748,3925,Retail,Cash,COUPON033,23.40,USD
9217,2023-09-09T02:33:50Z,2023-09-09,39919,2718,Franchise,Cash,COUPON049,2.87,USD
9218,2023-07-17T19:17:39Z,2023-07-17,43689,1978,Franchise,Cash,COUPON012,28.55,EUR
9219,2023-07-13T16:43:44Z,2023-07-13,15464,1471,Franchise,Gift Card,COUPON006,41.41,EUR
9220,2023-06-03T18:08:09Z,2023-06-03,41141,1870,Retail,Gift Card,COUPON009,21.24,USD
9221,2024-03-09T20:05:15Z,2024-03-09,50176,3118,Online,Cash,COUPON027,16.23,AUD
9222,2023-06-25T20:11:04Z,2023-06-25,21039,4730,Franchise,Afterpay,COUPON040,48.28,USD
9223,2024-06-28T17:26:57Z,2024-06-28,17228,2756,Franchise,PayPal,COUPON041,2.90,AUD
9224,2023-07-02T05:25:50Z,2023-07-02,35429,3946,Retail,PayPal,,45.70,USD
9225,2023-04-14T07:25:01Z,2023-04-14,79334,2985,Retail,Cash,COUPON008,31.85,EUR
9226,2024-07-01T21:57:25Z,2024-07-01,10757,3191,Retail,Credit Card,COUPON024,5.59,AUD
9227,2023-12-10T01:32:01Z,2023-12-10,78732,2291,Franchise,Credit Card,COUPON012,47.30,EUR
9228,2024-01-28T04:05:16Z,2024-01-28,22564,4223,Online,Cash,COUPON039,7.72,EUR
9229,2024-04-04T15:01:50Z,2024-04-04,26063,134,Online,Cash,COUPON021,41.94,EUR
9230,2023-11-25T10:20:16Z,2023-11-25,3967,3919,Online,Credit Card,COUPON002,18.64,AUD
9231,2024-07-26T16:45:18Z,2024-07-26,9951,1774,Franchise,Credit Card,COUPON037,38.72,EUR
9232,2023-07-12T15:18:56Z,2023-07-12,20558,2809,Franchise,Credit Card,COUPON021,13.93,USD
9233,2023-01-17T16:18:58Z,2023-01-17,13487,21,Online,PayPal,COUPON042,39.56,USD
9234,2023-01-31T14:57:19Z,2023-01-31,68736,323,Online,Cash,COUPON014,38.52,USD
9235,2024-03-22T04:55:12Z,2024-03-22,22330,3276,Franchise,Cash,COUPON029,41.13,EUR
9236,2024-03-11T22:44:05Z,2024-03-11,67482,2328,Retail,Afterpay,COUPON030,47.00,USD
9237,2024-01-23T19:00:04Z,2024-01-23,51428,4644,Retail,Afterpay,COUPON033,35.73,USD
9238,2024-03-21T06:46:25Z,2024-03-21,41345,3642,Retail,PayPal,COUPON035,27.93,AUD
9239,2023-10-14T16:34:57Z,2023-10-14,54644,1065,Online,Cash,COUPON030,49.41,EUR
9240,2023-11-16T03:50:56Z,2023-11-16,42505,229,Franchise,Gift Card,COUPON017,16.38,AUD
9241,2024-05-02T20:11:34Z,2024-05-02,25894,3337,Franchise,Afterpay,COUPON001,2.67,USD
9242,2024-01-17T18:21:25Z,2024-01-17,25385,1969,Online,PayPal,COUPON043,17.44,EUR
9243,2023-02-23T04:02:39Z,2023-02-23,5480,772,Franchise,PayPal,COUPON008,41.95,AUD
9244,2024-01-05T01:33:44Z,2024-01-05,10811,2795,Franchise,Afterpay,COUPON004,2.69,EUR
9245,2023-11-03T12:18:11Z,2023-11-03,37852,3423,Online,PayPal,COUPON042,21.89,USD
9246,2023-01-28T02:24:54Z,2023-01-28,2669,651,Retail,Cash,COUPON006,40.74,USD
9247,2024-03-16T02:07:57Z,2024-03-16,6777,4425,Online,Credit Card,COUPON042,41.11,USD
9248,2023-12-28T13:12:01Z,2023-12-28,326,4349,Franchise,Afterpay,COUPON031,13.09,USD
9249,2023-05-25T11:49:18Z,2023-05-25,75624,3808,Retail,Cash,COUPON017,6.96,EUR
9250,2024-07-31T05:08:12Z,2024-07-31,29435,3990,Online,Afterpay,COUPON018,3.58,AUD
9251,2023-07-21T02:14:17Z,2023-07-21,23951,1293,Online,Credit Card,COUPON049,0.33,AUD
9252,2023-06-26T15:17:16Z,2023-06-26,39652,3513,Online,Credit Card,COUPON036,26.75,EUR
9253,2024-03-04T13:03:35Z,2024-03-04,10990,3811,Franchise,PayPal,COUPON032,29.80,EUR
9254,2024-02-12T04:13:52Z,2024-02-12,21733,3469,Online,Cash,COUPON021,44.53,USD
9255,2024-05-24T22:56:35Z,2024-05-24,12869,2873,Retail,Credit Card,COUPON015,32.72,USD
9256,2023-08-08T13:14:39Z,2023-08-08,52939,3780,Online,Gift Card,COUPON030,3.97,USD
9257,2023-02-05T09:40:30Z,2023-02-05,10611,2386,Franchise,Cash,COUPON022,14.10,AUD
9258,2023-05-03T14:18:44Z,2023-05-03,25731,179,Online,Afterpay,COUPON044,22.86,EUR
9259,2024-01-22T10:14:16Z,2024-01-22,44369,370,Online,Cash,COUPON031,43.43,EUR
9260,2023-06-12T01:58:06Z,2023-06-12,60856,3375,Retail,PayPal,COUPON045,17.96,USD
9261,2024-07-09T23:04:52Z,2024-07-09,33530,365,Franchise,Gift Card,COUPON015,19.59,AUD
9262,2023-01-20T10:59:36Z,2023-01-20,64582,4530,Franchise,PayPal,COUPON002,46.19,AUD
9263,2024-05-02T22:46:40Z,2024-05-02,73227,1240,Franchise,PayPal,COUPON010,12.32,EUR
9264,2024-07-10T23:03:31Z,2024-07-10,8003,1915,Franchise,Credit Card,COUPON045,43.05,EUR
9265,2023-02-26T07:50:51Z,2023-02-26,55493,3451,Online,Cash,COUPON031,45.06,USD
9266,2024-01-13T19:27:47Z,2024-01-13,19445,853,Retail,PayPal,COUPON011,9.99,AUD
9267,2023-10-02T15:25:57Z,2023-10-02,38635,3354,Online,Credit Card,COUPON040,22.72,EUR
9268,2023-05-30T22:47:22Z,2023-05-30,32495,3633,Online,Cash,COUPON019,3.28,EUR
9269,2023-01-13T21:16:39Z,2023-01-13,54685,749,Online,Afterpay,COUPON023,31.11,AUD
9270,2023-09-27T21:36:34Z,2023-09-27,12029,2992,Franchise,Gift Card,COUPON046,36.85,USD
9271,2023-09-24T17:56:40Z,2023-09-24,78977,4816,Online,Credit Card,COUPON012,7.05,EUR
9272,2024-09-13T05:13:41Z,2024-09-13,71029,3623,Franchise,PayPal,COUPON007,45.46,AUD
9273,2024-08-06T20:16:56Z,2024-08-06,1059,1752,Franchise,Credit Card,COUPON044,46.72,AUD
9274,2023-01-20T02:10:40Z,2023-01-20,67403,4816,Franchise,PayPal,COUPON027,27.18,USD
9275,2023-12-07T12:25:40Z,2023-12-07,79030,2005,Franchise,Cash,COUPON032,20.89,USD
9276,2024-01-17T08:29:38Z,2024-01-17,53582,618,Online,PayPal,COUPON006,41.91,EUR
9277,2023-09-05T23:55:44Z,2023-09-05,33084,4608,Retail,PayPal,COUPON005,35.12,AUD
9278,2024-01-18T18:13:55Z,2024-01-18,1178,2977,Online,Afterpay,COUPON005,26.75,EUR
9279,2023-08-10T07:17:33Z,2023-08-10,57126,4851,Franchise,Gift Card,COUPON042,15.55,EUR
9280,2023-05-04T05:48:16Z,2023-05-04,44330,2154,Retail,Gift Card,COUPON050,44.40,AUD
9281,2023-11-16T09:55:56Z,2023-11-16,37828,2839,Franchise,Cash,COUPON041,27.72,EUR
9282,2023-05-04T04:51:14Z,2023-05-04,28807,4877,Retail,Afterpay,COUPON022,7.85,AUD
9283,2024-03-23T23:36:47Z,2024-03-23,62369,959,Retail,PayPal,COUPON033,43.89,AUD
9284,2024-04-09T16:30:23Z,2024-04-09,6789,2798,Retail,Afterpay,COUPON046,34.42,EUR
9285,2024-08-26T01:17:15Z,2024-08-26,21140,1694,Online,Gift Card,COUPON011,48.65,USD
9286,2023-09-21T03:50:37Z,2023-09-21,76452,104,Franchise,Afterpay,COUPON002,10.48,AUD
9287,2023-08-16T16:09:48Z,2023-08-16,15953,4425,Retail,Cash,COUPON030,11.05,USD
9288,2023-03-19T18:16:14Z,2023-03-19,52535,462,Online,PayPal,COUPON045,7.56,AUD
9289,2024-08-26T17:44:12Z,2024-08-26,85748,5164,Online,Credit Card,COUPON037,27.68,AUD
9290,2024-04-24T20:04:31Z,2024-04-24,39658,3507,Online,PayPal,COUPON028,20.27,AUD
9291,2024-04-27T23:56:43Z,2024-04-27,34929,2374,Online,Cash,COUPON009,30.24,AUD
9292,2023-05-18T17:33:18Z,2023-05-18,32167,580,Franchise,Afterpay,COUPON034,49.52,AUD
9293,2023-06-13T04:51:33Z,2023-06-13,23250,2652,Online,Gift Card,COUPON017,17.76,EUR
9294,2023-10-21T11:59:23Z,2023-10-21,21731,4742,Franchise,Afterpay,COUPON006,27.88,USD
9295,2023-07-09T20:49:58Z,2023-07-09,36355,4785,Online,Afterpay,COUPON029,28.52,AUD
9296,2024-03-05T12:43:48Z,2024-03-05,25160,3262,Franchise,Credit Card,COUPON013,17.17,USD
9297,2024-04-23T08:12:13Z,2024-04-23,31001,417,Online,Gift Card,COUPON033,39.95,USD
9298,2023-10-25T05:14:44Z,2023-10-25,78866,611,Online,Cash,COUPON006,43.44,EUR
9299,2023-11-28T18:50:53Z,2023-11-28,44640,4848,Franchise,Afterpay,COUPON010,33.73,USD
9300,2024-08-01T11:00:01Z,2024-08-01,25265,4588,Online,Cash,COUPON037,31.44,EUR
9301,2023-09-27T08:42:37Z,2023-09-27,67306,4391,Online,PayPal,COUPON041,33.93,EUR
9302,2023-01-18T02:50:06Z,2023-01-18,69513,3843,Online,Credit Card,COUPON002,8.34,USD
9303,2024-02-05T02:11:10Z,2024-02-05,39420,216,Retail,PayPal,COUPON012,4.80,AUD
9304,2023-07-30T16:01:51Z,2023-07-30,13755,2860,Franchise,PayPal,COUPON002,8.70,EUR
9305,2023-05-07T20:15:35Z,2023-05-07,59006,2277,Franchise,Afterpay,COUPON008,21.23,USD
9306,2024-09-10T13:08:17Z,2024-09-10,46342,488,Retail,Cash,COUPON028,27.86,USD
9307,2023-11-03T16:08:21Z,2023-11-03,65910,4313,Retail,PayPal,COUPON020,35.14,EUR
9308,2024-02-11T15:57:47Z,2024-02-11,21148,3249,Franchise,Afterpay,COUPON038,17.89,EUR
9309,2023-08-25T18:38:12Z,2023-08-25,69919,1468,Online,PayPal,COUPON045,12.39,USD
9310,2024-05-18T08:57:42Z,2024-05-18,45549,1736,Retail,Gift Card,COUPON010,0.98,EUR
9311,2023-03-25T09:15:59Z,2023-03-25,66740,289,Online,PayPal,COUPON017,38.67,USD
9312,2023-12-23T22:57:03Z,2023-12-23,57513,756,Franchise,Gift Card,COUPON033,14.80,EUR
9313,2023-05-07T22:28:28Z,2023-05-07,30121,4326,Franchise,Afterpay,COUPON024,37.12,EUR
9314,2023-08-06T14:04:31Z,2023-08-06,31660,4754,Retail,Credit Card,COUPON002,17.48,EUR
9315,2023-03-24T15:03:46Z,2023-03-24,29561,4781,Retail,Credit Card,COUPON026,30.37,EUR
9316,2024-06-07T11:35:05Z,2024-06-07,66344,982,Retail,Afterpay,COUPON026,25.00,AUD
9317,2024-02-02T04:35:18Z,2024-02-02,61119,4846,Online,Credit Card,COUPON004,16.01,EUR
9318,2024-03-29T13:36:45Z,2024-03-29,75734,4127,Franchise,Credit Card,COUPON003,4.50,AUD
9319,2023-11-24T16:47:20Z,2023-11-24,19442,1273,Retail,PayPal,COUPON044,26.65,USD
9320,2023-08-27T20:56:04Z,2023-08-27,22330,4192,Online,PayPal,COUPON049,10.75,AUD
9321,2023-01-15T03:34:46Z,2023-01-15,19405,3069,Online,Afterpay,COUPON042,15.93,EUR
9322,2023-10-08T20:14:38Z,2023-10-08,66293,402,Franchise,Afterpay,COUPON048,30.83,AUD
9323,2023-05-25T16:23:02Z,2023-05-25,53766,3429,Franchise,Cash,COUPON010,24.27,USD
9324,2023-06-17T18:44:37Z,2023-06-17,55389,782,Retail,PayPal,COUPON043,22.55,EUR
9325,2023-07-05T11:31:08Z,2023-07-05,5735,2622,Online,Gift Card,COUPON028,32.18,AUD
9326,2023-09-16T14:58:43Z,2023-09-16,37830,2100,Online,PayPal,COUPON048,38.62,USD
9327,2023-02-08T06:27:22Z,2023-02-08,31624,366,Online,Credit Card,COUPON029,0.77,EUR
9328,2023-04-07T23:04:07Z,2023-04-07,42054,3960,Online,PayPal,COUPON047,6.13,AUD
9329,2023-05-27T05:56:04Z,2023-05-27,72104,272,Online,Gift Card,COUPON023,4.55,AUD
9330,2024-08-29T21:14:59Z,2024-08-29,3867,3671,Retail,Gift Card,COUPON019,9.81,AUD
9331,2023-04-06T06:36:50Z,2023-04-06,66788,187,Online,Afterpay,COUPON023,29.47,EUR
9332,2023-04-08T01:37:47Z,2023-04-08,58170,3002,Online,Gift Card,COUPON047,34.94,EUR
9333,2023-10-06T18:04:36Z,2023-10-06,52142,3329,Online,Gift Card,COUPON014,44.71,USD
9334,2024-03-29T03:48:23Z,2024-03-29,17090,2519,Retail,Gift Card,COUPON011,41.86,AUD
9335,2023-04-16T00:27:44Z,2023-04-16,59550,3311,Online,PayPal,COUPON033,48.45,USD
9336,2024-06-23T19:54:08Z,2024-06-23,43131,3454,Retail,Cash,COUPON009,42.15,USD
9337,2023-12-14T16:12:05Z,2023-12-14,12508,3941,Retail,Gift Card,COUPON035,28.48,EUR
9338,2024-04-14T17:06:08Z,2024-04-14,56341,1880,Online,PayPal,COUPON030,16.00,AUD
9339,2024-09-29T08:29:13Z,2024-09-29,51456,3431,Retail,Cash,COUPON027,13.07,EUR
9340,2024-01-12T01:04:38Z,2024-01-12,1408,4122,Retail,Gift Card,COUPON016,27.02,USD
9341,2024-04-22T16:53:35Z,2024-04-22,12714,1927,Franchise,Gift Card,COUPON048,45.56,USD
9342,2024-04-03T23:40:24Z,2024-04-03,18127,222,Retail,Credit Card,COUPON005,8.21,USD
9343,2023-10-18T12:25:33Z,2023-10-18,5159,4592,Online,Afterpay,COUPON037,18.48,AUD
9344,2023-03-31T18:18:08Z,2023-03-31,21951,4710,Retail,PayPal,COUPON048,0.90,EUR
9345,2023-09-18T11:55:28Z,2023-09-18,3403,420,Retail,PayPal,COUPON050,44.03,AUD
9346,2023-02-17T07:00:57Z,2023-02-17,30557,892,Online,Cash,COUPON044,36.45,EUR
9347,2023-11-21T02:26:04Z,2023-11-21,33831,135,Online,PayPal,COUPON005,42.77,USD
9348,2023-12-17T09:58:45Z,2023-12-17,43117,1009,Retail,PayPal,COUPON040,1.68,USD
9349,2024-05-08T06:49:38Z,2024-05-08,2672,1904,Online,Afterpay,COUPON015,36.96,EUR
9350,2024-04-15T22:14:09Z,2024-04-15,51901,2761,Franchise,Afterpay,COUPON038,13.23,AUD
9351,2024-09-22T05:18:30Z,2024-09-22,16625,3779,Retail,Afterpay,COUPON040,27.70,AUD
9352,2023-03-09T19:35:49Z,2023-03-09,60538,3781,Franchise,Afterpay,COUPON049,10.15,EUR
9353,2024-08-19T08:20:50Z,2024-08-19,76423,4440,Franchise,Gift Card,COUPON023,5.12,USD
9354,2024-02-07T06:37:28Z,2024-02-07,16633,4886,Retail,Afterpay,COUPON046,37.57,EUR
9355,2023-02-14T06:39:23Z,2023-02-14,5057,1625,Retail,Gift Card,COUPON031,5.19,AUD
9356,2023-05-07T21:47:43Z,2023-05-07,14871,1137,Online,Gift Card,COUPON018,5.27,AUD
9357,2024-03-12T21:15:17Z,2024-03-12,48586,2814,Franchise,Cash,COUPON027,15.00,EUR
9358,2023-11-11T21:07:45Z,2023-11-11,22512,4018,Franchise,Gift Card,COUPON019,40.24,AUD
9359,2023-03-07T03:18:20Z,2023-03-07,5572,2028,Franchise,Afterpay,COUPON007,43.96,USD
9360,2024-04-06T02:22:24Z,2024-04-06,63117,2877,Franchise,PayPal,COUPON019,12.87,EUR
9361,2023-03-02T03:17:55Z,2023-03-02,67979,1139,Online,Cash,COUPON003,7.06,EUR
9362,2024-09-30T03:57:06Z,2024-09-30,51892,2517,Franchise,Gift Card,COUPON016,43.89,AUD
9363,2024-03-17T16:34:45Z,2024-03-17,36893,558,Franchise,Credit Card,COUPON036,0.26,USD
9364,2023-04-29T10:57:03Z,2023-04-29,69960,4051,Retail,Afterpay,COUPON050,27.63,EUR
9365,2024-06-14T15:33:50Z,2024-06-14,71309,2151,Franchise,PayPal,COUPON008,24.96,EUR
9366,2023-11-13T02:04:34Z,2023-11-13,8567,3989,Retail,Afterpay,COUPON016,7.70,USD
9367,2024-07-29T17:50:30Z,2024-07-29,66799,4974,Online,Gift Card,COUPON002,19.01,USD
9368,2023-02-15T08:30:36Z,2023-02-15,43015,4099,Franchise,Credit Card,COUPON027,28.18,EUR
9369,2024-07-06T11:53:53Z,2024-07-06,26764,3638,Retail,PayPal,COUPON032,44.67,USD
9370,2023-11-23T23:22:48Z,2023-11-23,55852,2348,Franchise,Cash,COUPON013,31.86,USD
9371,2023-08-01T20:22:31Z,2023-08-01,16529,1461,Retail,Gift Card,COUPON046,32.17,EUR
9372,2024-06-05T05:00:02Z,2024-06-05,16267,3356,Online,Afterpay,COUPON019,3.41,EUR
9373,2023-10-12T18:12:17Z,2023-10-12,38647,4974,Online,PayPal,COUPON018,39.10,USD
9374,2024-02-23T18:58:30Z,2024-02-23,3401,4665,Franchise,Credit Card,COUPON007,49.39,EUR
9375,2023-12-20T23:41:33Z,2023-12-20,35485,3545,Franchise,Afterpay,COUPON029,5.33,AUD
9376,2024-03-06T04:16:20Z,2024-03-06,3075,2030,Retail,Cash,COUPON005,35.79,EUR
9377,2024-04-13T05:53:17Z,2024-04-13,77783,1598,Online,Credit Card,COUPON017,0.81,USD
9378,2023-12-20T15:09:16Z,2023-12-20,13714,3062,Franchise,Gift Card,COUPON046,39.64,USD
9379,2023-09-28T14:20:56Z,2023-09-28,3266,3210,Online,Credit Card,COUPON036,18.80,USD
9380,2024-04-01T02:20:16Z,2024-04-01,46892,2932,Retail,Gift Card,COUPON038,38.18,EUR
9381,2024-08-17T11:07:18Z,2024-08-17,4367,345,Franchise,Afterpay,COUPON025,45.55,EUR
9382,2024-05-11T06:15:34Z,2024-05-11,42089,2771,Online,Cash,COUPON031,10.49,USD
9383,2024-05-18T15:54:28Z,2024-05-18,39330,3428,Retail,Credit Card,COUPON040,44.04,AUD
9384,2024-02-10T08:37:31Z,2024-02-10,26016,241,Online,Credit Card,COUPON018,19.82,EUR
9385,2024-08-08T14:54:55Z,2024-08-08,74082,3027,Retail,PayPal,COUPON047,11.00,AUD
9386,2023-02-03T06:11:14Z,2023-02-03,35057,1527,Online,Gift Card,COUPON041,48.07,AUD
9387,2023-12-30T20:04:12Z,2023-12-30,74110,3225,Franchise,Gift Card,COUPON008,32.38,AUD
9388,2024-08-27T09:37:18Z,2024-08-27,13441,4518,Franchise,Credit Card,COUPON046,13.06,EUR
9389,2024-09-27T22:57:40Z,2024-09-27,78958,3657,Franchise,PayPal,COUPON045,19.74,USD
9390,2023-11-12T09:19:37Z,2023-11-12,9393,2025,Retail,Cash,COUPON030,18.74,EUR
9391,2024-09-07T17:04:10Z,2024-09-07,2764,4920,Online,Gift Card,,10.14,EUR
9392,2023-03-08T18:51:51Z,2023-03-08,14200,1173,Retail,Afterpay,COUPON021,21.01,AUD
9393,2023-07-15T14:47:13Z,2023-07-15,41768,4822,Retail,PayPal,COUPON036,2.11,USD
9394,2024-07-24T23:23:50Z,2024-07-24,24546,3562,Retail,PayPal,COUPON044,4.79,AUD
9395,2023-09-30T17:22:38Z,2023-09-30,62534,1193,Franchise,Cash,COUPON045,12.44,AUD
9396,2023-04-03T06:53:56Z,2023-04-03,69464,4944,Online,PayPal,COUPON045,10.12,USD
9397,2023-05-29T16:11:59Z,2023-05-29,18718,3050,Retail,Gift Card,COUPON008,30.07,AUD
9398,2023-04-03T01:27:07Z,2023-04-03,32366,360,Retail,PayPal,COUPON002,47.88,USD
9399,2024-05-22T06:28:53Z,2024-05-22,48168,597,Franchise,Afterpay,,23.08,AUD
9400,2023-07-21T07:20:42Z,2023-07-21,6073,3272,Retail,PayPal,COUPON039,43.04,EUR
9401,2024-01-24T14:36:22Z,2024-01-24,73038,4215,Retail,Cash,COUPON016,31.03,AUD
9402,2023-01-06T20:46:06Z,2023-01-06,59395,669,Franchise,Cash,COUPON041,16.96,EUR
9403,2023-02-06T22:30:57Z,2023-02-06,27373,3885,Online,Afterpay,COUPON049,13.30,EUR
9404,2023-08-18T22:37:38Z,2023-08-18,44643,504,Retail,Afterpay,COUPON038,1.03,EUR
9405,2023-09-17T13:34:12Z,2023-09-17,65922,4746,Franchise,Cash,COUPON040,42.43,EUR
9406,2024-06-08T01:46:17Z,2024-06-08,19192,2485,Franchise,PayPal,COUPON013,35.64,USD
9407,2024-05-18T17:18:50Z,2024-05-18,38861,353,Franchise,Gift Card,COUPON042,32.86,AUD
9408,2024-02-05T17:54:55Z,2024-02-05,78531,2724,Online,Cash,,41.02,USD
9409,2023-02-08T13:13:20Z,2023-02-08,32657,3219,Retail,Gift Card,COUPON022,26.05,AUD
9410,2024-01-29T17:38:38Z,2024-01-29,70642,790,Franchise,Cash,COUPON022,12.95,EUR
9411,2024-04-08T15:14:58Z,2024-04-08,26968,2866,Retail,Cash,COUPON020,12.89,AUD
9412,2024-07-22T23:06:09Z,2024-07-22,58864,2993,Online,Credit Card,COUPON049,37.42,EUR
9413,2024-07-09T11:17:57Z,2024-07-09,12738,3131,Retail,Credit Card,COUPON044,25.83,AUD
9414,2024-08-31T11:48:05Z,2024-08-31,23142,4869,Retail,PayPal,COUPON032,10.87,AUD
9415,2023-04-21T15:17:55Z,2023-04-21,46632,2530,Retail,Credit Card,COUPON023,43.21,AUD
9416,2023-07-16T00:39:45Z,2023-07-16,57742,1188,Franchise,Cash,COUPON036,28.26,EUR
9417,2024-03-30T00:25:18Z,2024-03-30,5451,3564,Retail,Gift Card,COUPON022,45.50,USD
9418,2024-08-28T21:48:03Z,2024-08-28,1351,4735,Franchise,Cash,COUPON031,11.40,USD
9419,2024-01-18T15:13:08Z,2024-01-18,2785,2549,Franchise,Cash,COUPON040,45.22,AUD
9420,2023-07-02T13:33:26Z,2023-07-02,31340,2607,Franchise,Gift Card,COUPON016,13.54,EUR
9421,2023-04-11T10:05:02Z,2023-04-11,61988,1747,Franchise,Afterpay,COUPON032,26.46,USD
9422,2024-03-06T20:33:13Z,2024-03-06,27339,2100,Franchise,Cash,COUPON035,6.19,USD
9423,2023-04-06T19:41:33Z,2023-04-06,2146,4341,Franchise,PayPal,COUPON014,18.61,AUD
9424,2023-03-23T21:53:51Z,2023-03-23,39407,2464,Retail,Gift Card,COUPON005,25.90,AUD
9425,2023-09-17T19:08:01Z,2023-09-17,32804,1160,Online,Cash,COUPON022,28.03,EUR
9426,2024-02-07T18:38:20Z,2024-02-07,11490,1826,Franchise,Cash,COUPON021,30.23,EUR
9427,2024-01-09T16:47:25Z,2024-01-09,14821,173,Retail,Cash,COUPON016,20.05,USD
9428,2024-05-13T12:37:10Z,2024-05-13,4192,1285,Franchise,PayPal,COUPON014,2.69,EUR
9429,2024-09-21T12:07:29Z,2024-09-21,69997,2788,Retail,Credit Card,COUPON017,7.63,USD
9430,2024-01-01T00:48:43Z,2024-01-01,61411,4839,Franchise,Gift Card,COUPON003,12.20,AUD
9431,2024-08-21T18:33:10Z,2024-08-21,57962,218,Franchise,Cash,COUPON003,35.22,USD
9432,2024-09-04T09:02:08Z,2024-09-04,13370,4286,Franchise,Gift Card,COUPON035,4.35,USD
9433,2023-11-25T11:22:08Z,2023-11-25,72989,4627,Franchise,Afterpay,COUPON046,33.77,AUD
9434,2024-08-01T14:29:51Z,2024-08-01,19307,2028,Online,Gift Card,COUPON017,45.86,AUD
9435,2023-06-21T04:14:13Z,2023-06-21,48403,4619,Franchise,Gift Card,COUPON017,24.34,EUR
9436,2023-06-18T21:03:17Z,2023-06-18,64152,3280,Online,Cash,COUPON043,1.89,EUR
9437,2023-06-01T14:11:33Z,2023-06-01,2718,488,Online,Gift Card,COUPON038,42.99,AUD
9438,2024-02-13T02:27:41Z,2024-02-13,1074,3200,Franchise,Cash,COUPON007,4.04,AUD
9439,2024-02-05T05:37:41Z,2024-02-05,47660,2722,Retail,Gift Card,COUPON039,21.79,AUD
9440,2024-01-11T10:25:03Z,2024-01-11,7027,320,Retail,Afterpay,COUPON001,10.37,AUD
9441,2023-11-03T21:17:04Z,2023-11-03,73305,3329,Online,Gift Card,COUPON028,5.85,USD
9442,2023-03-03T20:50:57Z,2023-03-03,15755,4821,Franchise,PayPal,COUPON016,16.17,USD
9443,2023-02-25T04:13:49Z,2023-02-25,37097,4473,Online,Cash,COUPON019,46.36,AUD
9444,2023-08-11T00:55:00Z,2023-08-11,51096,2555,Online,Afterpay,,26.05,USD
9445,2024-01-25T19:38:58Z,2024-01-25,69918,2426,Online,Afterpay,COUPON046,35.11,AUD
9446,2024-07-23T10:55:59Z,2024-07-23,41693,3060,Online,Cash,COUPON047,48.11,USD
9447,2023-06-27T19:05:19Z,2023-06-27,58925,1754,Online,Cash,COUPON006,8.72,EUR
9448,2024-03-15T08:13:27Z,2024-03-15,69263,3272,Retail,Gift Card,COUPON015,0.64,AUD
9449,2023-03-16T12:16:52Z,2023-03-16,51086,3995,Retail,Cash,COUPON010,49.35,AUD
9450,2024-06-09T11:02:39Z,2024-06-09,8696,2751,Online,Gift Card,COUPON003,39.88,AUD
9451,2023-05-28T13:18:45Z,2023-05-28,54032,3474,Retail,Afterpay,COUPON032,20.48,EUR
9452,2024-08-14T09:10:00Z,2024-08-14,27465,757,Online,PayPal,COUPON020,36.86,AUD
9453,2023-02-20T09:09:01Z,2023-02-20,67887,4877,Online,PayPal,COUPON050,42.70,EUR
9454,2024-02-02T19:32:24Z,2024-02-02,58236,23,Retail,Credit Card,COUPON003,35.65,USD
9455,2024-04-08T12:57:07Z,2024-04-08,68709,1653,Franchise,Cash,COUPON028,4.01,USD
9456,2024-04-28T20:45:02Z,2024-04-28,2456,4072,Online,Cash,COUPON014,41.59,EUR
9457,2023-12-07T12:55:23Z,2023-12-07,54735,2515,Online,Afterpay,COUPON020,48.28,USD
9458,2024-03-05T05:02:10Z,2024-03-05,14542,1267,Franchise,Afterpay,COUPON012,4.85,AUD
9459,2024-05-29T16:36:30Z,2024-05-29,78314,1983,Online,Cash,COUPON044,20.00,USD
9460,2023-03-23T02:40:38Z,2023-03-23,5316,2858,Online,Afterpay,COUPON012,34.63,AUD
9461,2023-01-20T14:46:35Z,2023-01-20,26843,2089,Retail,Cash,COUPON038,12.42,AUD
9462,2024-07-09T03:13:14Z,2024-07-09,56888,2151,Retail,Gift Card,COUPON017,35.76,AUD
9463,2023-03-06T14:13:04Z,2023-03-06,47872,38,Franchise,Afterpay,COUPON029,39.92,USD
9464,2023-01-11T07:29:07Z,2023-01-11,30677,4325,Online,PayPal,COUPON046,15.90,USD
9465,2024-04-15T07:56:39Z,2024-04-15,33665,3672,Retail,Gift Card,COUPON023,4.12,AUD
9466,2024-09-30T14:52:50Z,2024-09-30,46069,1936,Online,Cash,COUPON037,38.61,EUR
9467,2024-03-29T12:35:44Z,2024-03-29,9440,2030,Retail,Cash,COUPON011,18.05,USD
9468,2023-04-05T15:59:08Z,2023-04-05,33708,3710,Online,PayPal,COUPON006,5.43,USD
9469,2024-06-19T02:00:52Z,2024-06-19,44766,3507,Franchise,Afterpay,COUPON035,36.40,USD
9470,2024-05-29T00:31:40Z,2024-05-29,24962,1435,Franchise,Credit Card,COUPON030,23.45,USD
9471,2023-01-18T03:54:07Z,2023-01-18,34601,1115,Retail,Credit Card,COUPON011,18.49,AUD
9472,2024-06-29T02:00:30Z,2024-06-29,5861,4777,Retail,Cash,COUPON007,13.96,AUD
9473,2023-12-05T20:12:53Z,2023-12-05,11301,4425,Retail,PayPal,COUPON020,15.26,AUD
9474,2023-12-18T04:06:17Z,2023-12-18,48166,3696,Retail,Cash,COUPON042,37.54,USD
9475,2023-10-01T10:27:05Z,2023-10-01,35144,174,Online,Credit Card,COUPON039,34.23,EUR
9476,2024-05-06T00:32:23Z,2024-05-06,16460,2055,Franchise,PayPal,,30.25,AUD
9477,2024-01-16T11:52:10Z,2024-01-16,72265,2892,Online,PayPal,COUPON017,9.88,AUD
9478,2023-03-10T17:17:55Z,2023-03-10,680,2106,Franchise,Afterpay,COUPON001,47.52,USD
9479,2023-11-05T01:25:26Z,2023-11-05,26783,4200,Retail,Afterpay,COUPON026,32.40,EUR
9480,2023-12-31T23:22:53Z,2023-12-31,22772,227,Franchise,Credit Card,COUPON029,33.72,AUD
9481,2023-01-16T07:05:03Z,2023-01-16,23688,51,Retail,Credit Card,COUPON032,32.92,EUR
9482,2024-01-13T19:37:58Z,2024-01-13,48005,1097,Retail,Credit Card,COUPON021,38.58,USD
9483,2023-02-11T02:08:21Z,2023-02-11,42462,3010,Online,Afterpay,COUPON028,15.10,EUR
9484,2024-07-28T09:18:55Z,2024-07-28,3371,2636,Online,Cash,,34.10,EUR
9485,2023-01-27T18:10:56Z,2023-01-27,15917,4121,Online,Gift Card,COUPON012,3.11,EUR
9486,2023-07-16T23:35:41Z,2023-07-16,34294,2648,Online,Credit Card,COUPON024,10.60,AUD
9487,2023-11-18T07:33:05Z,2023-11-18,63861,259,Franchise,Gift Card,COUPON015,26.15,USD
9488,2024-08-13T22:52:30Z,2024-08-13,56266,2608,Retail,Credit Card,COUPON005,10.53,AUD
9489,2024-05-27T17:11:42Z,2024-05-27,14557,4654,Franchise,Gift Card,COUPON006,16.22,AUD
9490,2024-03-03T13:03:58Z,2024-03-03,75053,4713,Franchise,PayPal,COUPON039,6.35,USD
9491,2023-11-22T19:58:05Z,2023-11-22,68379,1768,Retail,Credit Card,COUPON021,4.52,USD
9492,2024-05-19T09:49:37Z,2024-05-19,1361,327,Retail,Gift Card,COUPON024,29.04,USD
9493,2024-08-21T14:25:31Z,2024-08-21,47266,4515,Franchise,Gift Card,COUPON007,5.14,USD
9494,2023-06-12T13:19:20Z,2023-06-12,21916,1992,Retail,Gift Card,COUPON023,36.09,EUR
9495,2023-12-16T05:22:00Z,2023-12-16,7371,4735,Franchise,Gift Card,COUPON023,17.93,AUD
9496,2023-10-24T04:36:42Z,2023-10-24,41698,2751,Franchise,PayPal,COUPON047,7.31,EUR
9497,2024-03-31T03:11:01Z,2024-03-31,75078,3481,Retail,Afterpay,COUPON043,29.17,AUD
9498,2023-12-05T23:02:45Z,2023-12-05,51622,1583,Franchise,Afterpay,COUPON036,20.35,USD
9499,2024-01-23T12:00:42Z,2024-01-23,50166,4969,Franchise,PayPal,COUPON025,48.80,EUR
9500,2023-05-11T12:12:10Z,2023-05-11,676,3755,Retail,Afterpay,COUPON002,46.13,EUR
9501,2023-06-07T11:39:08Z,2023-06-07,7195,2345,Online,Afterpay,COUPON032,16.53,EUR
9502,2024-08-01T03:33:00Z,2024-08-01,33435,252,Franchise,Afterpay,COUPON050,25.95,AUD
9503,2023-08-23T11:32:00Z,2023-08-23,81997,5923,Franchise,Credit Card,COUPON046,22.37,EUR
9504,2023-07-24T23:01:35Z,2023-07-24,78917,2531,Retail,PayPal,COUPON014,38.45,EUR
9505,2024-05-28T15:23:12Z,2024-05-28,54863,2685,Online,PayPal,COUPON050,16.17,EUR
9506,2024-02-13T12:02:21Z,2024-02-13,69794,4969,Retail,Credit Card,COUPON019,40.48,EUR
9507,2024-03-22T20:31:43Z,2024-03-22,43435,493,Retail,Afterpay,COUPON049,33.41,EUR
9508,2023-05-03T09:23:51Z,2023-05-03,17895,1972,Online,Gift Card,COUPON015,3.66,AUD
9509,2023-09-08T13:39:45Z,2023-09-08,11613,2186,Retail,Gift Card,COUPON042,1.90,AUD
9510,2024-04-02T22:01:19Z,2024-04-02,70748,3449,Retail,Afterpay,COUPON004,45.21,AUD
9511,2024-02-19T05:23:47Z,2024-02-19,42160,4400,Retail,Gift Card,COUPON008,14.20,EUR
9512,2023-10-31T07:42:39Z,2023-10-31,69088,2473,Retail,Credit Card,COUPON023,40.88,USD
9513,2024-03-23T08:04:56Z,2024-03-23,3921,2382,Retail,PayPal,COUPON006,44.78,USD
9514,2023-04-08T19:22:54Z,2023-04-08,67313,2701,Online,PayPal,COUPON033,8.28,AUD
9515,2023-12-18T22:05:53Z,2023-12-18,56999,4400,Online,PayPal,COUPON041,30.52,AUD
9516,2024-02-16T14:08:45Z,2024-02-16,18797,926,Online,Afterpay,COUPON020,26.37,AUD
9517,2024-06-13T00:07:34Z,2024-06-13,12432,4913,Franchise,Gift Card,COUPON004,40.37,USD
9518,2024-02-05T02:06:42Z,2024-02-05,32030,4921,Retail,Afterpay,COUPON004,12.21,USD
9519,2023-02-24T11:19:43Z,2023-02-24,45055,3551,Retail,Gift Card,COUPON034,12.22,EUR
9520,2023-10-17T03:42:33Z,2023-10-17,59110,2190,Online,Cash,COUPON024,5.32,AUD
9521,2023-10-03T14:13:54Z,2023-10-03,57319,4289,Online,Cash,COUPON042,47.93,USD
9522,2024-08-05T13:11:06Z,2024-08-05,57383,772,Franchise,Credit Card,COUPON050,40.37,EUR
9523,2023-03-22T15:10:27Z,2023-03-22,15811,738,Franchise,Credit Card,COUPON010,39.31,USD
9524,2023-08-23T05:30:10Z,2023-08-23,6845,2661,Online,Cash,COUPON026,39.40,EUR
9525,2024-03-03T19:16:45Z,2024-03-03,23999,911,Online,Cash,COUPON034,44.39,EUR
9526,2024-06-13T07:46:47Z,2024-06-13,55969,339,Retail,Cash,COUPON013,38.57,EUR
9527,2023-03-10T06:59:34Z,2023-03-10,24214,1076,Online,Gift Card,COUPON015,32.77,EUR
9528,2023-12-21T23:41:10Z,2023-12-21,54717,1332,Franchise,Credit Card,COUPON024,41.04,USD
9529,2023-06-09T08:31:35Z,2023-06-09,44683,3178,Online,PayPal,COUPON002,0.14,EUR
9530,2023-03-31T16:59:36Z,2023-03-31,63576,629,Online,Gift Card,COUPON037,47.66,AUD
9531,2023-07-04T19:05:35Z,2023-07-04,6739,2078,Retail,PayPal,COUPON030,31.83,USD
9532,2024-08-27T20:20:24Z,2024-08-27,60786,3989,Retail,PayPal,COUPON047,40.71,AUD
9533,2024-03-27T21:22:58Z,2024-03-27,38826,194,Online,Afterpay,COUPON005,14.57,AUD
9534,2024-01-21T18:11:56Z,2024-01-21,78975,3090,Retail,Cash,COUPON039,42.06,AUD
9535,2023-09-24T17:55:17Z,2023-09-24,58438,1536,Retail,PayPal,COUPON013,8.24,EUR
9536,2024-06-21T10:01:27Z,2024-06-21,35863,1239,Online,Credit Card,COUPON027,9.22,USD
9537,2023-12-10T12:20:05Z,2023-12-10,19749,2247,Retail,Gift Card,COUPON043,14.35,AUD
9538,2024-08-31T23:04:09Z,2024-08-31,934,1730,Retail,Cash,COUPON031,48.51,AUD
9539,2023-12-24T00:24:59Z,2023-12-24,30013,817,Franchise,Cash,COUPON033,9.96,EUR
9540,2023-02-25T00:37:38Z,2023-02-25,16929,561,Retail,PayPal,COUPON048,29.85,AUD
9541,2024-06-28T04:50:23Z,2024-06-28,39580,1968,Franchise,Afterpay,COUPON012,12.72,EUR
9542,2024-06-16T07:31:45Z,2024-06-16,22406,3013,Franchise,Credit Card,COUPON047,45.34,EUR
9543,2024-04-13T04:57:01Z,2024-04-13,16779,171,Franchise,PayPal,COUPON043,8.58,USD
9544,2023-01-03T21:20:49Z,2023-01-03,16661,2223,Online,Credit Card,COUPON019,36.38,EUR
9545,2023-03-07T03:51:08Z,2023-03-07,30195,339,Online,PayPal,COUPON038,49.29,AUD
9546,2024-05-26T05:57:57Z,2024-05-26,3656,4414,Franchise,Afterpay,COUPON014,48.91,EUR
9547,2023-03-03T06:17:21Z,2023-03-03,61342,4243,Online,Cash,COUPON039,47.34,EUR
9548,2023-07-06T15:56:57Z,2023-07-06,34446,2186,Franchise,Cash,COUPON029,4.69,USD
9549,2023-12-21T01:03:12Z,2023-12-21,3059,2578,Online,PayPal,COUPON037,19.11,AUD
9550,2024-06-29T16:11:59Z,2024-06-29,73310,909,Franchise,Credit Card,COUPON012,36.19,USD
9551,2024-07-02T13:00:27Z,2024-07-02,13570,1100,Franchise,Credit Card,COUPON014,16.74,EUR
9552,2024-06-18T10:12:15Z,2024-06-18,29321,2579,Franchise,Cash,COUPON024,3.12,AUD
9553,2023-06-16T04:49:13Z,2023-06-16,53086,4725,Franchise,Credit Card,,15.31,AUD
9554,2023-04-03T06:55:39Z,2023-04-03,60692,1403,Online,Afterpay,COUPON006,0.68,AUD
9555,2024-04-30T11:41:32Z,2024-04-30,72121,106,Franchise,PayPal,COUPON037,20.29,AUD
9556,2023-10-23T02:04:34Z,2023-10-23,7973,4653,Franchise,Cash,COUPON023,34.76,USD
9557,2023-12-08T13:13:28Z,2023-12-08,50480,1406,Franchise,Gift Card,COUPON038,3.08,USD
9558,2023-12-26T14:26:54Z,2023-12-26,37531,577,Retail,Afterpay,COUPON034,9.67,USD
9559,2023-09-07T13:30:51Z,2023-09-07,19009,4813,Franchise,Afterpay,COUPON001,9.82,AUD
9560,2024-01-07T20:42:59Z,2024-01-07,60345,1338,Online,PayPal,,42.28,EUR
9561,2024-08-26T09:22:13Z,2024-08-26,26927,372,Online,PayPal,,5.46,USD
9562,2024-09-01T17:18:43Z,2024-09-01,26281,81,Retail,Afterpay,COUPON022,9.88,AUD
9563,2024-04-17T21:00:36Z,2024-04-17,7900,4434,Franchise,Cash,COUPON045,28.05,USD
9564,2023-09-03T02:39:22Z,2023-09-03,29238,3088,Online,Credit Card,COUPON046,26.80,EUR
9565,2023-09-27T20:40:55Z,2023-09-27,59713,1430,Franchise,Gift Card,COUPON002,28.37,AUD
9566,2023-11-08T18:54:55Z,2023-11-08,1321,3275,Franchise,Gift Card,COUPON018,19.37,EUR
9567,2023-11-01T20:03:44Z,2023-11-01,26537,479,Retail,Credit Card,COUPON024,10.42,AUD
9568,2023-01-20T06:25:35Z,2023-01-20,42955,296,Franchise,Cash,COUPON005,6.80,USD
9569,2023-11-08T17:24:40Z,2023-11-08,49839,4820,Franchise,Cash,COUPON039,46.01,USD
9570,2024-02-21T23:18:32Z,2024-02-21,2704,1931,Retail,Cash,COUPON014,43.15,AUD
9571,2023-06-01T03:22:15Z,2023-06-01,19204,325,Retail,Credit Card,COUPON043,32.51,USD
9572,2024-07-09T18:01:49Z,2024-07-09,25233,881,Online,Credit Card,COUPON009,43.35,USD
9573,2023-01-11T16:59:25Z,2023-01-11,54524,2502,Online,Credit Card,COUPON017,9.25,USD
9574,2024-01-12T12:19:45Z,2024-01-12,46817,2053,Online,Afterpay,COUPON027,43.39,USD
9575,2024-04-01T18:22:33Z,2024-04-01,58043,4283,Online,Credit Card,COUPON041,2.08,AUD
9576,2024-08-22T04:30:39Z,2024-08-22,31334,359,Franchise,Cash,COUPON023,22.28,EUR
9577,2023-10-15T04:24:37Z,2023-10-15,32942,445,Online,PayPal,COUPON038,20.58,AUD
9578,2023-06-11T20:29:03Z,2023-06-11,4856,2752,Retail,Afterpay,COUPON034,12.38,USD
9579,2024-03-07T13:25:53Z,2024-03-07,16535,4704,Online,Gift Card,COUPON039,10.07,EUR
9580,2024-08-27T06:30:02Z,2024-08-27,17472,2280,Franchise,Afterpay,COUPON045,47.31,AUD
9581,2024-05-11T12:19:48Z,2024-05-11,21486,1058,Online,Gift Card,COUPON033,49.02,AUD
9582,2023-01-31T07:22:51Z,2023-01-31,76052,3846,Online,Credit Card,COUPON050,5.34,USD
9583,2024-03-03T22:15:01Z,2024-03-03,78821,1021,Online,Gift Card,COUPON032,20.37,USD
9584,2023-10-24T03:43:34Z,2023-10-24,72835,4770,Online,Afterpay,COUPON033,14.07,AUD
9585,2023-06-09T04:39:17Z,2023-06-09,3654,1986,Online,Credit Card,COUPON005,32.28,EUR
9586,2024-01-11T22:50:03Z,2024-01-11,77874,1540,Retail,Credit Card,COUPON011,1.81,AUD
9587,2023-01-05T09:03:25Z,2023-01-05,46121,4510,Franchise,Credit Card,COUPON034,31.71,EUR
9588,2023-04-30T17:05:08Z,2023-04-30,73922,3044,Retail,Credit Card,COUPON038,1.63,USD
9589,2023-10-02T09:00:54Z,2023-10-02,76757,256,Online,Gift Card,COUPON007,5.11,AUD
9590,2023-12-12T23:24:54Z,2023-12-12,10816,4540,Retail,Gift Card,COUPON043,33.81,AUD
9591,2024-07-16T17:33:07Z,2024-07-16,10723,4150,Franchise,Gift Card,COUPON013,5.30,AUD
9592,2023-01-02T02:09:25Z,2023-01-02,14041,1453,Franchise,Credit Card,COUPON022,44.87,EUR
9593,2024-09-23T17:31:58Z,2024-09-23,18223,141,Retail,Afterpay,COUPON035,40.77,EUR
9594,2024-02-01T17:18:33Z,2024-02-01,45205,4348,Retail,Cash,COUPON049,35.95,USD
9595,2023-03-27T18:11:19Z,2023-03-27,77535,1833,Franchise,Cash,COUPON042,25.62,EUR
9596,2023-06-18T22:24:57Z,2023-06-18,66195,511,Franchise,Afterpay,COUPON019,42.40,AUD
9597,2023-10-19T06:46:31Z,2023-10-19,7254,3873,Franchise,Afterpay,COUPON009,26.67,AUD
9598,2023-04-26T04:12:18Z,2023-04-26,66687,1750,Retail,Afterpay,COUPON031,46.62,EUR
9599,2023-09-03T08:58:18Z,2023-09-03,70333,609,Franchise,Cash,COUPON050,34.30,AUD
9600,2024-09-02T21:20:54Z,2024-09-02,36276,3119,Online,Cash,COUPON037,29.07,USD
9601,2024-07-22T05:15:35Z,2024-07-22,74232,2228,Franchise,Cash,COUPON039,4.68,AUD
9602,2024-01-04T20:01:05Z,2024-01-04,29207,4962,Online,Credit Card,COUPON027,48.77,AUD
9603,2023-02-06T10:29:41Z,2023-02-06,5013,385,Franchise,Cash,COUPON046,45.15,AUD
9604,2023-06-26T11:30:26Z,2023-06-26,57011,3810,Online,PayPal,COUPON027,27.55,EUR
9605,2024-02-26T02:45:05Z,2024-02-26,76853,3236,Retail,PayPal,COUPON020,34.98,USD
9606,2024-04-15T11:50:22Z,2024-04-15,68466,4537,Online,Afterpay,COUPON017,29.04,EUR
9607,2024-07-31T18:27:08Z,2024-07-31,1340,3128,Online,Gift Card,COUPON019,19.46,AUD
9608,2024-08-16T20:57:49Z,2024-08-16,60328,4964,Retail,PayPal,COUPON015,11.55,AUD
9609,2024-03-04T14:14:30Z,2024-03-04,77657,3920,Online,Credit Card,COUPON046,27.44,USD
9610,2024-03-13T08:39:59Z,2024-03-13,31692,4253,Franchise,PayPal,COUPON046,36.35,EUR
9611,2024-04-18T01:53:11Z,2024-04-18,66468,4286,Retail,Credit Card,COUPON050,12.02,USD
9612,2024-04-07T02:27:59Z,2024-04-07,67035,1421,Franchise,PayPal,COUPON006,9.39,AUD
9613,2023-05-22T20:34:39Z,2023-05-22,59316,4976,Online,Afterpay,COUPON045,38.17,USD
9614,2023-06-03T13:00:11Z,2023-06-03,54874,48,Online,Gift Card,COUPON021,19.02,EUR
9615,2023-10-30T18:13:56Z,2023-10-30,65698,1597,Retail,Afterpay,COUPON014,5.44,USD
9616,2023-04-24T20:50:07Z,2023-04-24,35671,618,Online,Afterpay,COUPON021,43.85,AUD
9617,2023-08-07T10:22:12Z,2023-08-07,11155,3206,Retail,Cash,COUPON031,38.57,AUD
9618,2024-06-01T23:03:46Z,2024-06-01,66186,949,Franchise,Credit Card,COUPON016,0.74,EUR
9619,2023-10-23T04:15:24Z,2023-10-23,21108,1707,Franchise,Afterpay,COUPON041,21.98,EUR
9620,2023-08-26T17:19:57Z,2023-08-26,75089,4630,Franchise,Credit Card,COUPON049,19.11,EUR
9621,2024-02-05T01:48:15Z,2024-02-05,23258,2020,Retail,Gift Card,COUPON030,10.84,USD
9622,2023-10-05T20:45:35Z,2023-10-05,28747,542,Retail,Cash,COUPON034,12.65,AUD
9623,2023-07-18T20:37:14Z,2023-07-18,72779,4709,Franchise,PayPal,COUPON021,44.13,USD
9624,2024-04-17T12:19:15Z,2024-04-17,26200,4196,Franchise,Gift Card,COUPON039,22.82,USD
9625,2024-04-01T18:36:39Z,2024-04-01,55466,1970,Retail,Credit Card,COUPON005,11.57,USD
9626,2024-01-02T04:11:06Z,2024-01-02,79835,4413,Retail,Credit Card,COUPON030,27.41,EUR
9627,2024-09-10T20:06:50Z,2024-09-10,13185,4655,Franchise,Gift Card,COUPON005,30.21,AUD
9628,2023-04-02T07:00:45Z,2023-04-02,32439,3336,Franchise,Afterpay,COUPON005,24.53,USD
9629,2023-07-13T02:12:59Z,2023-07-13,68012,4325,Franchise,Afterpay,COUPON045,20.49,AUD
9630,2023-01-04T11:28:01Z,2023-01-04,696,3593,Franchise,Afterpay,COUPON019,38.94,USD
9631,2023-04-23T21:18:02Z,2023-04-23,54811,231,Retail,Gift Card,COUPON010,5.51,USD
9632,2024-04-04T17:38:18Z,2024-04-04,59480,4861,Retail,Afterpay,COUPON031,25.67,AUD
9633,2024-03-04T22:51:00Z,2024-03-04,23321,4848,Franchise,Credit Card,COUPON040,12.18,USD
9634,2023-04-13T10:04:08Z,2023-04-13,10880,2469,Retail,Gift Card,COUPON033,29.24,EUR
9635,2024-01-06T18:56:43Z,2024-01-06,30026,4421,Online,Credit Card,COUPON027,41.62,USD
9636,2024-02-20T16:54:33Z,2024-02-20,85525,5596,Retail,Cash,COUPON017,5.00,EUR
9637,2023-06-09T11:09:53Z,2023-06-09,41260,1079,Franchise,Credit Card,COUPON005,28.30,USD
9638,2023-11-03T08:33:58Z,2023-11-03,21794,1854,Online,Gift Card,COUPON001,34.90,AUD
9639,2023-01-03T18:06:20Z,2023-01-03,32311,627,Retail,PayPal,COUPON027,48.86,USD
9640,2023-03-11T00:42:56Z,2023-03-11,11003,1780,Retail,Afterpay,COUPON050,8.78,EUR
9641,2023-09-24T10:57:29Z,2023-09-24,31112,4332,Franchise,Afterpay,COUPON004,26.88,AUD
9642,2023-10-02T22:48:55Z,2023-10-02,53945,3120,Retail,Afterpay,COUPON047,12.24,USD
9643,2024-05-11T06:38:22Z,2024-05-11,79281,1289,Retail,Afterpay,COUPON011,21.11,EUR
9644,2024-09-19T12:59:09Z,2024-09-19,77888,421,Franchise,Gift Card,COUPON019,40.27,EUR
9645,2023-01-28T06:36:28Z,2023-01-28,29230,411,Franchise,PayPal,COUPON026,32.45,AUD
9646,2023-02-21T20:03:17Z,2023-02-21,7338,3236,Franchise,PayPal,COUPON032,12.56,USD
9647,2023-05-29T20:56:53Z,2023-05-29,10594,750,Franchise,Gift Card,COUPON018,13.62,EUR
9648,2024-04-08T03:42:33Z,2024-04-08,21199,4445,Retail,Gift Card,COUPON003,17.12,EUR
9649,2024-04-30T02:48:09Z,2024-04-30,79455,918,Franchise,PayPal,COUPON034,47.58,EUR
9650,2024-06-19T10:22:36Z,2024-06-19,79832,1591,Retail,Credit Card,COUPON032,3.14,AUD
9651,2023-09-25T21:44:51Z,2023-09-25,55275,4373,Franchise,PayPal,COUPON007,7.37,AUD
9652,2024-09-20T15:42:21Z,2024-09-20,63372,1229,Online,Cash,COUPON048,42.03,EUR
9653,2023-03-31T15:56:45Z,2023-03-31,13978,4458,Online,Cash,COUPON018,26.39,USD
9654,2024-06-05T23:03:36Z,2024-06-05,35710,3492,Online,Cash,COUPON008,27.87,USD
9655,2023-08-19T05:55:52Z,2023-08-19,56923,4791,Online,Cash,COUPON004,10.31,USD
9656,2024-09-21T12:41:51Z,2024-09-21,71109,1343,Retail,Credit Card,COUPON005,39.40,USD
9657,2023-12-19T10:12:41Z,2023-12-19,68891,3120,Franchise,Credit Card,COUPON009,47.75,EUR
9658,2023-10-18T16:53:08Z,2023-10-18,8717,2809,Franchise,Gift Card,COUPON034,28.37,AUD
9659,2024-04-16T23:21:45Z,2024-04-16,46290,3485,Online,Credit Card,COUPON043,22.22,USD
9660,2023-09-12T18:51:40Z,2023-09-12,70259,4911,Retail,Afterpay,COUPON045,38.97,AUD
9661,2024-01-03T01:28:43Z,2024-01-03,53008,350,Retail,Afterpay,,24.25,EUR
9662,2023-02-21T02:08:45Z,2023-02-21,32437,686,Franchise,Cash,COUPON027,13.53,AUD
9663,2023-08-08T11:48:48Z,2023-08-08,41278,3152,Franchise,Gift Card,COUPON023,26.58,USD
9664,2023-12-09T08:57:00Z,2023-12-09,36236,1032,Online,Cash,COUPON046,41.06,EUR
9665,2023-09-16T07:00:12Z,2023-09-16,1862,1011,Online,Gift Card,COUPON025,5.65,USD
9666,2023-03-02T03:28:06Z,2023-03-02,57891,2488,Franchise,PayPal,COUPON030,31.97,EUR
9667,2024-05-14T13:22:35Z,2024-05-14,62838,3920,Franchise,Gift Card,COUPON002,21.15,EUR
9668,2023-02-09T18:47:44Z,2023-02-09,31730,3013,Online,Credit Card,COUPON028,40.88,AUD
9669,2023-10-22T03:20:21Z,2023-10-22,67023,984,Retail,Credit Card,COUPON029,39.55,USD
9670,2024-08-15T03:38:10Z,2024-08-15,5376,4605,Online,PayPal,COUPON004,38.41,AUD
9671,2023-07-27T05:02:46Z,2023-07-27,71288,988,Franchise,Cash,COUPON013,6.52,AUD
9672,2023-01-02T19:19:19Z,2023-01-02,15816,2494,Retail,Credit Card,,11.34,AUD
9673,2023-01-21T18:48:09Z,2023-01-21,69368,1893,Franchise,Credit Card,COUPON041,24.58,USD
9674,2023-08-12T05:48:21Z,2023-08-12,4793,3220,Online,Cash,COUPON044,33.59,EUR
9675,2023-09-03T19:45:29Z,2023-09-03,62021,3543,Retail,Afterpay,COUPON047,2.45,EUR
9676,2023-06-06T08:48:57Z,2023-06-06,36104,4685,Online,PayPal,COUPON029,9.39,AUD
9677,2023-04-03T03:43:52Z,2023-04-03,56631,117,Retail,PayPal,COUPON036,18.69,EUR
9678,2024-02-14T20:20:34Z,2024-02-14,76554,573,Retail,Afterpay,COUPON007,20.54,USD
9679,2023-04-28T08:59:01Z,2023-04-28,53140,3092,Franchise,Credit Card,COUPON040,11.28,EUR
9680,2024-07-08T04:40:10Z,2024-07-08,62584,58,Retail,Gift Card,COUPON049,1.03,AUD
9681,2023-08-26T08:27:45Z,2023-08-26,24199,2950,Franchise,Gift Card,COUPON043,32.73,USD
9682,2024-09-26T16:37:48Z,2024-09-26,29146,2119,Online,Afterpay,COUPON007,44.01,AUD
9683,2023-01-10T16:57:42Z,2023-01-10,79657,2814,Retail,Credit Card,COUPON034,6.42,AUD
9684,2024-01-12T09:59:30Z,2024-01-12,37673,2096,Franchise,PayPal,COUPON029,27.84,EUR
9685,2024-08-20T12:46:48Z,2024-08-20,70700,276,Retail,Credit Card,COUPON044,41.03,AUD
9686,2023-04-19T06:22:42Z,2023-04-19,41796,626,Online,PayPal,COUPON029,8.19,USD
9687,2023-12-01T09:42:53Z,2023-12-01,35640,798,Online,Gift Card,COUPON038,29.96,USD
9688,2024-08-09T10:23:11Z,2024-08-09,42785,2465,Online,PayPal,COUPON020,34.33,EUR
9689,2023-05-30T22:37:01Z,2023-05-30,57199,2967,Franchise,Afterpay,COUPON044,5.17,USD
9690,2023-09-13T05:29:01Z,2023-09-13,47480,4230,Franchise,Credit Card,COUPON037,23.32,USD
9691,2024-03-09T13:46:54Z,2024-03-09,23447,4382,Retail,PayPal,,13.32,USD
9692,2024-08-26T17:51:27Z,2024-08-26,9384,1493,Online,Credit Card,COUPON004,35.20,EUR
9693,2024-04-08T03:58:47Z,2024-04-08,11007,961,Online,Afterpay,COUPON003,42.91,USD
9694,2023-05-10T02:45:46Z,2023-05-10,7058,969,Online,Afterpay,COUPON004,35.56,AUD
9695,2024-06-21T21:30:53Z,2024-06-21,67277,2975,Online,Credit Card,COUPON004,34.15,USD
9696,2023-09-14T17:10:24Z,2023-09-14,14629,554,Franchise,Credit Card,COUPON009,43.16,EUR
9697,2024-03-15T12:26:06Z,2024-03-15,61241,491,Online,Afterpay,COUPON032,30.98,USD
9698,2023-07-25T15:42:10Z,2023-07-25,6765,2507,Franchise,Afterpay,COUPON042,36.84,USD
9699,2023-10-11T20:48:34Z,2023-10-11,44029,1042,Retail,Cash,COUPON046,0.73,USD
9700,2024-01-19T01:44:51Z,2024-01-19,48998,3099,Retail,Cash,COUPON002,31.93,EUR
9701,2023-09-19T04:23:45Z,2023-09-19,5029,2363,Retail,Afterpay,COUPON010,17.64,AUD
9702,2023-04-25T13:38:40Z,2023-04-25,7450,1083,Online,PayPal,COUPON016,17.74,USD
9703,2023-06-05T13:58:02Z,2023-06-05,30738,1502,Franchise,Credit Card,COUPON026,18.08,EUR
9704,2024-02-08T06:57:58Z,2024-02-08,50997,2931,Online,Gift Card,COUPON012,5.96,USD
9705,2023-12-07T22:42:33Z,2023-12-07,68281,3280,Online,Afterpay,COUPON008,33.65,EUR
9706,2024-03-30T16:13:16Z,2024-03-30,12078,3584,Retail,Credit Card,COUPON043,5.47,AUD
9707,2023-06-16T12:59:01Z,2023-06-16,75159,4328,Online,Afterpay,COUPON010,8.31,EUR
9708,2024-01-23T23:40:37Z,2024-01-23,13465,4505,Retail,Gift Card,COUPON038,41.62,AUD
9709,2023-07-20T21:47:45Z,2023-07-20,29586,4831,Franchise,Cash,COUPON048,4.11,EUR
9710,2023-06-30T16:34:27Z,2023-06-30,8939,4420,Franchise,Credit Card,COUPON036,17.86,AUD
9711,2024-01-27T04:46:10Z,2024-01-27,69216,2682,Retail,PayPal,COUPON036,2.71,EUR
9712,2024-04-05T01:40:33Z,2024-04-05,36079,1547,Franchise,Cash,COUPON041,40.66,AUD
9713,2024-05-20T06:05:44Z,2024-05-20,7190,3276,Online,PayPal,COUPON012,43.96,AUD
9714,2023-08-31T18:03:42Z,2023-08-31,18832,90,Franchise,PayPal,COUPON050,0.33,EUR
9715,2023-07-14T02:12:10Z,2023-07-14,78640,3356,Franchise,Gift Card,COUPON034,4.03,EUR
9716,2024-07-19T09:30:38Z,2024-07-19,20815,676,Retail,Credit Card,COUPON020,46.23,USD
9717,2023-08-31T20:38:39Z,2023-08-31,71611,3982,Franchise,Afterpay,COUPON018,8.52,AUD
9718,2024-02-20T20:33:59Z,2024-02-20,62370,552,Retail,Afterpay,COUPON019,9.13,AUD
9719,2024-09-21T12:38:43Z,2024-09-21,19052,2822,Online,Credit Card,COUPON036,30.17,EUR
9720,2023-03-25T16:39:06Z,2023-03-25,33689,189,Franchise,PayPal,COUPON006,22.79,AUD
9721,2024-03-12T23:30:04Z,2024-03-12,31352,842,Online,Cash,COUPON013,30.95,AUD
9722,2023-09-11T10:05:07Z,2023-09-11,30290,929,Online,PayPal,COUPON032,43.41,EUR
9723,2024-07-31T11:03:52Z,2024-07-31,22903,4831,Franchise,PayPal,COUPON007,1.97,EUR
9724,2024-01-26T19:06:46Z,2024-01-26,48026,1723,Retail,Cash,COUPON005,4.96,AUD
9725,2024-08-09T01:07:28Z,2024-08-09,12694,1336,Franchise,Gift Card,COUPON041,10.39,EUR
9726,2024-02-26T07:11:48Z,2024-02-26,38299,4891,Online,Gift Card,COUPON024,16.60,AUD
9727,2024-01-05T15:27:10Z,2024-01-05,58651,4582,Retail,Cash,COUPON011,37.20,USD
9728,2023-02-18T02:41:05Z,2023-02-18,17835,3033,Online,Afterpay,COUPON007,2.03,USD
9729,2023-06-04T04:19:17Z,2023-06-04,74290,573,Retail,PayPal,COUPON027,5.90,EUR
9730,2023-02-25T05:25:49Z,2023-02-25,7547,3841,Retail,PayPal,COUPON038,21.72,USD
9731,2024-04-25T17:06:44Z,2024-04-25,41443,4277,Online,Gift Card,COUPON001,48.91,EUR
9732,2023-04-12T20:11:23Z,2023-04-12,72608,1839,Online,Afterpay,COUPON040,13.83,USD
9733,2024-01-06T16:58:51Z,2024-01-06,39607,1316,Retail,Afterpay,COUPON008,9.71,EUR
9734,2023-12-25T23:06:21Z,2023-12-25,62512,2553,Franchise,Afterpay,COUPON024,12.29,EUR
9735,2024-08-19T13:34:52Z,2024-08-19,412,570,Retail,Gift Card,COUPON013,21.88,AUD
9736,2024-10-01T04:32:29Z,2024-10-01,58134,2416,Retail,Afterpay,COUPON005,47.84,AUD
9737,2024-03-06T10:52:43Z,2024-03-06,10976,3413,Retail,Afterpay,COUPON030,26.06,AUD
9738,2024-06-11T23:12:28Z,2024-06-11,21186,2445,Retail,Cash,COUPON021,34.32,EUR
9739,2023-01-22T03:01:26Z,2023-01-22,60654,3626,Franchise,PayPal,COUPON016,7.27,AUD
9740,2024-09-09T10:30:53Z,2024-09-09,27121,1009,Franchise,Cash,COUPON046,17.99,AUD
9741,2023-09-24T09:45:12Z,2023-09-24,10300,4431,Retail,PayPal,COUPON001,49.23,USD
9742,2023-01-29T11:06:14Z,2023-01-29,5064,4454,Online,Gift Card,COUPON041,20.88,USD
9743,2024-05-22T06:49:24Z,2024-05-22,38903,15,Franchise,Afterpay,COUPON032,29.41,EUR
9744,2024-04-28T09:49:46Z,2024-04-28,69768,4823,Online,Credit Card,COUPON015,42.71,AUD
9745,2023-06-15T22:19:37Z,2023-06-15,61120,4685,Online,Afterpay,COUPON009,30.34,USD
9746,2024-02-13T22:03:26Z,2024-02-13,51852,1545,Franchise,Gift Card,COUPON038,47.42,EUR
9747,2024-07-18T07:34:28Z,2024-07-18,78550,1245,Franchise,Gift Card,COUPON029,13.55,USD
9748,2024-02-25T20:07:04Z,2024-02-25,14191,572,Online,Cash,COUPON013,11.91,USD
9749,2024-04-28T15:59:05Z,2024-04-28,15033,4222,Retail,Afterpay,COUPON026,13.23,AUD
9750,2023-04-12T20:55:32Z,2023-04-12,8238,2942,Retail,PayPal,COUPON012,23.63,AUD
9751,2023-08-22T04:51:56Z,2023-08-22,36799,3933,Franchise,Afterpay,COUPON025,29.43,EUR
9752,2023-01-23T15:51:10Z,2023-01-23,16274,3633,Franchise,Gift Card,COUPON014,6.63,EUR
9753,2023-10-20T23:26:03Z,2023-10-20,44088,1878,Franchise,Gift Card,COUPON033,23.73,USD
9754,2023-04-26T21:22:44Z,2023-04-26,3939,2093,Online,Gift Card,COUPON035,0.96,AUD
9755,2024-08-01T21:23:07Z,2024-08-01,34861,1174,Online,Afterpay,COUPON043,44.66,USD
9756,2023-11-30T12:09:35Z,2023-11-30,7344,4742,Online,Gift Card,COUPON041,14.82,AUD
9757,2023-09-30T02:22:49Z,2023-09-30,26876,2836,Online,PayPal,COUPON009,21.02,AUD
9758,2023-02-09T18:07:29Z,2023-02-09,3782,461,Franchise,Gift Card,COUPON005,12.81,AUD
9759,2023-07-07T14:11:59Z,2023-07-07,64791,4260,Retail,PayPal,COUPON001,26.34,EUR
9760,2024-08-11T14:56:42Z,2024-08-11,50738,1840,Franchise,Gift Card,COUPON033,29.72,USD
9761,2023-12-25T10:53:20Z,2023-12-25,62422,4787,Online,Gift Card,COUPON013,48.78,USD
9762,2023-09-18T22:30:25Z,2023-09-18,39028,4963,Online,Afterpay,COUPON021,23.38,AUD
9763,2024-09-06T04:57:49Z,2024-09-06,23826,1957,Online,Gift Card,COUPON005,39.79,USD
9764,2023-03-26T04:20:21Z,2023-03-26,73332,243,Online,Credit Card,COUPON048,25.64,USD
9765,2023-01-30T18:11:28Z,2023-01-30,18480,4484,Franchise,Cash,COUPON040,3.16,EUR
9766,2023-05-23T10:13:50Z,2023-05-23,33668,3527,Franchise,PayPal,COUPON013,44.90,EUR
9767,2023-10-28T19:05:54Z,2023-10-28,11373,876,Retail,Cash,COUPON009,30.79,USD
9768,2024-02-23T21:11:55Z,2024-02-23,51276,568,Retail,Gift Card,COUPON039,48.97,AUD
9769,2024-06-23T17:26:00Z,2024-06-23,41236,404,Retail,Credit Card,COUPON032,19.87,USD
9770,2023-06-07T10:06:03Z,2023-06-07,48245,1738,Online,Cash,COUPON007,12.10,USD
9771,2023-07-29T17:42:10Z,2023-07-29,50305,246,Online,Cash,COUPON028,34.14,EUR
9772,2023-02-17T03:47:31Z,2023-02-17,20570,872,Online,Credit Card,COUPON033,34.61,USD
9773,2023-08-29T14:39:30Z,2023-08-29,26224,235,Franchise,Cash,COUPON035,39.22,AUD
9774,2023-10-16T19:49:06Z,2023-10-16,57480,2591,Franchise,Credit Card,COUPON045,17.11,USD
9775,2023-11-20T01:08:02Z,2023-11-20,22118,325,Franchise,Credit Card,COUPON026,39.23,AUD
9776,2023-03-10T10:44:16Z,2023-03-10,62665,3563,Franchise,Cash,COUPON009,47.78,EUR
9777,2023-08-26T14:38:12Z,2023-08-26,44359,1764,Online,Cash,COUPON042,35.32,AUD
9778,2024-03-15T23:19:38Z,2024-03-15,15113,396,Online,Afterpay,COUPON004,4.22,EUR
9779,2023-11-19T12:29:03Z,2023-11-19,67033,2221,Franchise,Gift Card,COUPON027,7.69,USD
9780,2023-07-15T07:32:26Z,2023-07-15,14420,961,Retail,Afterpay,COUPON001,48.66,EUR
9781,2023-03-22T07:36:10Z,2023-03-22,721,758,Retail,Afterpay,COUPON043,21.80,EUR
9782,2023-08-11T15:15:20Z,2023-08-11,72953,3036,Online,Afterpay,COUPON013,20.00,AUD
9783,2024-02-25T09:36:51Z,2024-02-25,55307,4860,Franchise,Credit Card,COUPON012,22.83,EUR
9784,2024-02-21T07:46:47Z,2024-02-21,14081,4229,Online,Afterpay,COUPON046,35.38,EUR
9785,2023-04-12T18:28:23Z,2023-04-12,73102,1208,Franchise,Credit Card,COUPON037,45.48,AUD
9786,2023-01-26T16:30:24Z,2023-01-26,43384,181,Franchise,Cash,COUPON033,27.11,AUD
9787,2023-04-04T16:35:17Z,2023-04-04,75017,1394,Franchise,Afterpay,COUPON012,34.55,USD
9788,2024-09-13T22:23:03Z,2024-09-13,14442,2027,Online,Gift Card,COUPON041,21.44,EUR
9789,2024-05-10T07:02:04Z,2024-05-10,28570,1970,Franchise,PayPal,COUPON016,30.13,USD
9790,2023-04-26T18:01:12Z,2023-04-26,71245,1271,Online,Cash,COUPON029,48.68,AUD
9791,2023-05-28T22:58:23Z,2023-05-28,21872,3868,Franchise,Afterpay,COUPON002,5.23,USD
9792,2024-05-03T11:34:49Z,2024-05-03,25570,203,Retail,Gift Card,COUPON035,28.12,EUR
9793,2023-12-19T06:59:43Z,2023-12-19,78847,1741,Online,Cash,COUPON023,42.09,AUD
9794,2023-11-12T15:49:45Z,2023-11-12,44907,1517,Online,Gift Card,COUPON044,41.97,EUR
9795,2023-06-29T08:52:21Z,2023-06-29,37400,573,Franchise,Afterpay,COUPON022,45.69,EUR
9796,2023-05-15T02:14:14Z,2023-05-15,54629,3299,Franchise,Credit Card,COUPON032,47.74,EUR
9797,2023-02-23T06:18:19Z,2023-02-23,18099,4168,Retail,Afterpay,COUPON028,35.77,EUR
9798,2023-01-28T21:54:57Z,2023-01-28,19203,3746,Franchise,Credit Card,COUPON029,30.96,EUR
9799,2024-04-01T17:05:49Z,2024-04-01,72803,3068,Online,Cash,COUPON004,38.62,AUD
9800,2023-01-14T05:11:56Z,2023-01-14,33699,4934,Retail,Afterpay,COUPON017,41.51,AUD
9801,2023-02-28T14:41:37Z,2023-02-28,13528,1664,Online,Cash,COUPON040,13.43,USD
9802,2024-03-29T21:54:08Z,2024-03-29,36289,2208,Online,Gift Card,COUPON039,21.69,USD
9803,2024-07-23T01:35:56Z,2024-07-23,30756,2482,Online,Credit Card,COUPON002,32.06,USD
9804,2023-12-28T01:17:08Z,2023-12-28,7031,4838,Franchise,Cash,COUPON026,9.28,EUR
9805,2023-09-23T12:15:51Z,2023-09-23,51493,4574,Online,Afterpay,COUPON019,17.65,EUR
9806,2024-06-30T01:48:18Z,2024-06-30,64262,1937,Franchise,Gift Card,COUPON025,3.30,AUD
9807,2023-11-27T18:50:07Z,2023-11-27,60844,2571,Online,Afterpay,COUPON014,14.02,EUR
9808,2024-03-24T04:44:51Z,2024-03-24,78209,4931,Online,Gift Card,COUPON039,13.08,EUR
9809,2023-01-09T16:43:14Z,2023-01-09,34798,917,Retail,Afterpay,COUPON044,20.99,EUR
9810,2023-11-21T22:41:18Z,2023-11-21,13377,532,Retail,Credit Card,COUPON024,23.01,EUR
9811,2024-04-12T07:55:04Z,2024-04-12,71075,4456,Retail,PayPal,COUPON004,46.12,AUD
9812,2024-05-09T01:47:12Z,2024-05-09,32353,3379,Online,PayPal,COUPON012,41.87,USD
9813,2023-01-09T22:06:11Z,2023-01-09,28190,4896,Retail,Afterpay,COUPON005,24.09,EUR
9814,2023-02-28T21:41:33Z,2023-02-28,52292,456,Retail,Gift Card,COUPON001,8.28,AUD
9815,2023-08-16T13:38:16Z,2023-08-16,61393,4844,Retail,Credit Card,COUPON048,14.47,EUR
9816,2024-02-15T07:20:09Z,2024-02-15,21307,4091,Franchise,Credit Card,COUPON007,21.35,EUR
9817,2023-06-28T13:59:56Z,2023-06-28,13504,3605,Franchise,Credit Card,COUPON039,18.54,USD
9818,2024-05-11T16:37:45Z,2024-05-11,46661,1696,Franchise,PayPal,COUPON036,31.37,EUR
9819,2023-03-22T09:16:19Z,2023-03-22,2559,3172,Franchise,PayPal,COUPON050,35.38,USD
9820,2023-05-28T23:47:50Z,2023-05-28,21737,3206,Retail,Gift Card,COUPON050,5.68,USD
9821,2024-01-15T09:59:16Z,2024-01-15,49964,3902,Retail,Credit Card,COUPON002,20.34,USD
9822,2023-07-09T17:39:19Z,2023-07-09,66994,3660,Online,Afterpay,COUPON035,0.26,EUR
9823,2023-08-19T05:13:21Z,2023-08-19,30465,2325,Retail,Credit Card,COUPON026,49.81,EUR
9824,2024-04-10T23:29:54Z,2024-04-10,11657,2198,Online,Cash,COUPON013,37.13,USD
9825,2023-05-11T15:13:24Z,2023-05-11,46579,3577,Online,PayPal,COUPON020,38.68,USD
9826,2023-12-19T08:13:34Z,2023-12-19,38742,4565,Online,Gift Card,COUPON022,9.63,USD
9827,2024-03-15T11:40:45Z,2024-03-15,45403,2785,Retail,PayPal,COUPON002,35.07,USD
9828,2023-12-05T20:25:30Z,2023-12-05,59926,4710,Franchise,Credit Card,COUPON028,17.67,EUR
9829,2024-09-08T02:47:08Z,2024-09-08,18587,3543,Online,Cash,COUPON049,48.73,USD
9830,2024-09-18T19:46:56Z,2024-09-18,3723,4844,Retail,Cash,COUPON008,29.30,USD
9831,2024-02-10T13:29:29Z,2024-02-10,37385,3377,Online,Gift Card,COUPON001,41.05,EUR
9832,2024-06-09T12:41:05Z,2024-06-09,49449,4035,Online,PayPal,COUPON044,15.84,AUD
9833,2023-07-25T03:36:57Z,2023-07-25,69829,421,Online,Cash,COUPON001,28.62,AUD
9834,2023-02-21T19:20:39Z,2023-02-21,33221,874,Franchise,PayPal,COUPON031,13.03,AUD
9835,2023-07-16T13:16:43Z,2023-07-16,83161,5370,Retail,PayPal,COUPON006,36.51,EUR
9836,2024-07-13T20:44:15Z,2024-07-13,14175,4062,Online,Afterpay,COUPON032,48.12,AUD
9837,2023-03-21T15:13:48Z,2023-03-21,44235,4139,Online,PayPal,COUPON036,28.04,EUR
9838,2023-12-19T08:07:44Z,2023-12-19,49247,3188,Retail,Afterpay,COUPON010,25.61,EUR
9839,2024-03-13T01:51:28Z,2024-03-13,11278,2537,Franchise,Credit Card,COUPON049,7.56,AUD
9840,2023-12-16T02:34:48Z,2023-12-16,71168,4243,Online,PayPal,COUPON001,16.51,AUD
9841,2024-07-21T01:50:59Z,2024-07-21,76150,1524,Retail,PayPal,COUPON042,8.91,EUR
9842,2024-09-26T14:13:32Z,2024-09-26,60713,4113,Online,Gift Card,COUPON005,11.35,AUD
9843,2024-06-01T13:09:31Z,2024-06-01,78071,3981,Franchise,Afterpay,COUPON001,1.71,USD
9844,2024-05-09T13:17:58Z,2024-05-09,36194,2759,Online,Afterpay,COUPON019,3.63,USD
9845,2023-09-04T08:32:22Z,2023-09-04,79757,1234,Franchise,PayPal,COUPON021,40.33,AUD
9846,2023-08-11T04:58:09Z,2023-08-11,31983,4782,Online,Credit Card,COUPON048,1.25,EUR
9847,2024-06-04T03:40:10Z,2024-06-04,40627,2245,Online,Cash,COUPON044,17.28,AUD
9848,2023-10-14T17:07:45Z,2023-10-14,16689,3547,Online,Credit Card,COUPON016,37.17,USD
9849,2023-08-15T12:46:28Z,2023-08-15,14620,245,Retail,Afterpay,COUPON030,5.21,EUR
9850,2024-06-27T16:18:06Z,2024-06-27,29625,771,Franchise,PayPal,COUPON040,27.64,AUD
9851,2024-06-06T12:27:28Z,2024-06-06,29855,1535,Online,Gift Card,COUPON021,48.09,USD
9852,2024-04-23T11:04:27Z,2024-04-23,38212,4455,Retail,Gift Card,COUPON035,34.78,USD
9853,2023-02-21T19:23:26Z,2023-02-21,40811,828,Franchise,Gift Card,COUPON027,27.64,USD
9854,2023-01-18T13:59:49Z,2023-01-18,44028,1475,Online,Cash,COUPON016,10.56,USD
9855,2024-01-12T03:23:19Z,2024-01-12,29457,4151,Online,Cash,COUPON037,19.24,AUD
9856,2023-04-25T07:22:20Z,2023-04-25,29429,2495,Retail,Credit Card,COUPON021,28.33,USD
9857,2023-04-25T20:26:10Z,2023-04-25,14573,3187,Retail,Cash,COUPON033,26.54,USD
9858,2023-03-01T17:14:48Z,2023-03-01,46051,2901,Retail,Afterpay,COUPON004,17.48,AUD
9859,2024-09-05T10:41:50Z,2024-09-05,34939,1086,Franchise,Credit Card,COUPON032,15.98,EUR
9860,2023-09-16T11:49:22Z,2023-09-16,29039,2,Retail,Gift Card,COUPON034,20.56,USD
9861,2024-03-12T15:34:17Z,2024-03-12,6939,4749,Retail,Credit Card,COUPON004,5.52,AUD
9862,2024-04-19T05:31:34Z,2024-04-19,40919,4433,Franchise,Gift Card,COUPON040,48.04,USD
9863,2024-05-22T20:52:06Z,2024-05-22,60646,1590,Retail,Credit Card,COUPON006,14.69,AUD
9864,2024-01-26T23:02:53Z,2024-01-26,28278,1880,Online,Cash,COUPON010,23.98,USD
9865,2024-04-05T12:28:43Z,2024-04-05,78833,1350,Franchise,Cash,COUPON012,36.60,AUD
9866,2023-02-07T20:17:32Z,2023-02-07,37799,2252,Online,Afterpay,COUPON030,2.62,USD
9867,2024-07-20T17:45:48Z,2024-07-20,4722,1454,Franchise,PayPal,COUPON012,28.21,EUR
9868,2023-11-05T02:28:34Z,2023-11-05,1923,2015,Franchise,Gift Card,COUPON036,9.05,USD
9869,2023-08-24T15:28:55Z,2023-08-24,31496,2740,Retail,Gift Card,COUPON037,45.14,EUR
9870,2024-05-31T17:58:00Z,2024-05-31,69435,4576,Retail,Credit Card,COUPON038,40.07,USD
9871,2023-10-21T12:00:15Z,2023-10-21,61027,469,Retail,Afterpay,COUPON029,32.10,EUR
9872,2023-09-20T21:15:08Z,2023-09-20,61293,3814,Online,Cash,COUPON030,41.24,USD
9873,2023-12-05T14:57:49Z,2023-12-05,35558,3345,Online,Afterpay,COUPON016,45.45,EUR
9874,2023-05-04T04:05:07Z,2023-05-04,51312,4212,Franchise,Credit Card,COUPON012,33.03,USD
9875,2024-07-26T09:58:09Z,2024-07-26,40566,548,Retail,Cash,COUPON041,23.75,AUD
9876,2023-07-11T20:58:43Z,2023-07-11,33671,1496,Online,Gift Card,COUPON048,16.94,USD
9877,2023-06-04T07:22:48Z,2023-06-04,28376,3162,Retail,Gift Card,COUPON006,44.44,AUD
9878,2024-08-18T18:39:19Z,2024-08-18,43879,3829,Franchise,PayPal,COUPON050,26.94,EUR
9879,2023-07-26T19:38:36Z,2023-07-26,47717,1231,Franchise,Gift Card,COUPON023,26.95,AUD
9880,2023-06-30T12:31:01Z,2023-06-30,46246,166,Franchise,Cash,COUPON048,4.88,AUD
9881,2023-05-27T00:19:59Z,2023-05-27,11938,3172,Retail,Credit Card,COUPON007,37.37,EUR
9882,2023-08-30T01:22:40Z,2023-08-30,27680,579,Franchise,Afterpay,COUPON031,38.44,EUR
9883,2023-01-14T10:02:10Z,2023-01-14,17128,1553,Franchise,Credit Card,COUPON035,43.03,USD
9884,2024-05-01T18:00:00Z,2024-05-01,51414,3208,Online,PayPal,COUPON008,30.33,USD
9885,2024-05-03T05:58:14Z,2024-05-03,5377,4759,Online,Afterpay,COUPON047,2.02,USD
9886,2023-02-14T11:02:40Z,2023-02-14,23362,2265,Franchise,Cash,COUPON026,48.58,USD
9887,2024-06-22T17:10:22Z,2024-06-22,76387,4140,Online,Afterpay,COUPON011,9.64,USD
9888,2023-10-16T15:19:30Z,2023-10-16,78482,971,Franchise,PayPal,COUPON003,37.52,EUR
9889,2024-01-17T19:38:43Z,2024-01-17,64989,1805,Franchise,Credit Card,COUPON004,25.22,USD
9890,2024-06-06T22:37:21Z,2024-06-06,27710,1350,Online,Gift Card,COUPON027,29.33,EUR
9891,2023-10-11T17:52:38Z,2023-10-11,15813,1845,Online,Afterpay,COUPON041,14.83,USD
9892,2023-07-18T19:09:54Z,2023-07-18,13486,1085,Retail,PayPal,COUPON050,48.59,EUR
9893,2024-05-05T01:31:19Z,2024-05-05,8408,1400,Online,Gift Card,COUPON035,37.09,AUD
9894,2023-06-20T05:22:48Z,2023-06-20,44581,2495,Franchise,Cash,COUPON004,42.31,AUD
9895,2024-05-26T22:07:08Z,2024-05-26,40397,1936,Franchise,Cash,COUPON042,35.71,EUR
9896,2023-04-20T23:36:08Z,2023-04-20,75186,3605,Franchise,PayPal,COUPON030,16.48,EUR
9897,2024-02-01T01:46:45Z,2024-02-01,76723,4878,Retail,Credit Card,COUPON014,4.24,EUR
9898,2024-09-16T23:04:51Z,2024-09-16,75606,1716,Retail,Credit Card,COUPON010,13.86,AUD
9899,2023-10-20T18:39:56Z,2023-10-20,33764,4182,Online,Credit Card,COUPON009,33.47,USD
9900,2024-08-01T11:17:56Z,2024-08-01,28920,3252,Franchise,Cash,COUPON010,41.40,AUD
9901,2023-09-18T17:17:51Z,2023-09-18,32837,2626,Online,Afterpay,COUPON004,42.74,EUR
9902,2023-01-08T17:51:21Z,2023-01-08,35250,2286,Retail,PayPal,COUPON033,21.97,EUR
9903,2024-08-09T14:12:33Z,2024-08-09,49535,3195,Retail,Credit Card,COUPON046,6.97,AUD
9904,2024-07-01T14:45:16Z,2024-07-01,19420,627,Franchise,Gift Card,COUPON045,48.53,EUR
9905,2024-03-27T05:16:53Z,2024-03-27,68154,4103,Online,PayPal,,4.71,USD
9906,2023-11-12T06:30:43Z,2023-11-12,68039,4793,Retail,Afterpay,COUPON015,8.76,USD
9907,2024-09-06T17:29:23Z,2024-09-06,33747,3478,Online,Credit Card,COUPON038,25.62,USD
9908,2024-01-28T09:13:50Z,2024-01-28,4708,2406,Franchise,Credit Card,COUPON014,29.17,AUD
9909,2023-03-05T17:48:12Z,2023-03-05,22584,133,Franchise,Credit Card,COUPON038,14.67,EUR
9910,2024-03-29T17:26:29Z,2024-03-29,17109,4385,Online,PayPal,COUPON002,2.82,AUD
9911,2023-04-25T19:03:37Z,2023-04-25,44834,1095,Franchise,Credit Card,COUPON042,45.60,AUD
9912,2023-09-03T06:39:15Z,2023-09-03,72793,3983,Franchise,PayPal,COUPON010,26.44,AUD
9913,2023-05-02T13:01:02Z,2023-05-02,68168,2583,Online,Cash,COUPON003,10.66,AUD
9914,2023-03-02T14:50:13Z,2023-03-02,17981,1880,Franchise,Afterpay,COUPON017,22.03,EUR
9915,2023-12-29T12:17:39Z,2023-12-29,6666,2958,Online,PayPal,COUPON009,45.99,EUR
9916,2024-03-13T02:13:10Z,2024-03-13,3789,4899,Online,Gift Card,COUPON027,20.72,USD
9917,2023-01-17T20:17:47Z,2023-01-17,58304,250,Franchise,PayPal,COUPON025,17.84,AUD
9918,2024-09-18T03:22:23Z,2024-09-18,85341,5554,Retail,Cash,COUPON042,34.16,AUD
9919,2024-02-26T20:37:15Z,2024-02-26,64938,2504,Online,Cash,COUPON033,28.51,USD
9920,2023-11-04T12:08:02Z,2023-11-04,37296,495,Franchise,Credit Card,COUPON036,20.28,EUR
9921,2024-07-30T12:15:34Z,2024-07-30,40986,3656,Franchise,Cash,COUPON015,2.24,USD
9922,2023-10-03T02:13:22Z,2023-10-03,22044,1342,Franchise,Afterpay,COUPON002,34.97,USD
9923,2023-08-08T11:07:48Z,2023-08-08,56469,3559,Retail,PayPal,,22.23,EUR
9924,2024-05-20T03:48:19Z,2024-05-20,49040,4108,Retail,Cash,COUPON001,49.12,AUD
9925,2023-10-02T17:13:44Z,2023-10-02,61406,4250,Retail,Credit Card,COUPON014,17.85,USD
9926,2023-04-28T22:52:07Z,2023-04-28,2719,4508,Online,Credit Card,COUPON044,33.29,AUD
9927,2023-07-05T14:51:51Z,2023-07-05,56487,4531,Retail,Afterpay,COUPON043,41.05,EUR
9928,2024-03-17T21:54:48Z,2024-03-17,4967,1900,Online,Afterpay,COUPON008,17.26,USD
9929,2023-03-24T07:55:16Z,2023-03-24,45933,1668,Online,Gift Card,COUPON041,18.39,EUR
9930,2023-10-29T19:32:13Z,2023-10-29,47053,3335,Retail,Afterpay,COUPON045,31.03,AUD
9931,2023-04-28T16:29:44Z,2023-04-28,68547,2725,Retail,Cash,COUPON001,26.75,AUD
9932,2023-04-10T10:35:34Z,2023-04-10,8186,2265,Franchise,PayPal,COUPON049,38.85,AUD
9933,2023-05-03T13:37:38Z,2023-05-03,38392,1034,Franchise,Gift Card,COUPON027,20.38,USD
9934,2024-09-10T13:40:58Z,2024-09-10,18121,640,Online,Gift Card,COUPON030,0.46,AUD
9935,2023-08-14T11:30:14Z,2023-08-14,4028,4933,Online,Afterpay,COUPON012,13.64,AUD
9936,2024-03-04T19:09:34Z,2024-03-04,16028,1632,Retail,Gift Card,COUPON036,46.45,AUD
9937,2023-10-02T08:29:42Z,2023-10-02,32568,181,Retail,Gift Card,COUPON028,29.01,EUR
9938,2023-01-08T18:32:20Z,2023-01-08,38251,3033,Retail,Credit Card,COUPON025,46.56,USD
9939,2024-07-05T03:39:44Z,2024-07-05,29152,1367,Online,Cash,COUPON036,46.06,USD
9940,2024-07-22T16:00:35Z,2024-07-22,76230,186,Online,Gift Card,COUPON026,6.23,EUR
9941,2023-10-05T20:06:49Z,2023-10-05,11847,1171,Online,Credit Card,COUPON005,7.90,AUD
9942,2023-03-13T20:40:59Z,2023-03-13,74207,2427,Retail,Afterpay,COUPON049,17.97,EUR
9943,2023-02-03T16:43:09Z,2023-02-03,48072,3911,Franchise,PayPal,COUPON005,7.12,AUD
9944,2023-05-29T04:25:20Z,2023-05-29,4671,998,Retail,Cash,COUPON044,28.52,AUD
9945,2023-06-15T09:20:39Z,2023-06-15,48665,3214,Online,Gift Card,COUPON021,24.18,AUD
9946,2024-08-12T16:10:28Z,2024-08-12,20650,2456,Franchise,Afterpay,COUPON045,16.00,USD
9947,2024-08-03T19:29:43Z,2024-08-03,31675,1402,Retail,Afterpay,COUPON031,14.63,USD
9948,2024-03-27T07:25:02Z,2024-03-27,15324,2183,Retail,Credit Card,COUPON034,34.72,USD
9949,2023-03-31T22:13:58Z,2023-03-31,36063,1835,Retail,Afterpay,COUPON035,36.49,EUR
9950,2023-06-19T00:58:55Z,2023-06-19,59431,1841,Franchise,Cash,COUPON010,39.60,AUD
9951,2024-09-19T02:40:44Z,2024-09-19,4594,1845,Retail,Cash,COUPON033,18.91,USD
9952,2024-07-04T23:40:16Z,2024-07-04,77071,3196,Franchise,PayPal,COUPON036,14.97,AUD
9953,2024-04-10T08:42:24Z,2024-04-10,18824,2163,Retail,PayPal,COUPON015,47.00,USD
9954,2024-07-11T22:50:00Z,2024-07-11,33737,3227,Online,Afterpay,COUPON028,10.55,EUR
9955,2023-04-01T12:30:48Z,2023-04-01,45309,1852,Retail,Credit Card,COUPON032,49.65,AUD
9956,2023-07-21T17:02:17Z,2023-07-21,38409,3939,Franchise,Gift Card,COUPON043,19.63,AUD
9957,2023-10-18T13:48:14Z,2023-10-18,65627,3637,Franchise,Afterpay,COUPON020,17.80,USD
9958,2023-10-22T09:30:37Z,2023-10-22,68822,2359,Retail,Cash,COUPON009,18.03,AUD
9959,2023-08-17T23:54:46Z,2023-08-17,29954,4754,Franchise,PayPal,COUPON023,34.00,USD
9960,2024-08-07T19:27:28Z,2024-08-07,63188,1110,Online,Credit Card,COUPON019,40.32,EUR
9961,2024-06-10T01:05:48Z,2024-06-10,8794,924,Online,Cash,COUPON031,36.37,EUR
9962,2023-08-05T09:06:47Z,2023-08-05,58006,3124,Retail,Credit Card,COUPON023,10.87,EUR
9963,2024-04-16T01:01:38Z,2024-04-16,31236,4478,Franchise,Cash,COUPON017,27.84,USD
9964,2023-01-05T05:15:30Z,2023-01-05,57673,1973,Franchise,Gift Card,COUPON026,11.30,USD
9965,2023-05-03T21:16:35Z,2023-05-03,11658,3795,Online,Gift Card,COUPON046,1.56,EUR
9966,2024-02-24T06:31:05Z,2024-02-24,71661,2541,Retail,Credit Card,COUPON028,19.71,USD
9967,2023-01-30T20:48:35Z,2023-01-30,15011,3386,Franchise,Gift Card,COUPON044,41.13,USD
9968,2024-03-21T19:32:44Z,2024-03-21,33014,1115,Franchise,Cash,COUPON012,26.99,EUR
9969,2024-07-31T13:51:53Z,2024-07-31,33547,4834,Online,Afterpay,COUPON010,12.49,EUR
9970,2024-09-23T13:30:58Z,2024-09-23,61431,2818,Online,Cash,COUPON029,25.79,AUD
9971,2023-04-14T09:19:01Z,2023-04-14,41713,1154,Retail,Afterpay,,12.19,AUD
9972,2024-05-19T07:35:02Z,2024-05-19,35221,2675,Online,Credit Card,COUPON010,15.13,AUD
9973,2023-09-23T15:12:00Z,2023-09-23,1116,2676,Franchise,Afterpay,COUPON031,19.78,AUD
9974,2024-08-11T22:09:28Z,2024-08-11,61529,4403,Retail,Cash,COUPON041,23.25,AUD
9975,2023-12-28T18:26:34Z,2023-12-28,34602,4485,Franchise,PayPal,COUPON043,23.22,USD
9976,2023-09-08T09:47:44Z,2023-09-08,66838,913,Franchise,PayPal,COUPON027,29.65,EUR
9977,2024-04-03T18:09:14Z,2024-04-03,46687,349,Retail,PayPal,COUPON005,18.14,AUD
9978,2023-11-07T17:39:41Z,2023-11-07,66030,3546,Online,Credit Card,COUPON039,6.23,AUD
9979,2024-03-12T15:05:26Z,2024-03-12,25723,2320,Retail,Gift Card,COUPON046,38.93,EUR
9980,2023-07-17T02:52:45Z,2023-07-17,28203,1896,Franchise,Cash,COUPON010,29.79,USD
9981,2024-08-05T23:25:59Z,2024-08-05,7738,227,Retail,Gift Card,COUPON046,20.30,AUD
9982,2023-11-01T19:55:51Z,2023-11-01,75290,2348,Franchise,Gift Card,COUPON006,30.62,USD
9983,2024-03-24T03:34:58Z,2024-03-24,68888,4186,Retail,Credit Card,COUPON042,33.33,USD
9984,2024-03-11T12:38:26Z,2024-03-11,4237,2476,Online,Gift Card,COUPON018,27.91,EUR
9985,2023-10-14T06:41:41Z,2023-10-14,65824,809,Online,Cash,COUPON034,12.57,EUR
9986,2024-01-05T05:14:26Z,2024-01-05,79276,4066,Online,Gift Card,COUPON037,12.60,USD
9987,2023-05-31T08:16:32Z,2023-05-31,25044,785,Franchise,Gift Card,COUPON035,33.53,AUD
9988,2023-08-18T09:36:57Z,2023-08-18,16387,2245,Franchise,Gift Card,COUPON027,41.96,AUD
9989,2024-04-14T19:52:18Z,2024-04-14,70103,4300,Retail,Gift Card,COUPON012,22.86,EUR
9990,2024-05-17T00:42:15Z,2024-05-17,32491,3081,Franchise,Credit Card,COUPON041,40.10,EUR
9991,2023-10-17T17:44:20Z,2023-10-17,48558,1883,Retail,Cash,COUPON049,47.74,USD
9992,2023-05-03T18:30:14Z,2023-05-03,32143,77,Online,Gift Card,COUPON010,7.19,EUR
9993,2024-03-01T21:54:26Z,2024-03-01,47757,4725,Online,Gift Card,COUPON049,30.75,USD
9994,2024-04-18T15:21:14Z,2024-04-18,62302,1833,Franchise,Afterpay,COUPON013,21.27,USD
9995,2023-07-06T19:22:53Z,2023-07-06,17124,3688,Retail,Afterpay,COUPON026,4.12,AUD
9996,2023-04-04T12:04:48Z,2023-04-04,79740,1401,Franchise,Gift Card,COUPON027,27.12,USD
9997,2024-05-13T11:02:28Z,2024-05-13,3692,4797,Online,Credit Card,COUPON034,9.74,USD
9998,2024-05-16T09:16:41Z,2024-05-16,42224,2463,Retail,Credit Card,COUPON041,36.48,EUR
9999,2023-11-06T07:51:58Z,2023-11-06,71688,1999,Online,Gift Card,COUPON011,10.25,AUD
10000,2024-07-13T01:42:14Z,2024-07-13,24089,2093,Retail,Credit Card,COUPON026,14.80,EUR
